,Velocity,Note,Start,Duration
0,64,0,0.0,1.0
1,64,1,1.0,1.0
2,64,1,2.0,1.0
3,64,4,3.0,1.0
4,64,1,4.0,1.0
5,64,8,4.0,1.0
6,64,1,5.0,1.0
7,64,4,6.0,1.0
8,64,14,6.0,1.0
9,64,5,8.0,1.0
10,64,8,8.0,1.0
11,64,1,8.0,1.0
12,64,1,10.0,1.0
13,64,4,10.0,1.0
14,64,11,11.0,1.0
15,64,4,12.0,1.0
16,64,16,12.0,1.0
17,64,14,12.0,1.0
18,64,1,13.0,1.0
19,64,2,14.0,1.0
20,64,4,15.0,1.0
21,64,8,16.0,1.0
22,64,12,16.0,1.0
23,64,5,16.0,1.0
24,64,10,17.0,1.0
25,64,19,19.0,1.0
26,64,23,20.0,1.0
27,64,4,20.0,1.0
28,64,1,20.0,1.0
29,64,8,20.0,1.0
30,64,7,22.0,1.0
31,64,11,22.0,1.0
32,64,18,23.0,1.0
33,64,16,24.0,1.0
34,64,14,24.0,1.0
35,64,4,24.0,1.0
36,64,17,25.0,1.0
37,64,1,26.0,1.0
38,64,26,27.0,1.0
39,64,2,28.0,1.0
40,64,30,28.0,1.0
41,64,13,29.0,1.0
42,64,4,30.0,1.0
43,64,14,30.0,1.0
44,64,25,31.0,1.0
45,64,5,32.0,1.0
46,64,12,32.0,1.0
47,64,8,32.0,1.0
48,64,28,33.0,1.0
49,64,10,34.0,1.0
50,64,32,35.0,1.0
51,64,34,36.0,1.0
52,64,21,37.0,1.0
53,64,19,38.0,1.0
54,64,22,38.0,1.0
55,64,23,40.0,1.0
56,64,4,40.0,1.0
57,64,5,40.0,1.0
58,64,9,40.0,1.0
59,64,8,40.0,1.0
60,64,1,40.0,1.0
61,64,22,41.0,1.0
62,64,11,43.0,1.0
63,64,34,44.0,1.0
64,64,7,44.0,1.0
65,64,11,44.0,1.0
66,64,18,46.0,1.0
67,64,14,46.0,1.0
68,64,20,48.0,1.0
69,64,16,48.0,1.0
70,64,14,48.0,1.0
71,64,4,50.0,1.0
72,64,17,50.0,1.0
73,64,0,50.0,1.0
74,64,4,51.0,1.0
75,64,30,52.0,1.0
76,64,1,52.0,1.0
77,64,33,53.0,1.0
78,64,26,54.0,1.0
79,64,1,54.0,1.0
80,64,11,55.0,1.0
81,64,2,56.0,1.0
82,64,30,56.0,1.0
83,64,12,56.0,1.0
84,64,10,57.0,1.0
85,64,13,58.0,1.0
86,64,32,59.0,1.0
87,64,14,60.0,1.0
88,64,16,60.0,1.0
89,64,23,60.0,1.0
90,64,4,60.0,1.0
91,64,25,62.0,1.0
92,64,6,62.0,1.0
93,64,6,63.0,1.0
94,64,5,64.0,1.0
95,64,12,64.0,1.0
96,64,1,65.0,1.0
97,64,24,65.0,1.0
98,64,28,66.0,1.0
99,64,26,67.0,1.0
100,64,16,68.0,1.0
101,64,10,68.0,1.0
102,64,12,69.0,1.0
103,64,2,70.0,1.0
104,64,32,70.0,1.0
105,64,1,71.0,1.0
106,64,34,72.0,1.0
107,64,29,73.0,1.0
108,64,21,74.0,1.0
109,64,19,75.0,1.0
110,64,19,76.0,1.0
111,64,8,76.0,1.0
112,64,22,76.0,1.0
113,64,20,77.0,1.0
114,64,21,78.0,1.0
115,64,9,80.0,1.0
116,64,4,80.0,1.0
117,64,23,80.0,1.0
118,64,8,80.0,1.0
119,64,12,80.0,1.0
120,64,5,80.0,1.0
121,64,1,81.0,1.0
122,64,22,82.0,1.0
123,64,19,83.0,1.0
124,64,30,84.0,1.0
125,64,10,85.0,1.0
126,64,14,86.0,1.0
127,64,11,86.0,1.0
128,64,3,88.0,1.0
129,64,7,88.0,1.0
130,64,11,88.0,1.0
131,64,34,88.0,1.0
132,64,0,90.0,1.0
133,64,11,91.0,1.0
134,64,14,92.0,1.0
135,64,18,92.0,1.0
136,64,34,92.0,1.0
137,64,7,93.0,1.0
138,64,6,94.0,1.0
139,64,19,95.0,1.0
140,64,8,96.0,1.0
141,64,20,96.0,1.0
142,64,16,96.0,1.0
143,64,10,97.0,1.0
144,64,4,99.0,1.0
145,64,8,100.0,1.0
146,64,23,100.0,1.0
147,64,4,100.0,1.0
148,64,0,100.0,1.0
149,64,17,100.0,1.0
150,64,1,102.0,1.0
151,64,4,102.0,1.0
152,64,15,103.0,1.0
153,64,1,104.0,1.0
154,64,30,104.0,1.0
155,64,17,105.0,1.0
156,64,33,106.0,1.0
157,64,32,107.0,1.0
158,64,26,108.0,1.0
159,64,16,108.0,1.0
160,64,1,108.0,1.0
161,64,29,109.0,1.0
162,64,11,110.0,1.0
163,64,7,110.0,1.0
164,64,22,111.0,1.0
165,64,30,112.0,1.0
166,64,2,112.0,1.0
167,64,12,112.0,1.0
168,64,28,113.0,1.0
169,64,10,114.0,1.0
170,64,26,115.0,1.0
171,64,18,115.0,1.0
172,64,13,116.0,1.0
173,64,23,116.0,1.0
174,64,22,117.0,1.0
175,64,32,118.0,1.0
176,64,21,118.0,1.0
177,64,14,120.0,1.0
178,64,23,120.0,1.0
179,64,4,120.0,1.0
180,64,16,120.0,1.0
181,64,24,120.0,1.0
182,64,28,121.0,1.0
183,64,19,123.0,1.0
184,64,25,124.0,1.0
185,64,23,124.0,1.0
186,64,6,124.0,1.0
187,64,17,125.0,1.0
188,64,14,126.0,1.0
189,64,6,126.0,1.0
190,64,25,128.0,1.0
191,64,12,128.0,1.0
192,64,0,130.0,1.0
193,64,24,130.0,1.0
194,64,1,130.0,1.0
195,64,26,131.0,1.0
196,64,28,132.0,1.0
197,64,30,132.0,1.0
198,64,7,133.0,1.0
199,64,6,134.0,1.0
200,64,26,134.0,1.0
201,64,26,135.0,1.0
202,64,16,136.0,1.0
203,64,18,136.0,1.0
204,64,10,136.0,1.0
205,64,10,137.0,1.0
206,64,12,138.0,1.0
207,64,32,139.0,1.0
208,64,32,140.0,1.0
209,64,30,140.0,1.0
210,64,34,140.0,1.0
211,64,2,140.0,1.0
212,64,1,142.0,1.0
213,64,12,143.0,1.0
214,64,34,144.0,1.0
215,64,13,145.0,1.0
216,64,9,145.0,1.0
217,64,29,146.0,1.0
218,64,4,147.0,1.0
219,64,21,148.0,1.0
220,64,8,148.0,1.0
221,64,29,149.0,1.0
222,64,19,150.0,1.0
223,64,5,151.0,1.0
224,64,22,152.0,1.0
225,64,8,152.0,1.0
226,64,19,152.0,1.0
227,64,1,153.0,1.0
228,64,20,154.0,1.0
229,64,11,155.0,1.0
230,64,25,155.0,1.0
231,64,21,156.0,1.0
232,64,16,156.0,1.0
233,64,22,157.0,1.0
234,64,21,158.0,1.0
235,64,0,160.0,1.0
236,64,4,160.0,1.0
237,64,5,160.0,1.0
238,64,9,160.0,1.0
239,64,8,160.0,1.0
240,64,23,160.0,1.0
241,64,12,160.0,1.0
242,64,31,161.0,1.0
243,64,1,162.0,1.0
244,64,11,163.0,1.0
245,64,8,164.0,1.0
246,64,22,164.0,1.0
247,64,28,165.0,1.0
248,64,19,166.0,1.0
249,64,14,166.0,1.0
250,64,1,168.0,1.0
251,64,30,168.0,1.0
252,64,10,170.0,1.0
253,64,17,170.0,1.0
254,64,19,171.0,1.0
255,64,11,172.0,1.0
256,64,14,172.0,1.0
257,64,34,172.0,1.0
258,64,12,173.0,1.0
259,64,13,174.0,1.0
260,64,32,175.0,1.0
261,64,3,176.0,1.0
262,64,7,176.0,1.0
263,64,6,176.0,1.0
264,64,34,176.0,1.0
265,64,10,177.0,1.0
266,64,26,179.0,1.0
267,64,0,180.0,1.0
268,64,34,180.0,1.0
269,64,30,180.0,1.0
270,64,21,182.0,1.0
271,64,11,182.0,1.0
272,64,12,183.0,1.0
273,64,18,184.0,1.0
274,64,14,184.0,1.0
275,64,34,184.0,1.0
276,64,21,185.0,1.0
277,64,9,185.0,1.0
278,64,7,186.0,1.0
279,64,32,187.0,1.0
280,64,23,188.0,1.0
281,64,6,188.0,1.0
282,64,27,189.0,1.0
283,64,19,190.0,1.0
284,64,22,190.0,1.0
285,64,20,191.0,1.0
286,64,8,192.0,1.0
287,64,20,192.0,1.0
288,64,25,193.0,1.0
289,64,10,194.0,1.0
290,64,4,195.0,1.0
291,64,16,196.0,1.0
292,64,33,197.0,1.0
293,64,4,198.0,1.0
294,64,1,198.0,1.0
295,64,17,200.0,1.0
296,64,4,200.0,1.0
297,64,23,200.0,1.0
298,64,8,200.0,1.0
299,64,0,200.0,1.0
300,64,9,200.0,1.0
301,64,1,201.0,1.0
302,64,11,203.0,1.0
303,64,8,204.0,1.0
304,64,4,204.0,1.0
305,64,1,204.0,1.0
306,64,22,205.0,1.0
307,64,15,206.0,1.0
308,64,14,206.0,1.0
309,64,30,208.0,1.0
310,64,5,208.0,1.0
311,64,17,210.0,1.0
312,64,9,210.0,1.0
313,64,19,211.0,1.0
314,64,33,212.0,1.0
315,64,16,212.0,1.0
316,64,21,213.0,1.0
317,64,32,214.0,1.0
318,64,20,214.0,1.0
319,64,11,215.0,1.0
320,64,1,216.0,1.0
321,64,26,216.0,1.0
322,64,12,216.0,1.0
323,64,16,216.0,1.0
324,64,10,217.0,1.0
325,64,29,218.0,1.0
326,64,26,219.0,1.0
327,64,11,220.0,1.0
328,64,23,220.0,1.0
329,64,34,220.0,1.0
330,64,7,220.0,1.0
331,64,12,222.0,1.0
332,64,22,222.0,1.0
333,64,18,223.0,1.0
334,64,30,224.0,1.0
335,64,12,224.0,1.0
336,64,0,225.0,1.0
337,64,28,226.0,1.0
338,64,32,227.0,1.0
339,64,30,228.0,1.0
340,64,10,228.0,1.0
341,64,6,229.0,1.0
342,64,18,230.0,1.0
343,64,26,230.0,1.0
344,64,14,230.0,1.0
345,64,25,231.0,1.0
346,64,23,232.0,1.0
347,64,13,232.0,1.0
348,64,28,233.0,1.0
349,64,22,234.0,1.0
350,64,4,235.0,1.0
351,64,21,236.0,1.0
352,64,34,236.0,1.0
353,64,32,236.0,1.0
354,64,1,237.0,1.0
355,64,33,238.0,1.0
356,64,14,240.0,1.0
357,64,23,240.0,1.0
358,64,20,240.0,1.0
359,64,9,240.0,1.0
360,64,24,240.0,1.0
361,64,16,240.0,1.0
362,64,1,241.0,1.0
363,64,28,242.0,1.0
364,64,26,243.0,1.0
365,64,34,244.0,1.0
366,64,19,246.0,1.0
367,64,14,246.0,1.0
368,64,23,248.0,1.0
369,64,5,248.0,1.0
370,64,25,248.0,1.0
371,64,6,248.0,1.0
372,64,17,250.0,1.0
373,64,0,250.0,1.0
374,64,32,251.0,1.0
375,64,14,252.0,1.0
376,64,30,252.0,1.0
377,64,6,252.0,1.0
378,64,21,253.0,1.0
379,64,20,254.0,1.0
380,64,4,255.0,1.0
381,64,12,256.0,1.0
382,64,25,256.0,1.0
383,64,10,257.0,1.0
384,64,4,259.0,1.0
385,64,24,260.0,1.0
386,64,30,260.0,1.0
387,64,0,260.0,1.0
388,64,1,260.0,1.0
389,64,23,260.0,1.0
390,64,12,262.0,1.0
391,64,26,262.0,1.0
392,64,18,263.0,1.0
393,64,28,264.0,1.0
394,64,30,264.0,1.0
395,64,33,265.0,1.0
396,64,0,265.0,1.0
397,64,7,266.0,1.0
398,64,11,267.0,1.0
399,64,6,268.0,1.0
400,64,26,268.0,1.0
401,64,16,268.0,1.0
402,64,6,269.0,1.0
403,64,26,270.0,1.0
404,64,1,270.0,1.0
405,64,25,271.0,1.0
406,64,16,272.0,1.0
407,64,18,272.0,1.0
408,64,28,273.0,1.0
409,64,10,274.0,1.0
410,64,19,275.0,1.0
411,64,8,276.0,1.0
412,64,12,276.0,1.0
413,64,1,277.0,1.0
414,64,32,278.0,1.0
415,64,33,278.0,1.0
416,64,30,280.0,1.0
417,64,32,280.0,1.0
418,64,12,280.0,1.0
419,64,34,280.0,1.0
420,64,2,280.0,1.0
421,64,0,280.0,1.0
422,64,22,281.0,1.0
423,64,19,283.0,1.0
424,64,1,284.0,1.0
425,64,30,284.0,1.0
426,64,10,285.0,1.0
427,64,12,286.0,1.0
428,64,14,286.0,1.0
429,64,34,288.0,1.0
430,64,20,288.0,1.0
431,64,13,290.0,1.0
432,64,4,290.0,1.0
433,64,9,290.0,1.0
434,64,26,291.0,1.0
435,64,29,292.0,1.0
436,64,34,292.0,1.0
437,64,13,293.0,1.0
438,64,12,294.0,1.0
439,64,4,294.0,1.0
440,64,32,295.0,1.0
441,64,21,296.0,1.0
442,64,8,296.0,1.0
443,64,12,296.0,1.0
444,64,10,297.0,1.0
445,64,29,298.0,1.0
446,64,32,299.0,1.0
447,64,23,300.0,1.0
448,64,8,300.0,1.0
449,64,19,300.0,1.0
450,64,5,302.0,1.0
451,64,6,303.0,1.0
452,64,22,304.0,1.0
453,64,8,304.0,1.0
454,64,17,305.0,1.0
455,64,1,306.0,1.0
456,64,4,307.0,1.0
457,64,20,308.0,1.0
458,64,16,308.0,1.0
459,64,1,309.0,1.0
460,64,25,310.0,1.0
461,64,6,310.0,1.0
462,64,11,310.0,1.0
463,64,1,311.0,1.0
464,64,21,312.0,1.0
465,64,16,312.0,1.0
466,64,29,313.0,1.0
467,64,22,314.0,1.0
468,64,11,315.0,1.0
469,64,6,315.0,1.0
470,64,21,316.0,1.0
471,64,23,316.0,1.0
472,64,28,317.0,1.0
473,64,27,318.0,1.0
474,64,5,320.0,1.0
475,64,9,320.0,1.0
476,64,0,320.0,1.0
477,64,4,320.0,1.0
478,64,12,320.0,1.0
479,64,1,321.0,1.0
480,64,31,322.0,1.0
481,64,4,323.0,1.0
482,64,23,324.0,1.0
483,64,1,324.0,1.0
484,64,24,325.0,1.0
485,64,11,326.0,1.0
486,64,14,326.0,1.0
487,64,3,328.0,1.0
488,64,22,328.0,1.0
489,64,8,328.0,1.0
490,64,24,330.0,1.0
491,64,28,330.0,1.0
492,64,32,331.0,1.0
493,64,30,332.0,1.0
494,64,14,332.0,1.0
495,64,19,332.0,1.0
496,64,13,333.0,1.0
497,64,15,334.0,1.0
498,64,26,335.0,1.0
499,64,30,336.0,1.0
500,64,1,336.0,1.0
501,64,8,336.0,1.0
502,64,10,337.0,1.0
503,64,26,339.0,1.0
504,64,17,340.0,1.0
505,64,34,340.0,1.0
506,64,16,340.0,1.0
507,64,10,340.0,1.0
508,64,19,342.0,1.0
509,64,22,342.0,1.0
510,64,15,343.0,1.0
511,64,11,344.0,1.0
512,64,34,344.0,1.0
513,64,14,344.0,1.0
514,64,0,345.0,1.0
515,64,12,345.0,1.0
516,64,12,346.0,1.0
517,64,19,347.0,1.0
518,64,8,348.0,1.0
519,64,13,348.0,1.0
520,64,28,349.0,1.0
521,64,32,350.0,1.0
522,64,22,351.0,1.0
523,64,34,352.0,1.0
524,64,3,352.0,1.0
525,64,6,352.0,1.0
526,64,28,353.0,1.0
527,64,10,354.0,1.0
528,64,1,355.0,1.0
529,64,11,355.0,1.0
530,64,16,356.0,1.0
531,64,1,357.0,1.0
532,64,2,358.0,1.0
533,64,26,358.0,1.0
534,64,34,360.0,1.0
535,64,30,360.0,1.0
536,64,17,360.0,1.0
537,64,0,360.0,1.0
538,64,28,361.0,1.0
539,64,11,363.0,1.0
540,64,11,364.0,1.0
541,64,8,364.0,1.0
542,64,21,364.0,1.0
543,64,29,365.0,1.0
544,64,12,366.0,1.0
545,64,14,366.0,1.0
546,64,25,368.0,1.0
547,64,34,368.0,1.0
548,64,14,368.0,1.0
549,64,4,370.0,1.0
550,64,9,370.0,1.0
551,64,21,370.0,1.0
552,64,4,371.0,1.0
553,64,7,372.0,1.0
554,64,34,372.0,1.0
555,64,27,373.0,1.0
556,64,32,374.0,1.0
557,64,28,374.0,1.0
558,64,19,375.0,1.0
559,64,23,376.0,1.0
560,64,18,376.0,1.0
561,64,6,376.0,1.0
562,64,10,377.0,1.0
563,64,27,378.0,1.0
564,64,32,379.0,1.0
565,64,19,380.0,1.0
566,64,8,380.0,1.0
567,64,22,380.0,1.0
568,64,30,380.0,1.0
569,64,20,382.0,1.0
570,64,1,382.0,1.0
571,64,12,383.0,1.0
572,64,20,384.0,1.0
573,64,8,384.0,1.0
574,64,20,385.0,1.0
575,64,0,385.0,1.0
576,64,25,386.0,1.0
577,64,26,387.0,1.0
578,64,23,388.0,1.0
579,64,10,388.0,1.0
580,64,5,389.0,1.0
581,64,4,390.0,1.0
582,64,21,390.0,1.0
583,64,5,391.0,1.0
584,64,16,392.0,1.0
585,64,1,393.0,1.0
586,64,33,394.0,1.0
587,64,19,395.0,1.0
588,64,1,396.0,1.0
589,64,16,396.0,1.0
590,64,4,396.0,1.0
591,64,12,397.0,1.0
592,64,13,398.0,1.0
593,64,9,400.0,1.0
594,64,4,400.0,1.0
595,64,24,400.0,1.0
596,64,0,400.0,1.0
597,64,8,400.0,1.0
598,64,17,400.0,1.0
599,64,23,400.0,1.0
600,64,31,401.0,1.0
601,64,1,402.0,1.0
602,64,11,403.0,1.0
603,64,8,404.0,1.0
604,64,1,405.0,1.0
605,64,11,406.0,1.0
606,64,14,406.0,1.0
607,64,8,408.0,1.0
608,64,1,408.0,1.0
609,64,4,408.0,1.0
610,64,0,410.0,1.0
611,64,22,410.0,1.0
612,64,4,411.0,1.0
613,64,16,412.0,1.0
614,64,15,412.0,1.0
615,64,14,412.0,1.0
616,64,2,413.0,1.0
617,64,1,414.0,1.0
618,64,19,415.0,1.0
619,64,30,416.0,1.0
620,64,5,416.0,1.0
621,64,6,416.0,1.0
622,64,10,417.0,1.0
623,64,32,419.0,1.0
624,64,30,420.0,1.0
625,64,23,420.0,1.0
626,64,9,420.0,1.0
627,64,17,420.0,1.0
628,64,28,422.0,1.0
629,64,19,422.0,1.0
630,64,12,423.0,1.0
631,64,33,424.0,1.0
632,64,16,424.0,1.0
633,64,9,425.0,1.0
634,64,21,426.0,1.0
635,64,26,427.0,1.0
636,64,32,428.0,1.0
637,64,30,428.0,1.0
638,64,20,428.0,1.0
639,64,22,429.0,1.0
640,64,14,430.0,1.0
641,64,11,430.0,1.0
642,64,20,431.0,1.0
643,64,12,432.0,1.0
644,64,16,432.0,1.0
645,64,1,432.0,1.0
646,64,25,433.0,1.0
647,64,10,434.0,1.0
648,64,19,435.0,1.0
649,64,29,436.0,1.0
650,64,34,436.0,1.0
651,64,15,437.0,1.0
652,64,13,438.0,1.0
653,64,26,438.0,1.0
654,64,11,440.0,1.0
655,64,7,440.0,1.0
656,64,34,440.0,1.0
657,64,3,440.0,1.0
658,64,17,440.0,1.0
659,64,23,440.0,1.0
660,64,1,441.0,1.0
661,64,26,443.0,1.0
662,64,22,444.0,1.0
663,64,12,444.0,1.0
664,64,34,444.0,1.0
665,64,14,446.0,1.0
666,64,18,446.0,1.0
667,64,12,448.0,1.0
668,64,5,448.0,1.0
669,64,0,450.0,1.0
670,64,19,451.0,1.0
671,64,28,452.0,1.0
672,64,30,452.0,1.0
673,64,27,453.0,1.0
674,64,32,454.0,1.0
675,64,28,454.0,1.0
676,64,11,455.0,1.0
677,64,30,456.0,1.0
678,64,10,456.0,1.0
679,64,12,456.0,1.0
680,64,10,457.0,1.0
681,64,6,458.0,1.0
682,64,11,459.0,1.0
683,64,34,460.0,1.0
684,64,18,460.0,1.0
685,64,26,460.0,1.0
686,64,23,460.0,1.0
687,64,14,460.0,1.0
688,64,1,462.0,1.0
689,64,25,462.0,1.0
690,64,18,463.0,1.0
691,64,23,464.0,1.0
692,64,7,465.0,1.0
693,64,4,465.0,1.0
694,64,28,466.0,1.0
695,64,4,467.0,1.0
696,64,16,468.0,1.0
697,64,22,468.0,1.0
698,64,5,469.0,1.0
699,64,4,470.0,1.0
700,64,6,470.0,1.0
701,64,25,471.0,1.0
702,64,21,472.0,1.0
703,64,32,472.0,1.0
704,64,34,472.0,1.0
705,64,28,473.0,1.0
706,64,1,474.0,1.0
707,64,32,475.0,1.0
708,64,8,476.0,1.0
709,64,33,476.0,1.0
710,64,12,477.0,1.0
711,64,13,478.0,1.0
712,64,20,480.0,1.0
713,64,9,480.0,1.0
714,64,16,480.0,1.0
715,64,24,480.0,1.0
716,64,8,480.0,1.0
717,64,23,480.0,1.0
718,64,1,481.0,1.0
719,64,1,482.0,1.0
720,64,4,483.0,1.0
721,64,30,484.0,1.0
722,64,28,484.0,1.0
723,64,10,485.0,1.0
724,64,14,486.0,1.0
725,64,26,486.0,1.0
726,64,5,488.0,1.0
727,64,34,488.0,1.0
728,64,0,490.0,1.0
729,64,32,491.0,1.0
730,64,14,492.0,1.0
731,64,34,492.0,1.0
732,64,19,492.0,1.0
733,64,27,493.0,1.0
734,64,28,494.0,1.0
735,64,4,495.0,1.0
736,64,23,496.0,1.0
737,64,5,496.0,1.0
738,64,6,496.0,1.0
739,64,12,496.0,1.0
740,64,10,497.0,1.0
741,64,26,499.0,1.0
742,64,8,500.0,1.0
743,64,17,500.0,1.0
744,64,0,500.0,1.0
745,64,32,502.0,1.0
746,64,1,502.0,1.0
747,64,18,503.0,1.0
748,64,6,504.0,1.0
749,64,14,504.0,1.0
750,64,30,504.0,1.0
751,64,24,505.0,1.0
752,64,21,506.0,1.0
753,64,19,507.0,1.0
754,64,16,508.0,1.0
755,64,20,508.0,1.0
756,64,5,509.0,1.0
757,64,1,510.0,1.0
758,64,4,510.0,1.0
759,64,25,511.0,1.0
760,64,25,512.0,1.0
761,64,12,512.0,1.0
762,64,28,513.0,1.0
763,64,10,514.0,1.0
764,64,15,515.0,1.0
765,64,11,515.0,1.0
766,64,23,516.0,1.0
767,64,12,517.0,1.0
768,64,4,518.0,1.0
769,64,13,518.0,1.0
770,64,0,520.0,1.0
771,64,1,520.0,1.0
772,64,23,520.0,1.0
773,64,30,520.0,1.0
774,64,24,520.0,1.0
775,64,9,520.0,1.0
776,64,22,521.0,1.0
777,64,32,523.0,1.0
778,64,12,524.0,1.0
779,64,26,524.0,1.0
780,64,23,524.0,1.0
781,64,17,525.0,1.0
782,64,18,526.0,1.0
783,64,14,526.0,1.0
784,64,30,528.0,1.0
785,64,20,528.0,1.0
786,64,17,530.0,1.0
787,64,0,530.0,1.0
788,64,33,530.0,1.0
789,64,26,531.0,1.0
790,64,7,532.0,1.0
791,64,30,532.0,1.0
792,64,21,533.0,1.0
793,64,22,534.0,1.0
794,64,11,534.0,1.0
795,64,32,535.0,1.0
796,64,6,536.0,1.0
797,64,16,536.0,1.0
798,64,12,536.0,1.0
799,64,26,536.0,1.0
800,64,10,537.0,1.0
801,64,6,538.0,1.0
802,64,19,539.0,1.0
803,64,34,540.0,1.0
804,64,1,540.0,1.0
805,64,16,540.0,1.0
806,64,26,540.0,1.0
807,64,25,542.0,1.0
808,64,29,542.0,1.0
809,64,6,543.0,1.0
810,64,16,544.0,1.0
811,64,18,544.0,1.0
812,64,0,545.0,1.0
813,64,29,545.0,1.0
814,64,28,546.0,1.0
815,64,11,547.0,1.0
816,64,10,548.0,1.0
817,64,8,548.0,1.0
818,64,1,549.0,1.0
819,64,19,550.0,1.0
820,64,1,551.0,1.0
821,64,12,552.0,1.0
822,64,8,552.0,1.0
823,64,29,553.0,1.0
824,64,1,554.0,1.0
825,64,4,555.0,1.0
826,64,22,555.0,1.0
827,64,32,556.0,1.0
828,64,33,556.0,1.0
829,64,16,556.0,1.0
830,64,6,557.0,1.0
831,64,7,558.0,1.0
832,64,0,560.0,1.0
833,64,34,560.0,1.0
834,64,30,560.0,1.0
835,64,2,560.0,1.0
836,64,12,560.0,1.0
837,64,1,561.0,1.0
838,64,22,562.0,1.0
839,64,26,563.0,1.0
840,64,8,564.0,1.0
841,64,28,565.0,1.0
842,64,19,566.0,1.0
843,64,14,566.0,1.0
844,64,1,568.0,1.0
845,64,30,568.0,1.0
846,64,3,568.0,1.0
847,64,10,570.0,1.0
848,64,9,570.0,1.0
849,64,32,571.0,1.0
850,64,14,572.0,1.0
851,64,12,572.0,1.0
852,64,34,572.0,1.0
853,64,1,573.0,1.0
854,64,33,574.0,1.0
855,64,26,575.0,1.0
856,64,8,576.0,1.0
857,64,20,576.0,1.0
858,64,10,577.0,1.0
859,64,4,579.0,1.0
860,64,4,580.0,1.0
861,64,30,580.0,1.0
862,64,9,580.0,1.0
863,64,13,580.0,1.0
864,64,23,580.0,1.0
865,64,26,582.0,1.0
866,64,27,582.0,1.0
867,64,15,583.0,1.0
868,64,29,584.0,1.0
869,64,34,584.0,1.0
870,64,22,585.0,1.0
871,64,17,585.0,1.0
872,64,13,586.0,1.0
873,64,11,587.0,1.0
874,64,12,588.0,1.0
875,64,4,588.0,1.0
876,64,23,588.0,1.0
877,64,21,589.0,1.0
878,64,32,590.0,1.0
879,64,21,590.0,1.0
880,64,22,591.0,1.0
881,64,12,592.0,1.0
882,64,8,592.0,1.0
883,64,28,593.0,1.0
884,64,10,594.0,1.0
885,64,19,595.0,1.0
886,64,29,596.0,1.0
887,64,16,596.0,1.0
888,64,13,597.0,1.0
889,64,12,598.0,1.0
890,64,32,598.0,1.0
891,64,23,600.0,1.0
892,64,8,600.0,1.0
893,64,0,600.0,1.0
894,64,24,600.0,1.0
895,64,19,600.0,1.0
896,64,28,601.0,1.0
897,64,26,603.0,1.0
898,64,5,604.0,1.0
899,64,8,604.0,1.0
900,64,28,605.0,1.0
901,64,14,606.0,1.0
902,64,6,606.0,1.0
903,64,8,608.0,1.0
904,64,25,608.0,1.0
905,64,17,610.0,1.0
906,64,32,611.0,1.0
907,64,16,612.0,1.0
908,64,1,612.0,1.0
909,64,21,613.0,1.0
910,64,20,614.0,1.0
911,64,4,614.0,1.0
912,64,19,615.0,1.0
913,64,16,616.0,1.0
914,64,18,616.0,1.0
915,64,20,616.0,1.0
916,64,10,617.0,1.0
917,64,1,618.0,1.0
918,64,4,619.0,1.0
919,64,6,620.0,1.0
920,64,23,620.0,1.0
921,64,25,620.0,1.0
922,64,11,620.0,1.0
923,64,12,622.0,1.0
924,64,1,622.0,1.0
925,64,12,623.0,1.0
926,64,16,624.0,1.0
927,64,21,624.0,1.0
928,64,9,625.0,1.0
929,64,29,626.0,1.0
930,64,11,627.0,1.0
931,64,22,628.0,1.0
932,64,30,628.0,1.0
933,64,6,629.0,1.0
934,64,11,630.0,1.0
935,64,14,630.0,1.0
936,64,6,630.0,1.0
937,64,5,631.0,1.0
938,64,21,632.0,1.0
939,64,23,632.0,1.0
940,64,1,633.0,1.0
941,64,28,634.0,1.0
942,64,19,635.0,1.0
943,64,27,636.0,1.0
944,64,34,636.0,1.0
945,64,1,637.0,1.0
946,64,33,638.0,1.0
947,64,9,640.0,1.0
948,64,25,640.0,1.0
949,64,17,640.0,1.0
950,64,4,640.0,1.0
951,64,12,640.0,1.0
952,64,0,640.0,1.0
953,64,31,641.0,1.0
954,64,1,642.0,1.0
955,64,4,643.0,1.0
956,64,34,644.0,1.0
957,64,31,644.0,1.0
958,64,4,646.0,1.0
959,64,14,646.0,1.0
960,64,1,648.0,1.0
961,64,23,648.0,1.0
962,64,4,650.0,1.0
963,64,0,650.0,1.0
964,64,24,650.0,1.0
965,64,11,651.0,1.0
966,64,30,652.0,1.0
967,64,11,652.0,1.0
968,64,14,652.0,1.0
969,64,21,653.0,1.0
970,64,22,654.0,1.0
971,64,26,655.0,1.0
972,64,6,656.0,1.0
973,64,8,656.0,1.0
974,64,3,656.0,1.0
975,64,10,657.0,1.0
976,64,19,659.0,1.0
977,64,23,660.0,1.0
978,64,24,660.0,1.0
979,64,28,660.0,1.0
980,64,30,660.0,1.0
981,64,32,662.0,1.0
982,64,29,662.0,1.0
983,64,12,663.0,1.0
984,64,30,664.0,1.0
985,64,19,664.0,1.0
986,64,14,664.0,1.0
987,64,7,665.0,1.0
988,64,0,665.0,1.0
989,64,13,666.0,1.0
990,64,26,667.0,1.0
991,64,15,668.0,1.0
992,64,16,668.0,1.0
993,64,1,669.0,1.0
994,64,26,670.0,1.0
995,64,6,670.0,1.0
996,64,20,671.0,1.0
997,64,1,672.0,1.0
998,64,30,672.0,1.0
999,64,8,672.0,1.0
1000,64,25,673.0,1.0
1001,64,10,674.0,1.0
1002,64,32,675.0,1.0
1003,64,8,676.0,1.0
1004,64,6,677.0,1.0
1005,64,7,678.0,1.0
1006,64,26,678.0,1.0
1007,64,0,680.0,1.0
1008,64,10,680.0,1.0
1009,64,18,680.0,1.0
1010,64,34,680.0,1.0
1011,64,17,680.0,1.0
1012,64,16,680.0,1.0
1013,64,1,681.0,1.0
1014,64,32,683.0,1.0
1015,64,30,684.0,1.0
1016,64,22,684.0,1.0
1017,64,19,684.0,1.0
1018,64,10,685.0,1.0
1019,64,15,686.0,1.0
1020,64,14,686.0,1.0
1021,64,5,688.0,1.0
1022,64,14,688.0,1.0
1023,64,34,688.0,1.0
1024,64,24,690.0,1.0
1025,64,12,690.0,1.0
1026,64,0,690.0,1.0
1027,64,26,691.0,1.0
1028,64,34,692.0,1.0
1029,64,12,692.0,1.0
1030,64,7,693.0,1.0
1031,64,19,694.0,1.0
1032,64,6,694.0,1.0
1033,64,32,695.0,1.0
1034,64,8,696.0,1.0
1035,64,12,696.0,1.0
1036,64,13,696.0,1.0
1037,64,10,697.0,1.0
1038,64,28,698.0,1.0
1039,64,19,699.0,1.0
1040,64,32,700.0,1.0
1041,64,8,700.0,1.0
1042,64,34,700.0,1.0
1043,64,1,702.0,1.0
1044,64,22,702.0,1.0
1045,64,18,703.0,1.0
1046,64,6,704.0,1.0
1047,64,3,704.0,1.0
1048,64,9,705.0,1.0
1049,64,28,706.0,1.0
1050,64,11,707.0,1.0
1051,64,16,708.0,1.0
1052,64,10,708.0,1.0
1053,64,29,709.0,1.0
1054,64,11,710.0,1.0
1055,64,1,710.0,1.0
1056,64,25,711.0,1.0
1057,64,16,712.0,1.0
1058,64,28,713.0,1.0
1059,64,1,714.0,1.0
1060,64,4,715.0,1.0
1061,64,12,715.0,1.0
1062,64,23,716.0,1.0
1063,64,2,716.0,1.0
1064,64,26,716.0,1.0
1065,64,22,717.0,1.0
1066,64,21,718.0,1.0
1067,64,0,720.0,1.0
1068,64,34,720.0,1.0
1069,64,30,720.0,1.0
1070,64,17,720.0,1.0
1071,64,1,721.0,1.0
1072,64,28,722.0,1.0
1073,64,32,723.0,1.0
1074,64,23,724.0,1.0
1075,64,9,725.0,1.0
1076,64,14,726.0,1.0
1077,64,11,726.0,1.0
1078,64,21,728.0,1.0
1079,64,8,728.0,1.0
1080,64,11,728.0,1.0
1081,64,5,728.0,1.0
1082,64,29,730.0,1.0
1083,64,4,730.0,1.0
1084,64,4,731.0,1.0
1085,64,30,732.0,1.0
1086,64,12,732.0,1.0
1087,64,14,732.0,1.0
1088,64,7,733.0,1.0
1089,64,6,734.0,1.0
1090,64,4,735.0,1.0
1091,64,34,736.0,1.0
1092,64,12,736.0,1.0
1093,64,25,736.0,1.0
1094,64,10,737.0,1.0
1095,64,11,739.0,1.0
1096,64,8,740.0,1.0
1097,64,21,740.0,1.0
1098,64,34,740.0,1.0
1099,64,9,740.0,1.0
1100,64,4,740.0,1.0
1101,64,4,742.0,1.0
1102,64,1,742.0,1.0
1103,64,18,743.0,1.0
1104,64,7,744.0,1.0
1105,64,34,744.0,1.0
1106,64,29,745.0,1.0
1107,64,17,745.0,1.0
1108,64,27,746.0,1.0
1109,64,19,747.0,1.0
1110,64,28,748.0,1.0
1111,64,32,748.0,1.0
1112,64,8,748.0,1.0
1113,64,29,749.0,1.0
1114,64,19,750.0,1.0
1115,64,25,751.0,1.0
1116,64,23,752.0,1.0
1117,64,6,752.0,1.0
1118,64,18,752.0,1.0
1119,64,28,753.0,1.0
1120,64,10,754.0,1.0
1121,64,5,755.0,1.0
1122,64,26,755.0,1.0
1123,64,16,756.0,1.0
1124,64,27,756.0,1.0
1125,64,22,757.0,1.0
1126,64,21,758.0,1.0
1127,64,32,758.0,1.0
1128,64,8,760.0,1.0
1129,64,30,760.0,1.0
1130,64,9,760.0,1.0
1131,64,19,760.0,1.0
1132,64,22,760.0,1.0
1133,64,22,761.0,1.0
1134,64,26,763.0,1.0
1135,64,1,764.0,1.0
1136,64,20,764.0,1.0
1137,64,8,764.0,1.0
1138,64,1,765.0,1.0
1139,64,12,766.0,1.0
1140,64,14,766.0,1.0
1141,64,8,768.0,1.0
1142,64,20,768.0,1.0
1143,64,20,770.0,1.0
1144,64,0,770.0,1.0
1145,64,19,771.0,1.0
1146,64,25,772.0,1.0
1147,64,34,772.0,1.0
1148,64,2,773.0,1.0
1149,64,26,774.0,1.0
1150,64,1,774.0,1.0
1151,64,11,775.0,1.0
1152,64,10,776.0,1.0
1153,64,12,776.0,1.0
1154,64,23,776.0,1.0
1155,64,10,777.0,1.0
1156,64,5,778.0,1.0
1157,64,11,779.0,1.0
1158,64,30,780.0,1.0
1159,64,16,780.0,1.0
1160,64,21,780.0,1.0
1161,64,4,780.0,1.0
1162,64,28,782.0,1.0
1163,64,5,782.0,1.0
1164,64,6,783.0,1.0
1165,64,16,784.0,1.0
1166,64,24,785.0,1.0
1167,64,22,785.0,1.0
1168,64,1,786.0,1.0
1169,64,4,787.0,1.0
1170,64,23,788.0,1.0
1171,64,33,788.0,1.0
1172,64,22,789.0,1.0
1173,64,21,790.0,1.0
1174,64,19,790.0,1.0
1175,64,1,791.0,1.0
1176,64,1,792.0,1.0
1177,64,4,792.0,1.0
1178,64,16,792.0,1.0
1179,64,29,793.0,1.0
1180,64,12,794.0,1.0
1181,64,32,795.0,1.0
1182,64,16,796.0,1.0
1183,64,13,796.0,1.0
1184,64,15,797.0,1.0
1185,64,13,798.0,1.0
1186,64,24,800.0,1.0
1187,64,8,800.0,1.0
1188,64,4,800.0,1.0
1189,64,17,800.0,1.0
1190,64,0,800.0,1.0
1191,64,23,800.0,1.0
1192,64,9,800.0,1.0
1193,64,1,801.0,1.0
1194,64,31,802.0,1.0
1195,64,26,803.0,1.0
1196,64,8,804.0,1.0
1197,64,1,804.0,1.0
1198,64,31,805.0,1.0
1199,64,14,806.0,1.0
1200,64,11,806.0,1.0
1201,64,3,808.0,1.0
1202,64,8,808.0,1.0
1203,64,0,810.0,1.0
1204,64,1,810.0,1.0
1205,64,19,811.0,1.0
1206,64,14,812.0,1.0
1207,64,16,812.0,1.0
1208,64,11,812.0,1.0
1209,64,22,813.0,1.0
1210,64,21,814.0,1.0
1211,64,11,815.0,1.0
1212,64,1,816.0,1.0
1213,64,8,816.0,1.0
1214,64,10,817.0,1.0
1215,64,11,819.0,1.0
1216,64,23,820.0,1.0
1217,64,0,820.0,1.0
1218,64,22,820.0,1.0
1219,64,8,820.0,1.0
1220,64,13,822.0,1.0
1221,64,4,822.0,1.0
1222,64,15,823.0,1.0
1223,64,16,824.0,1.0
1224,64,14,824.0,1.0
1225,64,15,824.0,1.0
1226,64,17,825.0,1.0
1227,64,2,826.0,1.0
1228,64,4,827.0,1.0
1229,64,1,828.0,1.0
1230,64,30,828.0,1.0
1231,64,7,829.0,1.0
1232,64,19,830.0,1.0
1233,64,14,830.0,1.0
1234,64,22,831.0,1.0
1235,64,5,832.0,1.0
1236,64,6,832.0,1.0
1237,64,28,833.0,1.0
1238,64,10,834.0,1.0
1239,64,32,835.0,1.0
1240,64,34,836.0,1.0
1241,64,2,837.0,1.0
1242,64,32,838.0,1.0
1243,64,1,838.0,1.0
1244,64,9,840.0,1.0
1245,64,24,840.0,1.0
1246,64,30,840.0,1.0
1247,64,1,840.0,1.0
1248,64,23,840.0,1.0
1249,64,17,840.0,1.0
1250,64,28,841.0,1.0
1251,64,11,843.0,1.0
1252,64,19,844.0,1.0
1253,64,34,844.0,1.0
1254,64,28,844.0,1.0
1255,64,12,846.0,1.0
1256,64,14,846.0,1.0
1257,64,25,848.0,1.0
1258,64,16,848.0,1.0
1259,64,9,850.0,1.0
1260,64,0,850.0,1.0
1261,64,17,850.0,1.0
1262,64,19,851.0,1.0
1263,64,30,852.0,1.0
1264,64,21,852.0,1.0
1265,64,1,853.0,1.0
1266,64,2,854.0,1.0
1267,64,26,854.0,1.0
1268,64,19,855.0,1.0
1269,64,32,856.0,1.0
1270,64,18,856.0,1.0
1271,64,20,856.0,1.0
1272,64,30,856.0,1.0
1273,64,10,857.0,1.0
1274,64,22,858.0,1.0
1275,64,26,859.0,1.0
1276,64,34,860.0,1.0
1277,64,11,860.0,1.0
1278,64,23,860.0,1.0
1279,64,14,860.0,1.0
1280,64,7,862.0,1.0
1281,64,20,862.0,1.0
1282,64,12,863.0,1.0
1283,64,12,864.0,1.0
1284,64,16,864.0,1.0
1285,64,9,865.0,1.0
1286,64,12,865.0,1.0
1287,64,25,866.0,1.0
1288,64,32,867.0,1.0
1289,64,16,868.0,1.0
1290,64,10,868.0,1.0
1291,64,13,869.0,1.0
1292,64,13,870.0,1.0
1293,64,19,870.0,1.0
1294,64,5,871.0,1.0
1295,64,29,872.0,1.0
1296,64,34,872.0,1.0
1297,64,1,873.0,1.0
1298,64,15,874.0,1.0
1299,64,4,875.0,1.0
1300,64,13,876.0,1.0
1301,64,8,876.0,1.0
1302,64,26,876.0,1.0
1303,64,21,877.0,1.0
1304,64,22,878.0,1.0
1305,64,17,880.0,1.0
1306,64,6,880.0,1.0
1307,64,0,880.0,1.0
1308,64,3,880.0,1.0
1309,64,23,880.0,1.0
1310,64,34,880.0,1.0
1311,64,7,880.0,1.0
1312,64,31,881.0,1.0
1313,64,1,882.0,1.0
1314,64,32,883.0,1.0
1315,64,30,884.0,1.0
1316,64,10,885.0,1.0
1317,64,26,886.0,1.0
1318,64,14,886.0,1.0
1319,64,1,888.0,1.0
1320,64,22,888.0,1.0
1321,64,34,888.0,1.0
1322,64,12,888.0,1.0
1323,64,17,890.0,1.0
1324,64,4,891.0,1.0
1325,64,34,892.0,1.0
1326,64,18,892.0,1.0
1327,64,14,892.0,1.0
1328,64,13,893.0,1.0
1329,64,12,894.0,1.0
1330,64,26,895.0,1.0
1331,64,6,896.0,1.0
1332,64,5,896.0,1.0
1333,64,10,897.0,1.0
1334,64,11,899.0,1.0
1335,64,0,900.0,1.0
1336,64,30,900.0,1.0
1337,64,8,900.0,1.0
1338,64,5,902.0,1.0
1339,64,19,902.0,1.0
1340,64,12,903.0,1.0
1341,64,28,904.0,1.0
1342,64,30,904.0,1.0
1343,64,9,905.0,1.0
1344,64,27,906.0,1.0
1345,64,19,907.0,1.0
1346,64,32,908.0,1.0
1347,64,28,908.0,1.0
1348,64,16,908.0,1.0
1349,64,1,909.0,1.0
1350,64,21,910.0,1.0
1351,64,11,910.0,1.0
1352,64,20,911.0,1.0
1353,64,12,912.0,1.0
1354,64,30,912.0,1.0
1355,64,25,913.0,1.0
1356,64,10,914.0,1.0
1357,64,12,915.0,1.0
1358,64,26,915.0,1.0
1359,64,23,916.0,1.0
1360,64,6,916.0,1.0
1361,64,28,917.0,1.0
1362,64,27,918.0,1.0
1363,64,11,918.0,1.0
1364,64,17,920.0,1.0
1365,64,23,920.0,1.0
1366,64,26,920.0,1.0
1367,64,14,920.0,1.0
1368,64,34,920.0,1.0
1369,64,18,920.0,1.0
1370,64,1,921.0,1.0
1371,64,19,923.0,1.0
1372,64,23,924.0,1.0
1373,64,25,924.0,1.0
1374,64,1,924.0,1.0
1375,64,9,925.0,1.0
1376,64,14,926.0,1.0
1377,64,18,926.0,1.0
1378,64,23,928.0,1.0
1379,64,5,928.0,1.0
1380,64,7,930.0,1.0
1381,64,9,930.0,1.0
1382,64,4,930.0,1.0
1383,64,11,931.0,1.0
1384,64,28,932.0,1.0
1385,64,30,932.0,1.0
1386,64,13,933.0,1.0
1387,64,4,934.0,1.0
1388,64,15,934.0,1.0
1389,64,32,935.0,1.0
1390,64,12,936.0,1.0
1391,64,16,936.0,1.0
1392,64,22,936.0,1.0
1393,64,10,937.0,1.0
1394,64,5,938.0,1.0
1395,64,4,939.0,1.0
1396,64,23,940.0,1.0
1397,64,34,940.0,1.0
1398,64,4,940.0,1.0
1399,64,6,940.0,1.0
1400,64,25,942.0,1.0
1401,64,22,942.0,1.0
1402,64,18,943.0,1.0
1403,64,21,944.0,1.0
1404,64,34,944.0,1.0
1405,64,0,945.0,1.0
1406,64,27,945.0,1.0
1407,64,28,946.0,1.0
1408,64,32,947.0,1.0
1409,64,8,948.0,1.0
1410,64,1,948.0,1.0
1411,64,28,949.0,1.0
1412,64,32,950.0,1.0
1413,64,25,951.0,1.0
1414,64,33,952.0,1.0
1415,64,8,952.0,1.0
1416,64,28,953.0,1.0
1417,64,12,954.0,1.0
1418,64,20,955.0,1.0
1419,64,26,955.0,1.0
1420,64,16,956.0,1.0
1421,64,13,956.0,1.0
1422,64,1,957.0,1.0
1423,64,2,958.0,1.0
1424,64,9,960.0,1.0
1425,64,20,960.0,1.0
1426,64,24,960.0,1.0
1427,64,8,960.0,1.0
1428,64,1,961.0,1.0
1429,64,1,962.0,1.0
1430,64,4,963.0,1.0
1431,64,1,964.0,1.0
1432,64,8,964.0,1.0
1433,64,25,965.0,1.0
1434,64,14,966.0,1.0
1435,64,4,966.0,1.0
1436,64,28,968.0,1.0
1437,64,30,968.0,1.0
1438,64,5,968.0,1.0
1439,64,17,970.0,1.0
1440,64,10,970.0,1.0
1441,64,11,971.0,1.0
1442,64,14,972.0,1.0
1443,64,34,972.0,1.0
1444,64,26,972.0,1.0
1445,64,13,973.0,1.0
1446,64,15,974.0,1.0
1447,64,4,975.0,1.0
1448,64,12,976.0,1.0
1449,64,34,976.0,1.0
1450,64,5,976.0,1.0
1451,64,10,977.0,1.0
1452,64,19,979.0,1.0
1453,64,0,980.0,1.0
1454,64,30,980.0,1.0
1455,64,16,980.0,1.0
1456,64,32,982.0,1.0
1457,64,22,982.0,1.0
1458,64,18,983.0,1.0
1459,64,14,984.0,1.0
1460,64,34,984.0,1.0
1461,64,19,984.0,1.0
1462,64,33,985.0,1.0
1463,64,0,985.0,1.0
1464,64,27,986.0,1.0
1465,64,26,987.0,1.0
1466,64,28,988.0,1.0
1467,64,23,988.0,1.0
1468,64,28,989.0,1.0
1469,64,4,990.0,1.0
1470,64,1,990.0,1.0
1471,64,25,991.0,1.0
1472,64,12,992.0,1.0
1473,64,5,992.0,1.0
1474,64,23,992.0,1.0
1475,64,28,993.0,1.0
1476,64,10,994.0,1.0
1477,64,32,995.0,1.0
1478,64,16,996.0,1.0
1479,64,1,997.0,1.0
1480,64,2,998.0,1.0
1481,64,26,998.0,1.0
1482,64,8,1000.0,1.0
1483,64,17,1000.0,1.0
1484,64,0,1000.0,1.0
1485,64,22,1001.0,1.0
1486,64,4,1003.0,1.0
1487,64,32,1004.0,1.0
1488,64,8,1004.0,1.0
1489,64,1,1004.0,1.0
1490,64,1,1005.0,1.0
1491,64,18,1006.0,1.0
1492,64,14,1006.0,1.0
1493,64,30,1008.0,1.0
1494,64,20,1008.0,1.0
1495,64,14,1008.0,1.0
1496,64,24,1010.0,1.0
1497,64,4,1010.0,1.0
1498,64,11,1011.0,1.0
1499,64,21,1012.0,1.0
1500,64,16,1012.0,1.0
1501,64,12,1013.0,1.0
1502,64,19,1014.0,1.0
1503,64,13,1014.0,1.0
1504,64,11,1015.0,1.0
1505,64,20,1016.0,1.0
1506,64,16,1016.0,1.0
1507,64,12,1016.0,1.0
1508,64,10,1017.0,1.0
1509,64,5,1018.0,1.0
1510,64,19,1019.0,1.0
1511,64,1,1020.0,1.0
1512,64,4,1020.0,1.0
1513,64,8,1020.0,1.0
1514,64,23,1020.0,1.0
1515,64,25,1022.0,1.0
1516,64,21,1022.0,1.0
1517,64,6,1023.0,1.0
1518,64,12,1024.0,1.0
1519,64,25,1024.0,1.0
1520,64,17,1025.0,1.0
1521,64,28,1026.0,1.0
1522,64,26,1027.0,1.0
1523,64,30,1028.0,1.0
1524,64,10,1028.0,1.0
1525,64,27,1029.0,1.0
1526,64,15,1030.0,1.0
1527,64,11,1030.0,1.0
1528,64,14,1030.0,1.0
1529,64,1,1031.0,1.0
1530,64,23,1032.0,1.0
1531,64,29,1033.0,1.0
1532,64,12,1034.0,1.0
1533,64,32,1035.0,1.0
1534,64,4,1036.0,1.0
1535,64,34,1036.0,1.0
1536,64,13,1036.0,1.0
1537,64,33,1037.0,1.0
1538,64,1,1038.0,1.0
1539,64,23,1040.0,1.0
1540,64,0,1040.0,1.0
1541,64,30,1040.0,1.0
1542,64,9,1040.0,1.0
1543,64,5,1040.0,1.0
1544,64,1,1041.0,1.0
1545,64,22,1042.0,1.0
1546,64,11,1043.0,1.0
1547,64,34,1044.0,1.0
1548,64,32,1046.0,1.0
1549,64,14,1046.0,1.0
1550,64,23,1048.0,1.0
1551,64,3,1048.0,1.0
1552,64,12,1048.0,1.0
1553,64,26,1048.0,1.0
1554,64,9,1050.0,1.0
1555,64,24,1050.0,1.0
1556,64,17,1050.0,1.0
1557,64,4,1051.0,1.0
1558,64,18,1052.0,1.0
1559,64,30,1052.0,1.0
1560,64,14,1052.0,1.0
1561,64,33,1053.0,1.0
1562,64,1,1054.0,1.0
1563,64,19,1055.0,1.0
1564,64,20,1056.0,1.0
1565,64,8,1056.0,1.0
1566,64,30,1056.0,1.0
1567,64,10,1057.0,1.0
1568,64,32,1059.0,1.0
1569,64,0,1060.0,1.0
1570,64,16,1060.0,1.0
1571,64,23,1060.0,1.0
1572,64,33,1060.0,1.0
1573,64,17,1060.0,1.0
1574,64,26,1062.0,1.0
1575,64,6,1062.0,1.0
1576,64,15,1063.0,1.0
1577,64,7,1064.0,1.0
1578,64,30,1064.0,1.0
1579,64,0,1065.0,1.0
1580,64,21,1065.0,1.0
1581,64,21,1066.0,1.0
1582,64,26,1067.0,1.0
1583,64,11,1068.0,1.0
1584,64,22,1068.0,1.0
1585,64,16,1068.0,1.0
1586,64,12,1069.0,1.0
1587,64,20,1070.0,1.0
1588,64,32,1070.0,1.0
1589,64,22,1071.0,1.0
1590,64,12,1072.0,1.0
1591,64,6,1072.0,1.0
1592,64,16,1072.0,1.0
1593,64,28,1073.0,1.0
1594,64,10,1074.0,1.0
1595,64,19,1075.0,1.0
1596,64,8,1076.0,1.0
1597,64,6,1076.0,1.0
1598,64,20,1077.0,1.0
1599,64,21,1078.0,1.0
1600,64,19,1078.0,1.0
1601,64,17,1080.0,1.0
1602,64,1,1080.0,1.0
1603,64,12,1080.0,1.0
1604,64,16,1080.0,1.0
1605,64,26,1080.0,1.0
1606,64,34,1080.0,1.0
1607,64,28,1081.0,1.0
1608,64,19,1083.0,1.0
1609,64,29,1084.0,1.0
1610,64,30,1084.0,1.0
1611,64,25,1084.0,1.0
1612,64,10,1085.0,1.0
1613,64,14,1086.0,1.0
1614,64,6,1086.0,1.0
1615,64,25,1088.0,1.0
1616,64,18,1088.0,1.0
1617,64,29,1090.0,1.0
1618,64,0,1090.0,1.0
1619,64,4,1090.0,1.0
1620,64,11,1091.0,1.0
1621,64,34,1092.0,1.0
1622,64,28,1092.0,1.0
1623,64,12,1093.0,1.0
1624,64,13,1094.0,1.0
1625,64,11,1094.0,1.0
1626,64,26,1095.0,1.0
1627,64,18,1096.0,1.0
1628,64,8,1096.0,1.0
1629,64,10,1096.0,1.0
1630,64,10,1097.0,1.0
1631,64,1,1098.0,1.0
1632,64,4,1099.0,1.0
1633,64,23,1100.0,1.0
1634,64,19,1100.0,1.0
1635,64,8,1100.0,1.0
1636,64,21,1102.0,1.0
1637,64,1,1102.0,1.0
1638,64,12,1103.0,1.0
1639,64,8,1104.0,1.0
1640,64,0,1105.0,1.0
1641,64,29,1106.0,1.0
1642,64,32,1107.0,1.0
1643,64,16,1108.0,1.0
1644,64,1,1108.0,1.0
1645,64,27,1109.0,1.0
1646,64,4,1110.0,1.0
1647,64,12,1110.0,1.0
1648,64,22,1110.0,1.0
1649,64,5,1111.0,1.0
1650,64,33,1112.0,1.0
1651,64,16,1112.0,1.0
1652,64,32,1112.0,1.0
1653,64,1,1113.0,1.0
1654,64,6,1114.0,1.0
1655,64,26,1115.0,1.0
1656,64,18,1115.0,1.0
1657,64,7,1116.0,1.0
1658,64,23,1116.0,1.0
1659,64,33,1117.0,1.0
1660,64,1,1118.0,1.0
1661,64,24,1120.0,1.0
1662,64,30,1120.0,1.0
1663,64,0,1120.0,1.0
1664,64,34,1120.0,1.0
1665,64,12,1120.0,1.0
1666,64,31,1121.0,1.0
1667,64,1,1122.0,1.0
1668,64,19,1123.0,1.0
1669,64,22,1124.0,1.0
1670,64,23,1124.0,1.0
1671,64,0,1125.0,1.0
1672,64,26,1126.0,1.0
1673,64,14,1126.0,1.0
1674,64,8,1128.0,1.0
1675,64,1,1128.0,1.0
1676,64,0,1130.0,1.0
1677,64,28,1130.0,1.0
1678,64,26,1131.0,1.0
1679,64,14,1132.0,1.0
1680,64,19,1132.0,1.0
1681,64,30,1132.0,1.0
1682,64,33,1133.0,1.0
1683,64,1,1134.0,1.0
1684,64,32,1135.0,1.0
1685,64,30,1136.0,1.0
1686,64,3,1136.0,1.0
1687,64,1,1136.0,1.0
1688,64,6,1136.0,1.0
1689,64,10,1137.0,1.0
1690,64,32,1139.0,1.0
1691,64,9,1140.0,1.0
1692,64,34,1140.0,1.0
1693,64,10,1140.0,1.0
1694,64,30,1140.0,1.0
1695,64,32,1142.0,1.0
1696,64,6,1142.0,1.0
1697,64,12,1143.0,1.0
1698,64,34,1144.0,1.0
1699,64,14,1144.0,1.0
1700,64,12,1144.0,1.0
1701,64,9,1145.0,1.0
1702,64,6,1145.0,1.0
1703,64,1,1146.0,1.0
1704,64,4,1147.0,1.0
1705,64,33,1148.0,1.0
1706,64,8,1148.0,1.0
1707,64,12,1149.0,1.0
1708,64,26,1150.0,1.0
1709,64,20,1151.0,1.0
1710,64,8,1152.0,1.0
1711,64,20,1152.0,1.0
1712,64,25,1153.0,1.0
1713,64,10,1154.0,1.0
1714,64,25,1155.0,1.0
1715,64,11,1155.0,1.0
1716,64,16,1156.0,1.0
1717,64,20,1157.0,1.0
1718,64,4,1158.0,1.0
1719,64,21,1158.0,1.0
1720,64,13,1160.0,1.0
1721,64,4,1160.0,1.0
1722,64,9,1160.0,1.0
1723,64,23,1160.0,1.0
1724,64,17,1160.0,1.0
1725,64,30,1160.0,1.0
1726,64,1,1161.0,1.0
1727,64,11,1163.0,1.0
1728,64,27,1164.0,1.0
1729,64,26,1164.0,1.0
1730,64,8,1164.0,1.0
1731,64,28,1165.0,1.0
1732,64,14,1166.0,1.0
1733,64,15,1166.0,1.0
1734,64,5,1168.0,1.0
1735,64,34,1168.0,1.0
1736,64,17,1170.0,1.0
1737,64,22,1170.0,1.0
1738,64,0,1170.0,1.0
1739,64,19,1171.0,1.0
1740,64,34,1172.0,1.0
1741,64,13,1172.0,1.0
1742,64,1,1173.0,1.0
1743,64,33,1174.0,1.0
1744,64,11,1174.0,1.0
1745,64,4,1175.0,1.0
1746,64,12,1176.0,1.0
1747,64,23,1176.0,1.0
1748,64,4,1176.0,1.0
1749,64,10,1177.0,1.0
1750,64,21,1178.0,1.0
1751,64,26,1179.0,1.0
1752,64,21,1180.0,1.0
1753,64,32,1180.0,1.0
1754,64,30,1180.0,1.0
1755,64,34,1180.0,1.0
1756,64,22,1182.0,1.0
1757,64,27,1182.0,1.0
1758,64,18,1183.0,1.0
1759,64,8,1184.0,1.0
1760,64,12,1184.0,1.0
1761,64,1,1185.0,1.0
1762,64,4,1185.0,1.0
1763,64,28,1186.0,1.0
1764,64,32,1187.0,1.0
1765,64,10,1188.0,1.0
1766,64,23,1188.0,1.0
1767,64,21,1189.0,1.0
1768,64,33,1190.0,1.0
1769,64,19,1190.0,1.0
1770,64,25,1191.0,1.0
1771,64,16,1192.0,1.0
1772,64,29,1192.0,1.0
1773,64,28,1193.0,1.0
1774,64,13,1194.0,1.0
1775,64,4,1195.0,1.0
1776,64,16,1196.0,1.0
1777,64,32,1196.0,1.0
1778,64,12,1196.0,1.0
1779,64,13,1197.0,1.0
1780,64,12,1198.0,1.0
1781,64,24,1200.0,1.0
1782,64,0,1200.0,1.0
1783,64,8,1200.0,1.0
1784,64,9,1200.0,1.0
1785,64,23,1200.0,1.0
1786,64,1,1201.0,1.0
1787,64,28,1202.0,1.0
1788,64,11,1203.0,1.0
1789,64,8,1204.0,1.0
1790,64,1,1205.0,1.0
1791,64,14,1206.0,1.0
1792,64,26,1206.0,1.0
1793,64,5,1208.0,1.0
1794,64,8,1208.0,1.0
1795,64,0,1210.0,1.0
1796,64,28,1210.0,1.0
1797,64,19,1211.0,1.0
1798,64,6,1212.0,1.0
1799,64,14,1212.0,1.0
1800,64,16,1212.0,1.0
1801,64,1,1213.0,1.0
1802,64,33,1214.0,1.0
1803,64,26,1215.0,1.0
1804,64,12,1216.0,1.0
1805,64,25,1216.0,1.0
1806,64,10,1217.0,1.0
1807,64,26,1219.0,1.0
1808,64,34,1220.0,1.0
1809,64,17,1220.0,1.0
1810,64,23,1220.0,1.0
1811,64,27,1222.0,1.0
1812,64,32,1222.0,1.0
1813,64,18,1223.0,1.0
1814,64,16,1224.0,1.0
1815,64,1,1224.0,1.0
1816,64,24,1225.0,1.0
1817,64,21,1226.0,1.0
1818,64,32,1227.0,1.0
1819,64,20,1228.0,1.0
1820,64,30,1228.0,1.0
1821,64,4,1228.0,1.0
1822,64,21,1229.0,1.0
1823,64,14,1230.0,1.0
1824,64,19,1230.0,1.0
1825,64,25,1231.0,1.0
1826,64,16,1232.0,1.0
1827,64,18,1232.0,1.0
1828,64,28,1233.0,1.0
1829,64,10,1234.0,1.0
1830,64,4,1235.0,1.0
1831,64,1,1236.0,1.0
1832,64,34,1236.0,1.0
1833,64,13,1237.0,1.0
1834,64,12,1238.0,1.0
1835,64,4,1238.0,1.0
1836,64,5,1240.0,1.0
1837,64,9,1240.0,1.0
1838,64,11,1240.0,1.0
1839,64,23,1240.0,1.0
1840,64,6,1240.0,1.0
1841,64,25,1240.0,1.0
1842,64,22,1241.0,1.0
1843,64,26,1243.0,1.0
1844,64,12,1244.0,1.0
1845,64,1,1244.0,1.0
1846,64,34,1244.0,1.0
1847,64,12,1246.0,1.0
1848,64,14,1246.0,1.0
1849,64,20,1248.0,1.0
1850,64,16,1248.0,1.0
1851,64,17,1250.0,1.0
1852,64,9,1250.0,1.0
1853,64,32,1251.0,1.0
1854,64,30,1252.0,1.0
1855,64,29,1252.0,1.0
1856,64,1,1253.0,1.0
1857,64,2,1254.0,1.0
1858,64,11,1254.0,1.0
1859,64,32,1255.0,1.0
1860,64,30,1256.0,1.0
1861,64,12,1256.0,1.0
1862,64,22,1256.0,1.0
1863,64,10,1257.0,1.0
1864,64,6,1258.0,1.0
1865,64,4,1259.0,1.0
1866,64,6,1260.0,1.0
1867,64,30,1260.0,1.0
1868,64,14,1260.0,1.0
1869,64,11,1260.0,1.0
1870,64,23,1260.0,1.0
1871,64,5,1262.0,1.0
1872,64,7,1262.0,1.0
1873,64,6,1263.0,1.0
1874,64,23,1264.0,1.0
1875,64,21,1264.0,1.0
1876,64,21,1265.0,1.0
1877,64,0,1265.0,1.0
1878,64,1,1266.0,1.0
1879,64,11,1267.0,1.0
1880,64,16,1268.0,1.0
1881,64,28,1268.0,1.0
1882,64,13,1269.0,1.0
1883,64,19,1270.0,1.0
1884,64,20,1270.0,1.0
1885,64,1,1271.0,1.0
1886,64,27,1272.0,1.0
1887,64,34,1272.0,1.0
1888,64,29,1273.0,1.0
1889,64,1,1274.0,1.0
1890,64,19,1275.0,1.0
1891,64,8,1276.0,1.0
1892,64,33,1276.0,1.0
1893,64,21,1277.0,1.0
1894,64,22,1278.0,1.0
1895,64,9,1280.0,1.0
1896,64,0,1280.0,1.0
1897,64,25,1280.0,1.0
1898,64,12,1280.0,1.0
1899,64,17,1280.0,1.0
1900,64,1,1281.0,1.0
1901,64,31,1282.0,1.0
1902,64,19,1283.0,1.0
1903,64,30,1284.0,1.0
1904,64,1,1284.0,1.0
1905,64,10,1285.0,1.0
1906,64,14,1286.0,1.0
1907,64,4,1286.0,1.0
1908,64,3,1288.0,1.0
1909,64,31,1288.0,1.0
1910,64,34,1288.0,1.0
1911,64,9,1290.0,1.0
1912,64,26,1291.0,1.0
1913,64,4,1292.0,1.0
1914,64,14,1292.0,1.0
1915,64,34,1292.0,1.0
1916,64,13,1293.0,1.0
1917,64,12,1294.0,1.0
1918,64,4,1295.0,1.0
1919,64,23,1296.0,1.0
1920,64,8,1296.0,1.0
1921,64,1,1296.0,1.0
1922,64,10,1297.0,1.0
1923,64,32,1299.0,1.0
1924,64,0,1300.0,1.0
1925,64,8,1300.0,1.0
1926,64,24,1300.0,1.0
1927,64,4,1300.0,1.0
1928,64,23,1300.0,1.0
1929,64,11,1302.0,1.0
1930,64,5,1302.0,1.0
1931,64,15,1303.0,1.0
1932,64,11,1304.0,1.0
1933,64,14,1304.0,1.0
1934,64,30,1304.0,1.0
1935,64,17,1305.0,1.0
1936,64,21,1306.0,1.0
1937,64,4,1307.0,1.0
1938,64,22,1308.0,1.0
1939,64,16,1308.0,1.0
1940,64,1,1309.0,1.0
1941,64,26,1310.0,1.0
1942,64,12,1310.0,1.0
1943,64,22,1311.0,1.0
1944,64,8,1312.0,1.0
1945,64,3,1312.0,1.0
1946,64,6,1312.0,1.0
1947,64,28,1313.0,1.0
1948,64,10,1314.0,1.0
1949,64,11,1315.0,1.0
1950,64,18,1315.0,1.0
1951,64,23,1316.0,1.0
1952,64,28,1317.0,1.0
1953,64,19,1318.0,1.0
1954,64,27,1318.0,1.0
1955,64,23,1320.0,1.0
1956,64,0,1320.0,1.0
1957,64,24,1320.0,1.0
1958,64,28,1320.0,1.0
1959,64,30,1320.0,1.0
1960,64,28,1321.0,1.0
1961,64,4,1323.0,1.0
1962,64,32,1324.0,1.0
1963,64,29,1324.0,1.0
1964,64,23,1324.0,1.0
1965,64,0,1325.0,1.0
1966,64,14,1326.0,1.0
1967,64,12,1326.0,1.0
1968,64,25,1328.0,1.0
1969,64,30,1328.0,1.0
1970,64,14,1328.0,1.0
1971,64,17,1330.0,1.0
1972,64,7,1330.0,1.0
1973,64,0,1330.0,1.0
1974,64,32,1331.0,1.0
1975,64,30,1332.0,1.0
1976,64,13,1332.0,1.0
1977,64,2,1333.0,1.0
1978,64,26,1334.0,1.0
1979,64,1,1334.0,1.0
1980,64,11,1335.0,1.0
1981,64,15,1336.0,1.0
1982,64,16,1336.0,1.0
1983,64,18,1336.0,1.0
1984,64,10,1337.0,1.0
1985,64,1,1338.0,1.0
1986,64,26,1339.0,1.0
1987,64,26,1340.0,1.0
1988,64,16,1340.0,1.0
1989,64,34,1340.0,1.0
1990,64,6,1340.0,1.0
1991,64,28,1342.0,1.0
1992,64,20,1342.0,1.0
1993,64,12,1343.0,1.0
1994,64,8,1344.0,1.0
1995,64,1,1344.0,1.0
1996,64,9,1345.0,1.0
1997,64,6,1345.0,1.0
1998,64,25,1346.0,1.0
1999,64,19,1347.0,1.0
2000,64,10,1348.0,1.0
2001,64,8,1348.0,1.0
2002,64,22,1349.0,1.0
2003,64,32,1350.0,1.0
2004,64,5,1351.0,1.0
2005,64,8,1352.0,1.0
2006,64,1,1353.0,1.0
2007,64,6,1354.0,1.0
2008,64,11,1355.0,1.0
2009,64,25,1355.0,1.0
2010,64,26,1356.0,1.0
2011,64,16,1356.0,1.0
2012,64,7,1356.0,1.0
2013,64,15,1357.0,1.0
2014,64,13,1358.0,1.0
2015,64,18,1360.0,1.0
2016,64,0,1360.0,1.0
2017,64,34,1360.0,1.0
2018,64,17,1360.0,1.0
2019,64,16,1360.0,1.0
2020,64,31,1361.0,1.0
2021,64,1,1362.0,1.0
2022,64,11,1363.0,1.0
2023,64,8,1364.0,1.0
2024,64,28,1365.0,1.0
2025,64,32,1366.0,1.0
2026,64,14,1366.0,1.0
2027,64,19,1368.0,1.0
2028,64,30,1368.0,1.0
2029,64,1,1368.0,1.0
2030,64,22,1368.0,1.0
2031,64,10,1370.0,1.0
2032,64,4,1370.0,1.0
2033,64,4,1371.0,1.0
2034,64,34,1372.0,1.0
2035,64,14,1372.0,1.0
2036,64,15,1372.0,1.0
2037,64,22,1373.0,1.0
2038,64,21,1374.0,1.0
2039,64,19,1375.0,1.0
2040,64,5,1376.0,1.0
2041,64,34,1376.0,1.0
2042,64,6,1376.0,1.0
2043,64,10,1377.0,1.0
2044,64,32,1379.0,1.0
2045,64,0,1380.0,1.0
2046,64,12,1380.0,1.0
2047,64,8,1380.0,1.0
2048,64,24,1380.0,1.0
2049,64,30,1380.0,1.0
2050,64,13,1382.0,1.0
2051,64,26,1382.0,1.0
2052,64,12,1383.0,1.0
2053,64,12,1384.0,1.0
2054,64,34,1384.0,1.0
2055,64,0,1385.0,1.0
2056,64,1,1385.0,1.0
2057,64,7,1386.0,1.0
2058,64,26,1387.0,1.0
2059,64,23,1388.0,1.0
2060,64,6,1388.0,1.0
2061,64,19,1388.0,1.0
2062,64,7,1389.0,1.0
2063,64,33,1390.0,1.0
2064,64,32,1390.0,1.0
2065,64,20,1391.0,1.0
2066,64,12,1392.0,1.0
2067,64,13,1392.0,1.0
2068,64,8,1392.0,1.0
2069,64,25,1393.0,1.0
2070,64,10,1394.0,1.0
2071,64,19,1395.0,1.0
2072,64,28,1396.0,1.0
2073,64,16,1396.0,1.0
2074,64,2,1397.0,1.0
2075,64,1,1398.0,1.0
2076,64,19,1398.0,1.0
2077,64,8,1400.0,1.0
2078,64,32,1400.0,1.0
2079,64,0,1400.0,1.0
2080,64,34,1400.0,1.0
2081,64,1,1401.0,1.0
2082,64,11,1403.0,1.0
2083,64,22,1404.0,1.0
2084,64,1,1404.0,1.0
2085,64,8,1404.0,1.0
2086,64,22,1405.0,1.0
2087,64,18,1406.0,1.0
2088,64,14,1406.0,1.0
2089,64,6,1408.0,1.0
2090,64,5,1408.0,1.0
2091,64,9,1410.0,1.0
2092,64,24,1410.0,1.0
2093,64,4,1411.0,1.0
2094,64,28,1412.0,1.0
2095,64,16,1412.0,1.0
2096,64,22,1413.0,1.0
2097,64,21,1414.0,1.0
2098,64,11,1414.0,1.0
2099,64,19,1415.0,1.0
2100,64,12,1416.0,1.0
2101,64,10,1416.0,1.0
2102,64,16,1416.0,1.0
2103,64,10,1417.0,1.0
2104,64,29,1418.0,1.0
2105,64,32,1419.0,1.0
2106,64,1,1420.0,1.0
2107,64,23,1420.0,1.0
2108,64,11,1420.0,1.0
2109,64,30,1420.0,1.0
2110,64,13,1422.0,1.0
2111,64,25,1422.0,1.0
2112,64,18,1423.0,1.0
2113,64,16,1424.0,1.0
2114,64,9,1425.0,1.0
2115,64,28,1426.0,1.0
2116,64,26,1427.0,1.0
2117,64,30,1428.0,1.0
2118,64,1,1428.0,1.0
2119,64,7,1429.0,1.0
2120,64,4,1430.0,1.0
2121,64,12,1430.0,1.0
2122,64,14,1430.0,1.0
2123,64,25,1431.0,1.0
2124,64,23,1432.0,1.0
2125,64,2,1432.0,1.0
2126,64,26,1432.0,1.0
2127,64,28,1433.0,1.0
2128,64,22,1434.0,1.0
2129,64,19,1435.0,1.0
2130,64,21,1436.0,1.0
2131,64,34,1436.0,1.0
2132,64,2,1437.0,1.0
2133,64,1,1438.0,1.0
2134,64,30,1440.0,1.0
2135,64,0,1440.0,1.0
2136,64,20,1440.0,1.0
2137,64,17,1440.0,1.0
2138,64,34,1440.0,1.0
2139,64,1,1441.0,1.0
2140,64,1,1442.0,1.0
2141,64,26,1443.0,1.0
2142,64,34,1444.0,1.0
2143,64,28,1444.0,1.0
2144,64,14,1446.0,1.0
2145,64,32,1446.0,1.0
2146,64,23,1448.0,1.0
2147,64,5,1448.0,1.0
2148,64,4,1450.0,1.0
2149,64,9,1450.0,1.0
2150,64,19,1451.0,1.0
2151,64,30,1452.0,1.0
2152,64,14,1452.0,1.0
2153,64,11,1452.0,1.0
2154,64,22,1453.0,1.0
2155,64,21,1454.0,1.0
2156,64,26,1455.0,1.0
2157,64,8,1456.0,1.0
2158,64,12,1456.0,1.0
2159,64,21,1456.0,1.0
2160,64,5,1456.0,1.0
2161,64,10,1457.0,1.0
2162,64,11,1459.0,1.0
2163,64,23,1460.0,1.0
2164,64,34,1460.0,1.0
2165,64,29,1460.0,1.0
2166,64,4,1460.0,1.0
2167,64,4,1462.0,1.0
2168,64,13,1462.0,1.0
2169,64,18,1463.0,1.0
2170,64,14,1464.0,1.0
2171,64,30,1464.0,1.0
2172,64,12,1464.0,1.0
2173,64,17,1465.0,1.0
2174,64,13,1465.0,1.0
2175,64,7,1466.0,1.0
2176,64,4,1467.0,1.0
2177,64,16,1468.0,1.0
2178,64,6,1468.0,1.0
2179,64,7,1469.0,1.0
2180,64,12,1470.0,1.0
2181,64,4,1470.0,1.0
2182,64,25,1471.0,1.0
2183,64,12,1472.0,1.0
2184,64,25,1472.0,1.0
2185,64,28,1473.0,1.0
2186,64,10,1474.0,1.0
2187,64,32,1475.0,1.0
2188,64,8,1476.0,1.0
2189,64,2,1477.0,1.0
2190,64,1,1478.0,1.0
2191,64,11,1478.0,1.0
2192,64,9,1480.0,1.0
2193,64,21,1480.0,1.0
2194,64,4,1480.0,1.0
2195,64,12,1480.0,1.0
2196,64,8,1480.0,1.0
2197,64,34,1480.0,1.0
2198,64,22,1481.0,1.0
2199,64,4,1483.0,1.0
2200,64,4,1484.0,1.0
2201,64,30,1484.0,1.0
2202,64,1,1484.0,1.0
2203,64,10,1485.0,1.0
2204,64,18,1486.0,1.0
2205,64,14,1486.0,1.0
2206,64,34,1488.0,1.0
2207,64,20,1488.0,1.0
2208,64,0,1490.0,1.0
2209,64,29,1490.0,1.0
2210,64,17,1490.0,1.0
2211,64,32,1491.0,1.0
2212,64,27,1492.0,1.0
2213,64,34,1492.0,1.0
2214,64,21,1493.0,1.0
2215,64,20,1494.0,1.0
2216,64,19,1494.0,1.0
2217,64,32,1495.0,1.0
2218,64,12,1496.0,1.0
2219,64,32,1496.0,1.0
2220,64,28,1496.0,1.0
2221,64,8,1496.0,1.0
2222,64,10,1497.0,1.0
2223,64,29,1498.0,1.0
2224,64,26,1499.0,1.0
2225,64,8,1500.0,1.0
2226,64,19,1500.0,1.0
2227,64,12,1502.0,1.0
2228,64,25,1502.0,1.0
2229,64,6,1503.0,1.0
2230,64,18,1504.0,1.0
2231,64,23,1504.0,1.0
2232,64,24,1505.0,1.0
2233,64,28,1506.0,1.0
2234,64,19,1507.0,1.0
2235,64,10,1508.0,1.0
2236,64,16,1508.0,1.0
2237,64,6,1509.0,1.0
2238,64,5,1510.0,1.0
2239,64,26,1510.0,1.0
2240,64,1,1511.0,1.0
2241,64,16,1512.0,1.0
2242,64,27,1512.0,1.0
2243,64,29,1513.0,1.0
2244,64,22,1514.0,1.0
2245,64,6,1515.0,1.0
2246,64,11,1515.0,1.0
2247,64,32,1516.0,1.0
2248,64,23,1516.0,1.0
2249,64,21,1516.0,1.0
2250,64,1,1517.0,1.0
2251,64,33,1518.0,1.0
2252,64,9,1520.0,1.0
2253,64,4,1520.0,1.0
2254,64,8,1520.0,1.0
2255,64,22,1520.0,1.0
2256,64,30,1520.0,1.0
2257,64,1,1521.0,1.0
2258,64,22,1522.0,1.0
2259,64,32,1523.0,1.0
2260,64,23,1524.0,1.0
2261,64,17,1525.0,1.0
2262,64,26,1526.0,1.0
2263,64,14,1526.0,1.0
2264,64,20,1528.0,1.0
2265,64,3,1528.0,1.0
2266,64,8,1528.0,1.0
2267,64,1,1528.0,1.0
2268,64,0,1530.0,1.0
2269,64,1,1530.0,1.0
2270,64,26,1531.0,1.0
2271,64,30,1532.0,1.0
2272,64,12,1532.0,1.0
2273,64,14,1532.0,1.0
2274,64,21,1533.0,1.0
2275,64,22,1534.0,1.0
2276,64,4,1535.0,1.0
2277,64,20,1536.0,1.0
2278,64,8,1536.0,1.0
2279,64,10,1537.0,1.0
2280,64,19,1539.0,1.0
2281,64,0,1540.0,1.0
2282,64,34,1540.0,1.0
2283,64,16,1540.0,1.0
2284,64,20,1540.0,1.0
2285,64,19,1542.0,1.0
2286,64,29,1542.0,1.0
2287,64,15,1543.0,1.0
2288,64,25,1544.0,1.0
2289,64,34,1544.0,1.0
2290,64,1,1545.0,1.0
2291,64,17,1545.0,1.0
2292,64,2,1546.0,1.0
2293,64,11,1547.0,1.0
2294,64,1,1548.0,1.0
2295,64,26,1548.0,1.0
2296,64,8,1548.0,1.0
2297,64,1,1549.0,1.0
2298,64,11,1550.0,1.0
2299,64,22,1551.0,1.0
2300,64,12,1552.0,1.0
2301,64,23,1552.0,1.0
2302,64,28,1553.0,1.0
2303,64,10,1554.0,1.0
2304,64,4,1555.0,1.0
2305,64,1,1555.0,1.0
2306,64,16,1556.0,1.0
2307,64,5,1556.0,1.0
2308,64,6,1557.0,1.0
2309,64,11,1558.0,1.0
2310,64,7,1558.0,1.0
2311,64,24,1560.0,1.0
2312,64,16,1560.0,1.0
2313,64,21,1560.0,1.0
2314,64,4,1560.0,1.0
2315,64,30,1560.0,1.0
2316,64,28,1561.0,1.0
2317,64,26,1563.0,1.0
2318,64,8,1564.0,1.0
2319,64,28,1564.0,1.0
2320,64,5,1564.0,1.0
2321,64,29,1565.0,1.0
2322,64,14,1566.0,1.0
2323,64,6,1566.0,1.0
2324,64,25,1568.0,1.0
2325,64,16,1568.0,1.0
2326,64,22,1570.0,1.0
2327,64,0,1570.0,1.0
2328,64,24,1570.0,1.0
2329,64,32,1571.0,1.0
2330,64,1,1572.0,1.0
2331,64,34,1572.0,1.0
2332,64,21,1573.0,1.0
2333,64,22,1574.0,1.0
2334,64,4,1574.0,1.0
2335,64,11,1575.0,1.0
2336,64,33,1576.0,1.0
2337,64,18,1576.0,1.0
2338,64,23,1576.0,1.0
2339,64,10,1577.0,1.0
2340,64,22,1578.0,1.0
2341,64,4,1579.0,1.0
2342,64,19,1580.0,1.0
2343,64,30,1580.0,1.0
2344,64,23,1580.0,1.0
2345,64,21,1580.0,1.0
2346,64,1,1582.0,1.0
2347,64,29,1582.0,1.0
2348,64,12,1583.0,1.0
2349,64,16,1584.0,1.0
2350,64,1,1584.0,1.0
2351,64,9,1585.0,1.0
2352,64,28,1585.0,1.0
2353,64,29,1586.0,1.0
2354,64,11,1587.0,1.0
2355,64,12,1588.0,1.0
2356,64,23,1588.0,1.0
2357,64,1,1589.0,1.0
2358,64,27,1590.0,1.0
2359,64,32,1590.0,1.0
2360,64,5,1591.0,1.0
2361,64,16,1592.0,1.0
2362,64,13,1592.0,1.0
2363,64,1,1593.0,1.0
2364,64,15,1594.0,1.0
2365,64,19,1595.0,1.0
2366,64,13,1596.0,1.0
2367,64,16,1596.0,1.0
2368,64,6,1597.0,1.0
2369,64,7,1598.0,1.0
