,Start,Velocity,Note,Duration
0,0.0,64,40.0,0.666667
1,0.666667,64,41.0,1.333334
2,2.0,64,43.0,0.666667
3,2.666667,64,44.0,0.666667
4,3.333333,64,41.0,0.666667
5,4.0,64,43.0,0.666667
6,5.333333,64,43.1,0.666667
7,6.666667,64,43.0,0.666667
8,7.333333,64,45.4,0.666667
9,8.0,64,46.0,0.666667
10,8.666667,64,41.0,0.666667
11,9.333333,64,41.3,0.666667
12,10.0,64,43.0,0.666667
13,10.666667,64,43.1,0.666667
14,11.333333,64,45.0,0.666667
15,12.666667,64,47.8,0.666667
16,13.333333,64,48.8,0.666667
17,14.666667,64,45.4,0.666667
18,15.333333,64,47.6,0.666667
19,16.0,64,46.4,0.666667
20,16.666667,64,47.5,0.666667
21,17.333333,64,53.0,0.666667
22,18.0,64,50.2,0.666667
23,18.666667,64,51.2,0.666667
24,19.333333,64,45.8,0.666667
25,20.0,64,46.0,0.666667
26,20.666667,64,50.0,0.666667
27,21.333333,64,45.5,0.666667
28,22.0,64,50.6,0.666667
29,22.666667,64,45.0,0.666667
30,23.333333,64,40.6,0.666667
31,24.0,64,41.6,0.666667
32,24.666667,64,36.2,0.666667
33,25.333333,64,36.5,0.666667
34,26.666667,64,36.8,0.666667
35,27.333333,64,36.5,0.666667
36,28.666667,64,45.4,1.333334
37,30.666667,64,46.0,0.666667
38,32.0,64,46.0,0.666667
39,33.333333,64,47.5,0.666667
40,34.0,64,43.0,0.666667
41,34.666667,64,41.0,0.666667
42,35.333333,64,40.7,0.666667
43,36.0,64,38.2,0.666667
44,36.666667,64,45.4,0.666667
45,37.333333,64,45.5,0.666667
46,38.0,64,45.0,0.666667
47,38.666667,64,45.8,0.666667
48,39.333333,64,40.6,0.666667
49,40.0,64,36.8,0.666667
50,41.333333,64,38.0,0.666667
51,42.0,64,43.4,0.666667
52,42.666667,64,43.1,0.666667
53,43.333333,64,41.0,0.666667
54,44.0,64,38.6,0.666667
55,44.666667,64,38.2,0.666667
56,45.333333,64,46.4,0.666667
57,46.0,64,45.5,0.666667
58,46.666667,64,41.3,0.666667
59,47.333333,64,41.0,0.666667
60,48.0,64,41.6,0.666667
61,48.666667,64,38.9,0.666667
62,49.333333,64,36.2,0.666667
63,50.0,64,47.8,1.333334
64,51.333333,64,47.9,0.666667
65,52.0,64,36.2,0.666667
66,53.333333,64,36.8,0.666667
67,54.0,64,41.0,0.666667
68,54.666667,64,36.5,0.666667
69,55.333333,64,47.8,0.666667
70,56.0,64,39.2,0.666667
71,56.666667,64,45.0,0.666667
72,57.333333,64,45.4,0.666667
73,58.666667,64,45.4,0.666667
74,60.0,64,40.0,0.666667
75,60.666667,64,45.4,0.666667
76,61.333333,64,46.0,0.666667
77,62.0,64,43.7,0.666667
78,62.666667,64,43.4,0.666667
79,63.333333,64,47.8,0.666667
80,64.0,64,47.9,0.666667
81,64.666667,64,45.0,0.666667
82,66.0,64,43.0,1.333334
83,68.0,64,43.0,0.666667
84,68.666667,64,46.1,0.666667
85,69.333333,64,41.0,0.666667
86,70.0,64,47.5,0.666667
87,70.666667,64,40.7,0.666667
88,71.333333,64,40.6,0.666667
89,72.0,64,38.2,0.666667
90,72.666667,64,38.9,0.666667
91,73.333333,64,45.4,0.666667
92,74.0,64,36.5,0.666667
93,74.666667,64,39.2,0.666667
94,75.333333,64,38.6,0.666667
95,76.0,64,45.0,0.666667
96,76.666667,64,47.6,0.666667
97,77.333333,64,36.8,0.666667
98,78.0,64,36.5,0.666667
99,78.666667,64,36.2,0.666667
100,80.0,64,36.8,0.666667
101,80.666667,64,38.6,0.666667
102,82.0,64,47.8,0.666667
103,82.666667,64,36.8,0.666667
104,83.333333,64,47.5,0.666667
105,84.0,64,46.0,0.666667
106,85.333333,64,45.5,0.666667
107,86.666667,64,37.0,0.666667
108,87.333333,64,38.2,0.666667
109,88.0,64,38.6,0.666667
110,88.666667,64,43.7,0.666667
111,89.333333,64,43.4,0.666667
112,90.0,64,38.2,0.666667
113,90.666667,64,47.6,0.666667
114,91.333333,64,45.0,0.666667
115,92.0,64,45.5,0.666667
116,92.666667,64,40.6,1.333334
117,94.666667,64,41.0,0.666667
118,95.333333,64,45.5,0.666667
119,96.0,64,41.6,0.666667
120,96.666667,64,45.8,0.666667
121,97.333333,64,50.9,0.666667
122,98.0,64,55.0,0.666667
123,98.666667,64,56.0,0.666667
124,99.333333,64,50.9,0.666667
125,100.0,64,47.8,0.666667
126,100.666667,64,43.1,0.666667
127,101.333333,64,44.0,0.666667
128,102.0,64,41.0,0.666667
129,102.666667,64,47.9,0.666667
130,103.333333,64,38.0,0.666667
131,104.0,64,36.2,0.666667
132,104.666667,64,36.5,0.666667
133,105.333333,64,36.2,0.666667
134,106.666667,64,36.8,0.666667
135,107.333333,64,40.4,0.666667
136,108.0,64,41.0,0.666667
137,108.666667,64,45.4,0.666667
138,109.333333,64,44.0,0.666667
139,110.0,64,38.6,0.666667
140,110.666667,64,47.8,0.666667
141,112.0,64,39.2,0.666667
142,113.333333,64,47.5,0.666667
143,114.0,64,47.8,0.666667
144,114.666667,64,46.0,0.666667
145,115.333333,64,45.5,0.666667
146,116.0,64,45.8,0.666667
147,116.666667,64,40.6,0.666667
148,117.333333,64,41.6,0.666667
149,118.0,64,45.0,0.666667
150,119.333333,64,50.2,0.666667
151,120.0,64,51.2,0.666667
152,121.333333,64,48.2,0.666667
153,122.0,64,45.5,0.666667
154,122.666667,64,46.0,0.666667
155,123.333333,64,44.5,0.666667
156,124.0,64,43.7,0.666667
157,124.666667,64,40.6,0.666667
158,125.333333,64,36.8,0.666667
159,126.0,64,38.3,0.666667
160,126.666667,64,36.5,0.666667
161,127.333333,64,47.9,1.333334
162,128.666667,64,38.0,0.666667
163,129.333333,64,45.0,0.666667
164,130.0,64,43.0,0.666667
165,130.666667,64,46.4,0.666667
166,131.333333,64,40.7,0.666667
167,132.0,64,43.0,0.666667
168,133.333333,64,43.0,0.666667
169,134.0,64,41.0,0.666667
170,135.333333,64,45.4,0.666667
171,136.0,64,44.0,0.666667
172,136.666667,64,48.5,0.666667
173,137.333333,64,46.1,0.666667
174,138.666667,64,43.1,0.666667
175,140.0,64,44.5,0.666667
176,140.666667,64,47.8,0.666667
177,141.333333,64,46.4,0.666667
178,142.0,64,48.2,0.666667
179,142.666667,64,47.9,0.666667
180,143.333333,64,45.4,0.666667
181,144.0,64,45.5,0.666667
182,144.666667,64,45.0,0.666667
183,145.333333,64,50.9,0.666667
184,146.0,64,50.2,0.666667
185,146.666667,64,48.8,0.666667
186,148.0,64,48.5,0.666667
187,148.666667,64,47.6,0.666667
188,149.333333,64,45.5,0.666667
189,150.0,64,40.0,0.666667
190,150.666667,64,38.6,0.666667
191,151.333333,64,40.6,0.666667
192,152.0,64,39.2,0.666667
193,152.666667,64,43.4,0.666667
194,153.333333,64,46.0,0.666667
195,154.0,64,50.0,0.666667
196,154.666667,64,48.8,0.666667
197,155.333333,64,50.6,0.666667
198,156.0,64,48.5,0.666667
199,156.666667,64,43.0,0.666667
200,157.333333,64,48.2,0.666667
201,158.0,64,53.0,0.666667
202,158.666667,64,52.7,0.666667
203,160.0,64,49.0,0.666667
204,160.666667,64,53.0,0.666667
205,161.333333,64,50.6,0.666667
206,162.0,64,50.2,0.666667
207,162.666667,64,53.6,0.666667
208,164.0,64,47.8,0.666667
209,165.333333,64,48.8,0.666667
210,166.666667,64,47.5,0.666667
211,167.333333,64,52.6,0.666667
212,168.0,64,51.2,0.666667
213,168.666667,64,48.2,0.666667
214,169.333333,64,47.9,0.666667
215,170.0,64,43.0,0.666667
216,170.666667,64,45.5,0.666667
217,171.333333,64,45.0,0.666667
218,172.666667,64,43.0,0.666667
219,173.333333,64,41.0,0.666667
220,174.666667,64,45.5,0.666667
221,175.333333,64,47.6,0.666667
222,176.0,64,50.6,0.666667
223,176.666667,64,52.7,0.666667
224,177.333333,64,55.7,0.666667
225,178.0,64,57.4,0.666667
226,178.666667,64,58.4,0.666667
227,179.333333,64,55.4,0.666667
228,180.0,64,53.0,0.666667
229,180.666667,64,50.0,0.666667
230,181.333333,64,47.6,0.666667
231,182.0,64,50.6,0.666667
232,182.666667,64,45.0,0.666667
233,183.333333,64,47.8,0.666667
234,184.0,64,45.5,0.666667
235,184.666667,64,41.0,0.666667
236,185.333333,64,40.6,0.666667
237,186.666667,64,40.6,0.666667
238,187.333333,64,36.5,0.666667
239,188.666667,64,47.8,0.666667
240,189.333333,64,39.2,0.666667
241,190.0,64,45.0,0.666667
242,190.666667,64,45.5,0.666667
243,192.0,64,47.9,0.666667
244,193.333333,64,45.8,0.666667
245,194.0,64,50.2,0.666667
246,194.666667,64,50.9,0.666667
247,195.333333,64,45.8,0.666667
248,196.0,64,45.5,0.666667
249,196.666667,64,40.6,0.666667
250,197.333333,64,36.2,0.666667
251,198.0,64,45.0,0.666667
252,198.666667,64,38.9,0.666667
253,199.333333,64,40.6,0.666667
254,200.0,64,36.8,0.666667
255,201.333333,64,43.1,0.666667
256,202.0,64,43.4,0.666667
257,202.666667,64,44.0,0.666667
258,203.333333,64,47.5,0.666667
259,204.0,64,41.0,0.666667
260,204.666667,64,43.0,0.666667
261,205.333333,64,46.4,0.666667
262,206.0,64,41.0,0.666667
263,206.666667,64,43.4,0.666667
264,207.333333,64,41.0,0.666667
265,208.0,64,46.4,0.666667
266,208.666667,64,50.9,0.666667
267,209.333333,64,48.5,0.666667
268,210.0,64,45.4,0.666667
269,210.666667,64,48.2,0.666667
270,211.333333,64,50.6,0.666667
271,212.0,64,50.3,0.666667
272,213.333333,64,45.5,0.666667
273,214.0,64,41.0,0.666667
274,214.666667,64,40.4,0.666667
275,215.333333,64,43.0,0.666667
276,216.0,64,41.0,0.666667
277,216.666667,64,37.0,0.666667
278,217.333333,64,46.0,0.666667
279,218.666667,64,44.0,0.666667
280,220.0,64,37.0,0.666667
281,220.666667,64,40.6,0.666667
282,221.333333,64,39.2,0.666667
283,222.0,64,45.8,0.666667
284,222.666667,64,46.1,0.666667
285,223.333333,64,38.2,0.666667
286,224.0,64,39.2,0.666667
287,224.666667,64,45.0,0.666667
288,226.0,64,50.2,0.666667
289,226.666667,64,47.5,0.666667
290,228.0,64,47.8,0.666667
291,228.666667,64,46.1,0.666667
292,229.333333,64,46.0,0.666667
293,230.0,64,45.5,1.333334
294,231.333333,64,47.8,0.666667
295,232.0,64,45.8,0.666667
296,232.666667,64,50.6,0.666667
297,233.333333,64,52.6,0.666667
298,234.0,64,48.5,0.666667
299,234.666667,64,53.6,0.666667
300,235.333333,64,50.6,0.666667
301,236.0,64,45.0,0.666667
302,236.666667,64,45.4,0.666667
303,237.333333,64,46.4,0.666667
304,238.0,64,41.0,0.666667
305,238.666667,64,41.3,0.666667
306,240.0,64,40.0,0.666667
307,240.666667,64,38.6,0.666667
308,242.0,64,45.4,1.333334
309,243.333333,64,38.9,0.666667
310,244.0,64,46.0,0.666667
311,245.333333,64,46.0,0.666667
312,246.666667,64,44.5,0.666667
313,247.333333,64,43.0,0.666667
314,248.0,64,43.7,0.666667
315,248.666667,64,38.3,0.666667
316,249.333333,64,38.6,0.666667
317,250.0,64,47.8,0.666667
318,250.666667,64,47.6,0.666667
319,251.333333,64,45.0,0.666667
320,252.0,64,38.3,0.666667
321,252.666667,64,40.6,0.666667
322,253.333333,64,39.2,0.666667
323,254.666667,64,47.9,0.666667
324,255.333333,64,45.5,0.666667
325,256.0,64,44.0,0.666667
326,256.666667,64,47.9,0.666667
327,257.333333,64,38.0,0.666667
328,258.0,64,38.2,0.666667
329,258.666667,64,36.8,0.666667
330,259.333333,64,43.1,0.666667
331,260.0,64,43.0,0.666667
332,260.666667,64,43.1,0.666667
333,261.333333,64,46.4,0.666667
334,262.0,64,41.0,0.666667
335,262.666667,64,40.7,0.666667
336,263.333333,64,47.8,0.666667
337,264.0,64,46.4,0.666667
338,264.666667,64,45.5,0.666667
339,265.333333,64,45.8,0.666667
340,266.666667,64,44.5,0.666667
341,267.333333,64,40.4,0.666667
342,268.0,64,41.0,0.666667
343,268.666667,64,45.4,0.666667
344,269.333333,64,44.0,0.666667
345,270.0,64,41.0,0.666667
346,270.666667,64,45.4,0.666667
347,272.0,64,44.0,0.666667
348,273.333333,64,40.0,0.666667
349,274.0,64,43.0,0.666667
350,274.666667,64,46.0,0.666667
351,275.333333,64,41.3,0.666667
352,276.0,64,41.0,0.666667
353,276.666667,64,47.8,0.666667
354,277.333333,64,39.2,0.666667
355,278.0,64,45.0,0.666667
356,279.333333,64,40.6,0.666667
357,280.0,64,39.2,0.666667
358,281.333333,64,38.6,0.666667
359,282.0,64,45.5,0.666667
360,282.666667,64,46.4,0.666667
361,283.333333,64,44.5,0.666667
362,284.0,64,36.2,0.666667
363,284.666667,64,38.2,0.666667
364,285.333333,64,39.2,0.666667
365,286.0,64,36.5,0.666667
366,286.666667,64,46.0,0.666667
367,287.333333,64,47.9,0.666667
368,288.0,64,46.4,0.666667
369,288.666667,64,38.0,0.666667
370,289.333333,64,45.0,0.666667
371,290.0,64,47.8,0.666667
372,290.666667,64,38.9,0.666667
373,291.333333,64,46.1,0.666667
374,292.0,64,45.8,0.666667
375,293.333333,64,45.4,0.666667
376,294.0,64,41.0,0.666667
377,295.333333,64,38.2,0.666667
378,296.0,64,36.5,0.666667
379,297.333333,64,47.6,0.666667
380,298.666667,64,45.5,0.666667
381,300.0,64,40.0,0.666667
382,300.666667,64,47.8,0.666667
383,301.333333,64,38.6,0.666667
384,302.0,64,38.3,0.666667
385,302.666667,64,38.6,0.666667
386,303.333333,64,45.4,0.666667
387,304.0,64,45.5,0.666667
388,304.666667,64,45.0,0.666667
389,305.333333,64,43.4,0.666667
390,306.0,64,45.4,0.666667
391,306.666667,64,46.0,0.666667
392,308.0,64,38.0,0.666667
393,308.666667,64,47.6,0.666667
394,309.333333,64,36.8,0.666667
395,310.0,64,43.7,0.666667
396,310.666667,64,38.6,0.666667
397,311.333333,64,43.0,0.666667
398,312.0,64,46.4,0.666667
399,312.666667,64,43.1,0.666667
400,313.333333,64,43.0,0.666667
401,314.0,64,38.0,0.666667
402,314.666667,64,36.2,0.666667
403,315.333333,64,38.6,0.666667
404,316.0,64,41.0,0.666667
405,316.666667,64,40.6,0.666667
406,317.333333,64,40.7,0.666667
407,318.0,64,45.5,0.666667
408,318.666667,64,45.8,0.666667
409,320.0,64,46.4,0.666667
410,320.666667,64,41.0,1.333334
411,322.0,64,43.0,0.666667
412,322.666667,64,38.6,0.666667
413,323.333333,64,45.0,0.666667
414,324.0,64,46.0,0.666667
415,325.333333,64,43.1,0.666667
416,326.666667,64,40.0,0.666667
417,327.333333,64,40.6,0.666667
418,328.0,64,41.6,0.666667
419,328.666667,64,38.3,0.666667
420,329.333333,64,38.6,0.666667
421,330.0,64,43.0,0.666667
422,330.666667,64,43.1,0.666667
423,331.333333,64,45.0,0.666667
424,332.666667,64,50.2,0.666667
425,333.333333,64,47.5,0.666667
426,334.666667,64,52.6,0.666667
427,335.333333,64,47.6,0.666667
428,336.0,64,46.0,0.666667
429,336.666667,64,49.0,0.666667
430,337.333333,64,48.2,0.666667
431,338.0,64,47.8,0.666667
432,338.666667,64,47.9,0.666667
433,339.333333,64,43.1,0.666667
434,340.0,64,43.0,0.666667
435,340.666667,64,38.0,1.333334
436,342.0,64,38.6,0.666667
437,342.666667,64,45.0,0.666667
438,343.333333,64,45.4,0.666667
439,344.0,64,36.8,0.666667
440,344.666667,64,45.5,0.666667
441,345.333333,64,45.8,0.666667
442,346.666667,64,44.5,0.666667
443,347.333333,64,36.5,0.666667
444,348.666667,64,40.6,0.666667
445,349.333333,64,38.2,0.666667
446,350.0,64,47.5,0.666667
447,350.666667,64,47.6,0.666667
448,352.0,64,47.9,0.666667
449,353.333333,64,47.5,0.666667
450,354.0,64,38.2,0.666667
451,354.666667,64,39.2,0.666667
452,355.333333,64,36.2,0.666667
453,356.0,64,36.5,0.666667
454,356.666667,64,40.6,0.666667
455,357.333333,64,38.2,0.666667
456,358.0,64,45.0,0.666667
457,358.666667,64,43.4,0.666667
458,359.333333,64,47.8,0.666667
459,360.0,64,46.4,0.666667
460,361.333333,64,38.0,0.666667
461,362.0,64,43.4,0.666667
462,362.666667,64,46.4,0.666667
463,363.333333,64,50.9,0.666667
464,364.0,64,50.6,0.666667
465,364.666667,64,45.4,0.666667
466,365.333333,64,45.0,0.666667
467,366.0,64,41.0,0.666667
468,366.666667,64,47.8,0.666667
469,367.333333,64,41.0,0.666667
470,368.0,64,44.0,0.666667
471,368.666667,64,38.9,0.666667
472,369.333333,64,41.0,0.666667
473,370.0,64,43.0,0.666667
474,370.666667,64,46.4,0.666667
475,371.333333,64,43.4,0.666667
476,372.0,64,43.7,0.666667
477,373.333333,64,45.5,0.666667
478,374.0,64,41.0,0.666667
479,374.666667,64,36.5,0.666667
480,375.333333,64,38.2,0.666667
481,376.0,64,44.0,0.666667
482,376.666667,64,38.6,0.666667
483,377.333333,64,47.8,0.666667
484,378.666667,64,39.2,0.666667
485,380.0,64,45.0,0.666667
486,380.666667,64,40.6,0.666667
487,381.333333,64,41.6,0.666667
488,382.0,64,41.0,0.666667
489,382.666667,64,40.7,0.666667
490,383.333333,64,38.2,0.666667
491,384.0,64,47.9,0.666667
492,384.666667,64,45.0,0.666667
493,386.0,64,43.0,1.333334
494,388.0,64,38.2,0.666667
495,388.666667,64,46.1,0.666667
496,389.333333,64,38.9,0.666667
497,390.0,64,36.5,0.666667
498,390.666667,64,45.8,0.666667
499,391.333333,64,45.4,0.666667
500,392.0,64,45.5,0.666667
501,392.666667,64,36.2,1.333334
502,394.0,64,36.5,0.666667
503,394.666667,64,45.5,0.666667
504,395.333333,64,38.6,0.666667
505,396.0,64,45.0,0.666667
506,396.666667,64,47.8,0.666667
507,397.333333,64,46.4,0.666667
508,398.0,64,45.8,0.666667
509,398.666667,64,45.5,0.666667
510,400.0,64,44.0,0.666667
511,400.666667,64,38.6,0.666667
512,402.0,64,38.2,0.666667
513,402.666667,64,44.0,0.666667
514,403.333333,64,38.6,0.666667
515,404.0,64,46.0,0.666667
516,405.333333,64,44.0,0.666667
517,406.666667,64,47.5,0.666667
518,407.333333,64,40.6,0.666667
519,408.0,64,46.4,0.666667
520,408.666667,64,48.2,0.666667
521,409.333333,64,47.9,0.666667
522,410.0,64,47.8,0.666667
523,410.666667,64,47.9,0.666667
524,411.333333,64,45.0,0.666667
525,412.0,64,41.0,0.666667
526,412.666667,64,43.0,0.666667
527,413.333333,64,43.4,0.666667
528,414.666667,64,45.5,1.333334
529,416.0,64,46.4,0.666667
530,416.666667,64,44.5,0.666667
531,417.333333,64,38.9,0.666667
532,418.0,64,45.4,0.666667
533,418.666667,64,36.5,0.666667
534,419.333333,64,43.4,1.333334
535,420.666667,64,43.1,0.666667
536,421.333333,64,36.2,0.666667
537,422.0,64,41.0,0.666667
538,422.666667,64,38.6,0.666667
539,423.333333,64,47.8,0.666667
540,424.0,64,38.3,0.666667
541,424.666667,64,41.0,0.666667
542,425.333333,64,40.7,0.666667
543,426.666667,64,38.0,0.666667
544,427.333333,64,40.4,0.666667
545,428.0,64,41.0,0.666667
546,428.666667,64,43.0,0.666667
547,429.333333,64,40.4,0.666667
548,430.666667,64,46.0,0.666667
549,432.0,64,48.8,0.666667
550,433.333333,64,49.0,0.666667
551,434.0,64,45.4,1.333334
552,435.333333,64,48.2,0.666667
553,436.0,64,48.5,0.666667
554,436.666667,64,50.2,0.666667
555,437.333333,64,56.0,0.666667
556,438.0,64,57.0,0.666667
557,439.333333,64,59.8,0.666667
558,440.0,64,48.8,0.666667
559,441.333333,64,50.9,0.666667
560,442.0,64,57.5,0.666667
561,442.666667,64,58.0,0.666667
562,443.333333,64,55.7,0.666667
563,444.0,64,57.8,0.666667
564,444.666667,64,50.2,0.666667
565,445.333333,64,58.4,0.666667
566,446.0,64,53.0,0.666667
567,446.666667,64,55.4,0.666667
568,447.333333,64,59.9,0.666667
569,448.0,64,51.2,0.666667
570,448.666667,64,50.0,0.666667
571,449.333333,64,57.0,0.666667
572,450.0,64,52.6,0.666667
573,450.666667,64,56.0,0.666667
574,451.333333,64,55.4,0.666667
575,452.0,64,55.7,0.666667
576,453.333333,64,57.0,0.666667
577,454.0,64,53.0,0.666667
578,455.333333,64,52.6,0.666667
579,456.0,64,51.2,0.666667
580,456.666667,64,57.0,0.666667
581,457.333333,64,58.0,0.666667
582,458.666667,64,58.0,0.666667
583,460.0,64,57.5,0.666667
584,460.666667,64,50.2,0.666667
585,461.333333,64,53.599999999999994,0.666667
586,462.0,64,55.7,0.666667
587,462.666667,64,55.4,0.666667
588,463.333333,64,52.6,0.666667
589,464.0,64,57.8,0.666667
590,464.666667,64,57.0,0.666667
591,465.333333,64,50.6,0.666667
592,466.0,64,59.8,0.666667
593,466.666667,64,56.0,0.666667
594,468.0,64,53.0,0.666667
595,468.666667,64,47.6,0.666667
596,469.333333,64,43.4,0.666667
597,470.0,64,44.5,0.666667
598,470.666667,64,38.6,0.666667
599,471.333333,64,45.4,0.666667
600,472.0,64,45.0,0.666667
601,472.666667,64,38.9,0.666667
602,473.333333,64,45.4,0.666667
603,474.0,64,38.0,0.666667
604,474.666667,64,46.4,0.666667
605,475.333333,64,38.6,0.666667
606,476.0,64,41.0,0.666667
607,476.666667,64,43.0,0.666667
608,477.333333,64,41.3,0.666667
609,478.0,64,36.5,0.666667
610,478.666667,64,36.2,0.666667
611,480.0,64,47.5,0.666667
612,480.666667,64,41.0,0.666667
613,481.333333,64,38.6,0.666667
614,482.0,64,40.6,0.666667
615,482.666667,64,36.8,0.666667
616,483.333333,64,44.5,0.666667
617,484.0,64,45.4,0.666667
618,485.333333,64,45.4,0.666667
619,486.666667,64,43.0,1.333334
620,488.0,64,45.5,0.666667
621,488.666667,64,43.7,0.666667
622,489.333333,64,43.4,0.666667
623,490.0,64,43.0,0.666667
624,490.666667,64,45.5,0.666667
625,491.333333,64,45.0,0.666667
626,492.666667,64,45.4,0.666667
627,493.333333,64,44.5,0.666667
628,494.666667,64,43.0,0.666667
629,495.333333,64,47.6,0.666667
630,496.0,64,43.7,0.666667
631,496.666667,64,47.5,0.666667
632,497.333333,64,38.3,0.666667
633,498.0,64,47.8,0.666667
634,498.666667,64,38.6,0.666667
635,499.333333,64,38.9,0.666667
636,500.0,64,47.8,0.666667
637,500.666667,64,38.0,0.666667
638,501.333333,64,36.8,0.666667
639,502.0,64,38.6,0.666667
640,502.666667,64,45.0,0.666667
641,503.333333,64,43.1,0.666667
642,504.0,64,46.4,0.666667
643,504.666667,64,36.5,0.666667
644,505.333333,64,36.2,0.666667
645,506.666667,64,36.5,1.333334
646,508.666667,64,38.2,0.666667
647,509.333333,64,47.9,0.666667
648,510.0,64,41.0,0.666667
649,510.666667,64,45.5,0.666667
650,512.0,64,44.0,0.666667
651,513.333333,64,47.9,0.666667
652,514.0,64,47.8,0.666667
653,514.666667,64,50.0,0.666667
654,515.333333,64,53.3,0.666667
655,516.0,64,53.0,0.666667
656,516.666667,64,57.4,0.666667
657,517.333333,64,57.5,0.666667
658,518.0,64,57.0,0.666667
659,518.666667,64,55.1,0.666667
660,519.333333,64,57.4,0.666667
661,520.0,64,58.4,0.666667
662,521.333333,64,55.1,0.666667
663,522.0,64,55.4,0.666667
664,522.666667,64,58.4,0.666667
665,523.333333,64,48.5,0.666667
666,524.0,64,53.0,0.666667
667,524.666667,64,55.0,0.666667
668,525.333333,64,48.8,0.666667
669,526.0,64,48.5,0.666667
670,526.666667,64,48.2,0.666667
671,527.333333,64,53.0,1.333334
672,528.666667,64,50.9,0.666667
673,529.333333,64,45.5,0.666667
674,530.0,64,40.6,0.666667
675,530.666667,64,46.4,0.666667
676,531.333333,64,46.1,0.666667
677,532.0,64,45.8,0.666667
678,533.333333,64,44.5,0.666667
679,534.0,64,41.0,0.666667
680,534.666667,64,40.4,0.666667
681,535.333333,64,38.2,0.666667
682,536.0,64,44.0,0.666667
683,536.666667,64,40.4,0.666667
684,537.333333,64,46.0,0.666667
685,538.666667,64,44.0,0.666667
686,540.0,64,41.0,0.666667
687,540.666667,64,47.8,0.666667
688,541.333333,64,46.4,0.666667
689,542.0,64,36.5,0.666667
690,542.666667,64,36.2,0.666667
691,543.333333,64,45.4,0.666667
692,544.0,64,44.0,0.666667
693,544.666667,64,45.0,0.666667
694,546.0,64,45.4,0.666667
695,546.666667,64,44.0,0.666667
696,548.0,64,43.0,0.666667
697,548.666667,64,46.1,1.333334
698,550.0,64,47.5,0.666667
699,550.666667,64,41.3,0.666667
700,551.333333,64,43.0,0.666667
701,552.0,64,41.0,0.666667
702,552.666667,64,43.7,0.666667
703,553.333333,64,46.0,0.666667
704,554.0,64,48.5,0.666667
705,554.666667,64,43.4,0.666667
706,555.333333,64,38.6,0.666667
707,556.0,64,45.0,0.666667
708,556.666667,64,40.6,0.666667
709,557.333333,64,41.6,0.666667
710,558.0,64,41.3,0.666667
711,558.666667,64,41.0,0.666667
712,560.0,64,41.0,0.666667
713,560.666667,64,38.6,0.666667
714,562.0,64,45.4,0.666667
715,562.666667,64,47.8,0.666667
716,564.0,64,46.0,0.666667
717,565.333333,64,46.4,0.666667
718,566.666667,64,47.5,0.666667
719,567.333333,64,47.8,0.666667
720,568.0,64,36.2,0.666667
721,568.666667,64,41.0,0.666667
722,569.333333,64,41.3,0.666667
723,570.0,64,47.8,0.666667
724,570.666667,64,47.9,0.666667
725,571.333333,64,45.0,0.666667
726,572.0,64,36.5,0.666667
727,572.666667,64,38.2,0.666667
728,573.333333,64,36.8,0.666667
729,574.666667,64,47.9,0.666667
730,575.333333,64,45.5,2.000001
731,577.333333,64,38.0,0.666667
732,578.0,64,40.6,0.666667
733,578.666667,64,46.4,0.666667
734,579.333333,64,45.8,1.333334
735,580.666667,64,43.1,0.666667
736,581.333333,64,38.9,0.666667
737,582.0,64,41.0,0.666667
738,582.666667,64,46.1,0.666667
739,583.333333,64,43.0,0.666667
740,584.0,64,44.0,0.666667
741,584.666667,64,48.2,0.666667
742,585.333333,64,48.5,0.666667
743,586.666667,64,48.8,0.666667
744,587.333333,64,52.4,0.666667
745,588.0,64,53.0,0.666667
746,588.666667,64,52.6,0.666667
747,589.333333,64,51.2,0.666667
748,590.0,64,57.0,0.666667
749,590.666667,64,58.0,0.666667
750,592.0,64,57.5,0.666667
751,593.333333,64,59.5,0.666667
752,594.0,64,55.0,0.666667
753,594.666667,64,58.0,0.666667
754,595.333333,64,57.8,0.666667
755,596.0,64,57.5,0.666667
756,596.666667,64,50.2,0.666667
757,597.333333,64,55.4,0.666667
758,598.0,64,57.0,0.666667
759,599.333333,64,57.4,0.666667
760,600.0,64,56.0,0.666667
761,601.333333,64,55.1,0.666667
762,602.0,64,57.5,0.666667
763,602.666667,64,50.6,0.666667
764,603.333333,64,56.5,0.666667
765,604.0,64,50.3,0.666667
766,604.666667,64,59.8,0.666667
767,605.333333,64,58.4,0.666667
768,606.0,64,53.0,0.666667
769,606.666667,64,57.4,0.666667
770,607.333333,64,59.9,0.666667
771,608.0,64,57.5,0.666667
772,608.666667,64,50.0,0.666667
773,609.333333,64,57.0,0.666667
774,610.0,64,57.5,0.666667
775,610.666667,64,55.4,0.666667
776,611.333333,64,50.6,0.666667
777,612.0,64,50.3,0.666667
778,613.333333,64,50.2,0.666667
779,614.0,64,53.0,0.666667
780,615.333333,64,47.8,0.666667
781,616.0,64,48.8,0.666667
782,616.666667,64,44.5,0.666667
783,617.333333,64,46.0,0.666667
784,618.666667,64,48.8,0.666667
785,620.0,64,44.5,0.666667
786,620.666667,64,45.4,0.666667
787,621.333333,64,50.6,0.666667
788,622.0,64,45.8,0.666667
789,622.666667,64,46.1,0.666667
790,623.333333,64,40.6,0.666667
791,624.0,64,36.5,0.666667
792,624.666667,64,45.0,0.666667
793,625.333333,64,43.1,0.666667
794,626.0,64,43.0,1.333334
795,628.0,64,36.5,0.666667
796,628.666667,64,47.6,0.666667
797,629.333333,64,36.2,0.666667
798,630.0,64,38.3,0.666667
799,630.666667,64,38.6,0.666667
800,631.333333,64,40.6,0.666667
801,632.0,64,44.0,0.666667
802,632.666667,64,38.6,0.666667
803,633.333333,64,40.6,0.666667
804,634.0,64,38.0,0.666667
805,634.666667,64,40.7,0.666667
806,635.333333,64,38.6,0.666667
807,636.0,64,45.5,0.666667
808,636.666667,64,47.9,0.666667
809,637.333333,64,46.4,0.666667
810,638.0,64,41.0,0.666667
811,638.666667,64,41.3,0.666667
812,640.0,64,44.0,0.666667
813,640.666667,64,41.0,1.333334
814,642.0,64,43.0,0.666667
815,642.666667,64,44.0,0.666667
816,643.333333,64,38.0,0.666667
817,644.0,64,46.0,0.666667
818,645.333333,64,43.1,0.666667
819,646.666667,64,45.0,0.666667
820,647.333333,64,45.4,0.666667
821,648.0,64,46.0,0.666667
822,648.666667,64,45.8,0.666667
823,649.333333,64,46.1,0.666667
824,650.0,64,43.0,0.666667
825,650.666667,64,43.1,0.666667
826,651.333333,64,45.0,0.666667
827,652.666667,64,47.8,0.666667
828,653.333333,64,46.4,0.666667
829,654.666667,64,36.5,0.666667
830,655.333333,64,47.6,0.666667
831,656.0,64,47.8,0.666667
832,656.666667,64,40.7,0.666667
833,657.333333,64,38.3,0.666667
834,658.0,64,38.2,0.666667
835,658.666667,64,38.6,1.333334
836,660.0,64,43.0,0.666667
837,660.666667,64,38.0,0.666667
838,661.333333,64,36.8,0.666667
839,662.0,64,38.6,0.666667
840,662.666667,64,45.0,0.666667
841,663.333333,64,40.6,0.666667
842,664.0,64,46.4,0.666667
843,664.666667,64,41.0,0.666667
844,665.333333,64,41.3,0.666667
845,666.666667,64,40.0,0.666667
846,667.333333,64,36.5,0.666667
847,668.666667,64,43.0,0.666667
848,669.333333,64,44.0,0.666667
849,670.0,64,41.0,0.666667
850,670.666667,64,46.0,0.666667
851,672.0,64,46.0,0.666667
852,673.333333,64,37.0,0.666667
853,674.0,64,45.4,0.666667
854,674.666667,64,46.4,0.666667
855,675.333333,64,45.5,0.666667
856,676.0,64,45.8,0.666667
857,676.666667,64,45.4,0.666667
858,677.333333,64,45.5,0.666667
859,678.0,64,45.0,0.666667
860,678.666667,64,43.1,0.666667
861,679.333333,64,47.8,0.666667
862,680.0,64,36.8,0.666667
863,681.333333,64,36.2,0.666667
864,682.0,64,43.4,0.666667
865,682.666667,64,45.5,0.666667
866,683.333333,64,47.5,0.666667
867,684.0,64,38.6,0.666667
868,684.666667,64,38.2,0.666667
869,685.333333,64,39.2,0.666667
870,686.0,64,38.3,0.666667
871,686.666667,64,46.1,0.666667
872,687.333333,64,41.0,0.666667
873,688.0,64,36.8,0.666667
874,688.666667,64,38.9,0.666667
875,689.333333,64,45.5,0.666667
876,690.0,64,40.6,0.666667
877,690.666667,64,41.6,0.666667
878,691.333333,64,40.7,0.666667
879,692.0,64,41.0,0.666667
880,693.333333,64,40.0,0.666667
881,694.0,64,41.0,0.666667
882,694.666667,64,36.5,0.666667
883,695.333333,64,45.4,0.666667
884,696.0,64,41.6,0.666667
885,697.333333,64,40.6,0.666667
886,698.666667,64,38.2,0.666667
887,700.0,64,37.0,0.666667
888,700.666667,64,43.0,0.666667
889,701.333333,64,46.0,0.666667
890,702.0,64,40.7,0.666667
891,702.666667,64,41.0,0.666667
892,703.333333,64,47.8,0.666667
893,704.0,64,47.9,0.666667
894,704.666667,64,45.0,0.666667
895,706.0,64,40.6,0.666667
896,706.666667,64,40.7,0.666667
897,708.0,64,38.2,0.666667
898,708.666667,64,46.1,0.666667
899,709.333333,64,43.7,0.666667
900,710.0,64,40.0,0.666667
901,710.666667,64,36.2,0.666667
902,711.333333,64,38.2,0.666667
903,712.0,64,36.5,0.666667
904,712.666667,64,45.5,0.666667
905,713.333333,64,47.9,0.666667
906,714.0,64,36.5,0.666667
907,714.666667,64,46.4,0.666667
908,715.333333,64,38.6,0.666667
909,716.0,64,45.0,0.666667
910,716.666667,64,47.8,0.666667
911,717.333333,64,44.0,0.666667
912,718.0,64,47.9,0.666667
913,718.666667,64,47.8,0.666667
914,720.0,64,47.5,0.666667
915,720.666667,64,38.6,0.666667
916,722.0,64,47.8,0.666667
917,722.666667,64,38.0,0.666667
918,723.333333,64,45.0,0.666667
919,724.0,64,46.0,0.666667
920,725.333333,64,47.6,0.666667
921,726.666667,64,38.9,0.666667
922,727.333333,64,45.4,0.666667
923,728.0,64,38.6,0.666667
924,728.666667,64,45.5,0.666667
925,729.333333,64,45.4,0.666667
926,730.0,64,38.2,0.666667
927,730.666667,64,47.6,0.666667
928,731.333333,64,45.0,0.666667
929,732.0,64,41.0,0.666667
930,732.666667,64,43.0,0.666667
931,733.333333,64,44.0,0.666667
932,734.666667,64,41.0,0.666667
933,735.333333,64,45.5,0.666667
934,736.0,64,44.0,0.666667
935,736.666667,64,40.0,0.666667
936,737.333333,64,38.9,0.666667
937,738.0,64,40.6,0.666667
938,738.666667,64,46.4,0.666667
939,739.333333,64,50.3,0.666667
940,740.0,64,48.5,0.666667
941,740.666667,64,43.1,0.666667
942,741.333333,64,46.4,0.666667
943,742.0,64,41.0,0.666667
944,742.666667,64,43.4,0.666667
945,743.333333,64,47.6,0.666667
946,744.0,64,48.8,0.666667
947,744.666667,64,52.7,0.666667
948,745.333333,64,53.0,0.666667
949,746.666667,64,52.0,0.666667
950,747.333333,64,52.4,0.666667
951,748.0,64,53.0,0.666667
952,748.666667,64,47.8,0.666667
953,749.333333,64,48.5,0.666667
954,750.0,64,52.0,0.666667
955,750.666667,64,46.0,0.666667
956,752.0,64,44.0,0.666667
957,753.333333,64,40.0,0.666667
958,754.0,64,38.2,0.666667
959,754.666667,64,39.2,0.666667
960,755.333333,64,40.7,0.666667
961,756.0,64,41.0,0.666667
962,756.666667,64,40.6,0.666667
963,757.333333,64,39.2,0.666667
964,758.0,64,45.0,0.666667
965,759.333333,64,40.6,0.666667
966,760.0,64,41.6,0.666667
967,761.333333,64,40.6,0.666667
968,762.0,64,45.5,1.333334
969,763.333333,64,44.5,0.666667
970,764.0,64,41.0,0.666667
971,764.666667,64,43.0,0.666667
972,765.333333,64,44.0,0.666667
973,766.0,64,45.5,0.666667
974,766.666667,64,50.2,0.666667
975,767.333333,64,47.9,1.333334
976,768.666667,64,50.0,0.666667
977,769.333333,64,45.0,0.666667
978,770.0,64,45.4,0.666667
979,770.666667,64,46.4,0.666667
980,771.333333,64,47.9,0.666667
981,772.0,64,48.2,0.666667
982,773.333333,64,48.8,0.666667
983,774.0,64,53.0,0.666667
984,775.333333,64,57.4,0.666667
985,776.0,64,56.0,0.666667
986,776.666667,64,50.6,0.666667
987,777.333333,64,46.1,0.666667
988,778.666667,64,43.1,0.666667
989,780.0,64,40.0,0.666667
990,780.666667,64,47.8,0.666667
991,781.333333,64,45.8,0.666667
992,782.0,64,41.0,0.666667
993,782.666667,64,45.4,0.666667
994,783.333333,64,43.0,1.333334
995,784.666667,64,45.0,0.666667
996,785.333333,64,36.2,0.666667
997,786.0,64,38.2,0.666667
998,786.666667,64,39.2,0.666667
999,788.0,64,38.3,0.666667
1000,788.666667,64,47.6,0.666667
1001,789.333333,64,45.5,0.666667
1002,790.0,64,43.0,0.666667
1003,790.666667,64,38.6,0.666667
1004,791.333333,64,40.6,0.666667
1005,792.0,64,36.8,0.666667
1006,792.666667,64,36.2,0.666667
1007,793.333333,64,47.8,0.666667
1008,794.0,64,38.0,0.666667
1009,794.666667,64,38.9,0.666667
1010,795.333333,64,38.6,0.666667
1011,796.0,64,45.8,0.666667
1012,796.666667,64,43.0,0.666667
1013,797.333333,64,45.5,0.666667
1014,798.0,64,45.8,0.666667
1015,798.666667,64,45.5,0.666667
1016,800.0,64,44.5,0.666667
1017,800.666667,64,41.0,0.666667
1018,801.333333,64,38.6,0.666667
1019,802.0,64,45.4,0.666667
1020,802.666667,64,44.0,0.666667
1021,803.333333,64,41.0,0.666667
1022,804.0,64,46.0,0.666667
1023,805.333333,64,44.0,0.666667
1024,806.666667,64,40.0,0.666667
1025,807.333333,64,47.8,0.666667
1026,808.0,64,46.4,0.666667
1027,808.666667,64,41.0,0.666667
1028,809.333333,64,40.7,0.666667
1029,810.0,64,38.2,0.666667
1030,810.666667,64,38.0,0.666667
1031,811.333333,64,45.0,0.666667
1032,812.666667,64,38.2,0.666667
1033,813.333333,64,36.8,0.666667
1034,814.666667,64,38.3,0.666667
1035,815.333333,64,47.6,0.666667
1036,816.0,64,46.4,0.666667
1037,816.666667,64,37.0,0.666667
1038,817.333333,64,36.2,0.666667
1039,818.0,64,40.6,0.666667
1040,818.666667,64,39.2,0.666667
1041,819.333333,64,36.2,0.666667
1042,820.0,64,47.8,0.666667
1043,820.666667,64,38.0,0.666667
1044,821.333333,64,47.6,0.666667
1045,822.0,64,38.6,0.666667
1046,822.666667,64,45.0,0.666667
1047,823.333333,64,43.0,0.666667
1048,824.0,64,41.0,0.666667
1049,824.666667,64,45.8,0.666667
1050,825.333333,64,45.5,0.666667
1051,826.666667,64,45.4,0.666667
1052,827.333333,64,36.5,0.666667
1053,828.666667,64,38.2,0.666667
1054,829.333333,64,41.6,0.666667
1055,830.666667,64,46.0,0.666667
1056,832.0,64,46.4,0.666667
1057,833.333333,64,47.5,0.666667
1058,834.0,64,52.6,0.666667
1059,834.666667,64,51.2,0.666667
1060,835.333333,64,53.0,0.666667
1061,836.0,64,53.3,0.666667
1062,836.666667,64,52.6,0.666667
1063,837.333333,64,51.2,0.666667
1064,838.0,64,57.0,0.666667
1065,838.666667,64,55.4,0.666667
1066,839.333333,64,55.0,0.666667
1067,840.0,64,55.4,0.666667
1068,841.333333,64,55.1,0.666667
1069,842.0,64,55.4,0.666667
1070,842.666667,64,48.2,1.333334
1071,844.0,64,53.0,0.666667
1072,844.666667,64,57.4,0.666667
1073,845.333333,64,58.4,0.666667
1074,846.0,64,57.8,0.666667
1075,846.666667,64,59.8,0.666667
1076,847.333333,64,53.0,0.666667
1077,848.0,64,50.3,0.666667
1078,848.666667,64,50.9,0.666667
1079,849.333333,64,53.0,0.666667
1080,850.0,64,47.8,0.666667
1081,850.666667,64,44.0,0.666667
1082,851.333333,64,48.2,0.666667
1083,852.0,64,48.5,0.666667
1084,853.333333,64,47.5,0.666667
1085,854.0,64,53.0,0.666667
1086,854.666667,64,52.4,0.666667
1087,855.333333,64,47.8,0.666667
1088,856.0,64,51.2,0.666667
1089,856.666667,64,57.0,0.666667
1090,857.333333,64,58.0,0.666667
1091,858.666667,64,53.6,0.666667
1092,860.0,64,56.5,0.666667
1093,860.666667,64,50.2,0.666667
1094,861.333333,64,53.599999999999994,0.666667
1095,862.0,64,57.8,0.666667
1096,862.666667,64,57.5,0.666667
1097,863.333333,64,55.0,0.666667
1098,864.0,64,56.0,0.666667
1099,864.666667,64,57.0,0.666667
1100,866.0,64,52.6,0.666667
1101,866.666667,64,49.0,0.666667
1102,868.0,64,45.4,0.666667
1103,868.666667,64,46.1,0.666667
1104,869.333333,64,46.0,0.666667
1105,870.0,64,47.5,0.666667
1106,870.666667,64,48.2,0.666667
1107,871.333333,64,43.0,0.666667
1108,872.0,64,46.4,0.666667
1109,872.666667,64,41.0,0.666667
1110,873.333333,64,45.5,0.666667
1111,874.0,64,48.5,0.666667
1112,874.666667,64,44.0,0.666667
1113,875.333333,64,38.6,0.666667
1114,876.0,64,45.0,0.666667
1115,876.666667,64,45.4,0.666667
1116,877.333333,64,36.8,0.666667
1117,878.0,64,38.6,0.666667
1118,878.666667,64,38.3,0.666667
1119,880.0,64,38.6,1.333334
1120,882.0,64,43.0,0.666667
1121,882.666667,64,48.8,0.666667
1122,883.333333,64,52.0,0.666667
1123,884.0,64,57.5,0.666667
1124,885.333333,64,58.0,0.666667
1125,886.666667,64,59.5,0.666667
1126,887.333333,64,52.599999999999994,0.666667
1127,888.0,64,51.2,0.666667
1128,888.666667,64,53.3,0.666667
1129,889.333333,64,53.0,0.666667
1130,890.0,64,57.4,0.666667
1131,890.666667,64,58.1,0.666667
1132,891.333333,64,57.0,0.666667
1133,892.0,64,53.0,0.666667
1134,892.666667,64,50.2,1.333334
1135,894.666667,64,50.6,0.666667
1136,895.333333,64,45.5,0.666667
1137,896.0,64,44.0,0.666667
1138,896.666667,64,44.5,0.666667
1139,897.333333,64,50.0,0.666667
1140,898.0,64,47.8,0.666667
1141,898.666667,64,45.0,0.666667
1142,899.333333,64,48.5,0.666667
1143,900.0,64,52.6,0.666667
1144,900.666667,64,55.1,0.666667
1145,901.333333,64,56.0,0.666667
1146,902.0,64,53.0,0.666667
1147,902.666667,64,55.4,0.666667
1148,903.333333,64,57.4,0.666667
1149,904.0,64,58.4,0.666667
1150,904.666667,64,58.1,0.666667
1151,905.333333,64,57.8,0.666667
1152,906.666667,64,58.4,0.666667
1153,907.333333,64,52.4,0.666667
1154,908.0,64,53.0,0.666667
1155,908.666667,64,57.4,0.666667
1156,909.333333,64,56.0,0.666667
1157,910.0,64,50.6,0.666667
1158,910.666667,64,52.6,0.666667
1159,912.0,64,51.2,0.666667
1160,913.333333,64,57.0,0.666667
1161,914.0,64,55.0,0.666667
1162,914.666667,64,58.0,0.666667
1163,915.333333,64,48.5,0.666667
1164,916.0,64,48.2,0.666667
1165,916.666667,64,59.8,0.666667
1166,917.333333,64,55.4,0.666667
1167,918.0,64,57.0,0.666667
1168,919.333333,64,52.6,0.666667
1169,920.0,64,51.2,0.666667
1170,921.333333,64,50.2,0.666667
1171,922.0,64,45.5,1.333334
1172,923.333333,64,41.0,0.666667
1173,924.0,64,43.7,0.666667
1174,924.666667,64,38.2,0.666667
1175,925.333333,64,36.8,0.666667
1176,926.0,64,43.7,0.666667
1177,926.666667,64,40.6,0.666667
1178,927.333333,64,47.9,0.666667
1179,928.0,64,45.8,0.666667
1180,928.666667,64,38.0,0.666667
1181,929.333333,64,45.0,0.666667
1182,930.0,64,47.8,0.666667
1183,930.666667,64,46.4,0.666667
1184,931.333333,64,41.3,0.666667
1185,932.0,64,41.0,0.666667
1186,933.333333,64,40.0,0.666667
1187,934.0,64,41.0,0.666667
1188,935.333333,64,45.4,0.666667
1189,936.0,64,44.0,0.666667
1190,936.666667,64,36.5,0.666667
1191,937.333333,64,47.6,0.666667
1192,938.666667,64,43.4,0.666667
1193,940.0,64,44.5,0.666667
1194,940.666667,64,43.0,0.666667
1195,941.333333,64,46.4,0.666667
1196,942.0,64,36.5,0.666667
1197,942.666667,64,36.2,0.666667
1198,943.333333,64,47.8,0.666667
1199,944.0,64,46.4,0.666667
1200,944.666667,64,45.0,0.666667
1201,945.333333,64,38.9,0.666667
1202,946.0,64,40.6,0.666667
1203,946.666667,64,39.2,0.666667
1204,948.0,64,38.0,0.666667
1205,948.666667,64,47.6,0.666667
1206,949.333333,64,46.4,0.666667
1207,950.0,64,44.5,0.666667
1208,950.666667,64,38.6,0.666667
1209,951.333333,64,38.2,0.666667
1210,952.0,64,39.2,0.666667
1211,952.666667,64,43.7,0.666667
1212,953.333333,64,43.0,0.666667
1213,954.0,64,38.0,0.666667
1214,954.666667,64,38.2,0.666667
1215,955.333333,64,38.6,0.666667
1216,956.0,64,36.5,0.666667
1217,956.666667,64,47.8,0.666667
1218,957.333333,64,36.2,0.666667
1219,958.0,64,41.3,0.666667
1220,958.666667,64,41.0,0.666667
1221,960.0,64,40.0,0.666667
1222,960.666667,64,41.0,1.333334
1223,962.0,64,38.2,0.666667
1224,962.666667,64,38.6,0.666667
1225,964.0,64,40.6,0.666667
1226,965.333333,64,36.8,0.666667
1227,966.666667,64,44.5,0.666667
1228,967.333333,64,47.8,0.666667
1229,968.0,64,46.0,0.666667
1230,968.666667,64,36.5,0.666667
1231,969.333333,64,36.2,0.666667
1232,970.0,64,38.2,0.666667
1233,970.666667,64,36.2,0.666667
1234,971.333333,64,45.0,0.666667
1235,972.666667,64,45.4,0.666667
1236,973.333333,64,43.0,0.666667
1237,974.666667,64,43.0,0.666667
1238,975.333333,64,47.6,0.666667
1239,976.0,64,46.0,0.666667
1240,976.666667,64,45.8,0.666667
1241,977.333333,64,43.7,0.666667
1242,978.0,64,43.0,0.666667
1243,978.666667,64,43.4,0.666667
1244,979.333333,64,43.7,0.666667
1245,980.0,64,43.0,0.666667
1246,980.666667,64,38.0,1.333334
1247,982.0,64,38.6,0.666667
1248,982.666667,64,45.0,0.666667
1249,983.333333,64,40.6,0.666667
1250,984.0,64,44.0,0.666667
1251,984.666667,64,41.3,0.666667
1252,985.333333,64,41.0,0.666667
1253,986.666667,64,43.0,0.666667
1254,987.333333,64,48.5,0.666667
1255,988.666667,64,43.0,1.333334
1256,990.0,64,45.0,0.666667
1257,990.666667,64,46.0,0.666667
1258,992.0,64,47.9,0.666667
1259,993.333333,64,47.5,0.666667
1260,994.0,64,52.6,0.666667
1261,994.666667,64,53.6,0.666667
1262,995.333333,64,48.2,0.666667
1263,996.0,64,47.9,0.666667
1264,996.666667,64,52.6,1.333334
1265,998.0,64,57.0,0.666667
1266,998.666667,64,50.9,0.666667
1267,999.333333,64,50.2,0.666667
1268,1000.0,64,59.8,0.666667
1269,1001.333333,64,50.0,0.666667
1270,1002.0,64,55.4,0.666667
1271,1002.666667,64,59.6,0.666667
1272,1003.333333,64,49.0,0.666667
1273,1004.0,64,50.6,0.666667
1274,1004.666667,64,59.8,0.666667
1275,1005.333333,64,58.4,0.666667
1276,1006.0,64,55.4,0.666667
1277,1006.666667,64,55.1,0.666667
1278,1007.333333,64,53.0,0.666667
1279,1008.0,64,58.4,0.666667
1280,1008.666667,64,50.9,0.666667
1281,1009.333333,64,48.5,0.666667
1282,1010.0,64,57.4,0.666667
1283,1010.666667,64,48.2,0.666667
1284,1011.333333,64,53.0,0.666667
1285,1012.0,64,52.7,0.666667
1286,1013.333333,64,51.2,0.666667
1287,1014.0,64,53.0,0.666667
1288,1014.666667,64,48.5,0.666667
1289,1015.333333,64,52.6,0.666667
1290,1016.0,64,48.8,0.666667
1291,1016.666667,64,47.5,0.666667
1292,1017.333333,64,46.0,0.666667
1293,1018.666667,64,47.9,0.666667
1294,1020.0,64,53.0,0.666667
1295,1020.666667,64,50.2,0.666667
1296,1021.333333,64,51.2,0.666667
1297,1022.0,64,48.2,0.666667
1298,1022.666667,64,48.5,0.666667
1299,1023.333333,64,43.0,0.666667
1300,1024.0,64,44.0,0.666667
1301,1024.666667,64,45.0,0.666667
1302,1026.0,64,47.8,0.666667
1303,1026.666667,64,47.9,0.666667
1304,1028.0,64,47.8,0.666667
1305,1028.666667,64,46.1,0.666667
1306,1029.333333,64,50.0,0.666667
1307,1030.0,64,47.5,0.666667
1308,1030.666667,64,53.3,0.666667
1309,1031.333333,64,57.4,0.666667
1310,1032.0,64,56.0,0.666667
1311,1032.666667,64,53.0,0.666667
1312,1033.333333,64,57.4,0.666667
1313,1034.0,64,48.5,0.666667
1314,1034.666667,64,48.8,0.666667
1315,1035.333333,64,50.6,0.666667
1316,1036.0,64,57.0,0.666667
1317,1036.666667,64,55.0,0.666667
1318,1037.333333,64,55.1,0.666667
1319,1038.0,64,55.4,0.666667
1320,1038.666667,64,55.7,0.666667
1321,1040.0,64,55.0,0.666667
1322,1040.666667,64,50.6,0.666667
1323,1042.0,64,50.2,0.666667
1324,1042.666667,64,50.6,0.666667
1325,1043.333333,64,50.9,0.666667
1326,1044.0,64,46.0,0.666667
1327,1045.333333,64,46.4,0.666667
1328,1046.666667,64,48.5,0.666667
1329,1047.333333,64,52.6,0.666667
1330,1048.0,64,53.6,0.666667
1331,1048.666667,64,48.2,0.666667
1332,1049.333333,64,48.5,0.666667
1333,1050.0,64,45.4,0.666667
1334,1050.666667,64,47.6,0.666667
1335,1051.333333,64,45.0,0.666667
1336,1052.0,64,48.5,0.666667
1337,1052.666667,64,43.0,0.666667
1338,1053.333333,64,47.8,0.666667
1339,1054.666667,64,50.9,0.666667
1340,1055.333333,64,45.5,0.666667
1341,1056.0,64,46.4,0.666667
1342,1056.666667,64,44.5,0.666667
1343,1057.333333,64,38.9,0.666667
1344,1058.0,64,45.4,0.666667
1345,1058.666667,64,45.5,0.666667
1346,1059.333333,64,41.0,0.666667
1347,1060.0,64,38.3,0.666667
1348,1060.666667,64,43.1,0.666667
1349,1061.333333,64,45.8,0.666667
1350,1062.0,64,41.0,0.666667
1351,1062.666667,64,46.1,0.666667
1352,1063.333333,64,47.8,0.666667
1353,1064.0,64,46.4,0.666667
1354,1064.666667,64,43.4,0.666667
1355,1065.333333,64,43.7,0.666667
