,Velocity,MIDI,Pitch,Start,End
0,64,40.0,0.0,0.0,1.333333
1,64,41.0,0.0,1.333333,4.0
2,64,43.0,0.0,4.0,5.333333
3,64,41.0,0.0,5.333333,8.0
4,64,43.0,0.0,8.0,9.333333
5,64,41.0,0.0,10.666667,14.666667
6,64,45.0,0.4,14.666667,16.0
7,64,43.0,0.0,16.0,17.333333
8,64,41.0,0.0,17.333333,18.666667
9,64,41.0,0.3,18.666667,20.0
10,64,43.0,0.0,20.0,21.333333
11,64,43.0,0.1,21.333333,22.666667
12,64,45.0,0.0,22.666667,24.0
13,64,47.0,0.8,25.333333,26.666667
14,64,53.0,0.0,26.666667,28.0
15,64,55.0,0.7,29.333333,30.666667
16,64,59.0,0.6,30.666667,32.0
17,64,55.0,0.0,32.0,33.333333
18,64,59.0,0.5,33.333333,34.666667
19,64,53.0,0.0,34.666667,36.0
20,64,50.0,0.2,36.0,37.333333
21,64,53.0,0.3,37.333333,38.666667
22,64,57.0,0.8,38.666667,40.0
23,64,55.0,0.0,40.0,41.333333
24,64,50.0,0.0,41.333333,42.666667
25,64,55.0,0.1,42.666667,44.0
26,64,50.0,0.6,44.0,45.333333
27,64,45.0,0.0,45.333333,46.666667
28,64,40.0,0.6,46.666667,48.0
29,64,41.0,0.6,48.0,49.333333
30,64,36.0,0.2,49.333333,50.666667
31,64,35.0,0.8,50.666667,52.0
32,64,41.0,0.0,53.333333,54.666667
33,64,36.0,0.5,54.666667,56.0
34,64,33.0,0.4,57.333333,58.666667
35,64,31.0,0.7,58.666667,60.0
36,64,34.0,0.0,61.333333,65.333333
37,64,40.0,0.0,66.666667,68.0
38,64,43.0,0.0,68.0,69.333333
39,64,41.0,0.0,69.333333,70.666667
40,64,40.0,0.7,70.666667,72.0
41,64,41.0,0.0,72.0,73.333333
42,64,45.0,0.4,73.333333,74.666667
43,64,41.0,0.3,74.666667,76.0
44,64,45.0,0.0,76.0,77.333333
45,64,45.0,0.8,77.333333,78.666667
46,64,40.0,0.6,78.666667,80.0
47,64,43.0,0.0,80.0,81.333333
48,64,43.0,0.4,82.666667,85.333333
49,64,43.0,0.1,85.333333,86.666667
50,64,41.0,0.0,86.666667,88.0
51,64,38.0,0.6,88.0,89.333333
52,64,38.0,0.2,89.333333,90.666667
53,64,33.0,0.0,90.666667,92.0
54,64,33.0,0.5,92.0,93.333333
55,64,29.0,0.3,93.333333,94.666667
56,64,29.0,0.0,94.666667,96.0
57,64,41.0,0.6,96.0,97.333333
58,64,38.0,0.9,97.333333,98.666667
59,64,36.0,0.2,98.666667,100.0
60,64,35.0,0.8,100.0,101.333333
61,64,32.0,0.0,101.333333,102.666667
62,64,35.0,0.9,102.666667,104.0
63,64,36.0,0.2,104.0,105.333333
64,64,31.0,0.0,106.666667,108.0
65,64,29.0,0.0,108.0,109.333333
66,64,36.0,0.5,109.333333,110.666667
67,64,35.0,0.8,110.666667,112.0
68,64,39.0,0.2,112.0,113.333333
69,64,45.0,0.0,113.333333,114.666667
70,64,45.0,0.4,114.666667,116.0
71,64,41.0,0.6,117.333333,118.666667
72,64,40.0,0.0,120.0,121.333333
73,64,45.0,0.4,121.333333,122.666667
74,64,46.0,0.0,122.666667,124.0
75,64,43.0,0.7,124.0,125.333333
76,64,43.0,0.4,125.333333,126.666667
77,64,47.0,0.8,126.666667,128.0
78,64,44.0,0.0,128.0,129.333333
79,64,45.0,0.0,129.333333,130.666667
80,64,43.0,0.0,132.0,133.333333
81,64,40.0,0.0,133.333333,134.666667
82,64,41.0,0.0,136.0,137.333333
83,64,46.0,0.1,137.333333,138.666667
84,64,41.0,0.0,138.666667,140.0
85,64,35.0,0.5,140.0,141.333333
86,64,40.0,0.7,141.333333,142.666667
87,64,40.0,0.6,142.666667,144.0
88,64,41.0,0.0,144.0,145.333333
89,64,38.0,0.9,145.333333,146.666667
90,64,43.0,0.7,146.666667,148.0
91,64,48.0,0.5,148.0,149.333333
92,64,53.0,0.3,149.333333,150.666667
93,64,50.0,0.6,150.666667,152.0
94,64,45.0,0.0,152.0,153.333333
95,64,47.0,0.6,153.333333,154.666667
96,64,45.0,0.8,154.666667,156.0
97,64,48.0,0.5,156.0,157.333333
98,64,48.0,0.2,157.333333,158.666667
99,64,43.0,0.0,160.0,161.333333
100,64,38.0,0.6,161.333333,162.666667
101,64,35.0,0.8,164.0,165.333333
102,64,31.0,0.4,165.333333,166.666667
103,64,35.0,0.5,166.666667,168.0
104,64,31.0,0.4,168.0,169.333333
105,64,33.0,0.5,170.666667,172.0
106,64,28.0,0.0,173.333333,174.666667
107,64,38.0,0.2,174.666667,176.0
108,64,38.0,0.6,176.0,177.333333
109,64,43.0,0.7,177.333333,178.666667
110,64,43.0,0.4,178.666667,180.0
111,64,38.0,0.2,180.0,181.333333
112,64,33.0,0.0,181.333333,184.0
113,64,33.0,0.5,184.0,185.333333
114,64,40.0,0.6,185.333333,186.666667
115,64,41.0,0.3,186.666667,188.0
116,64,41.0,0.0,189.333333,190.666667
117,64,45.0,0.5,190.666667,192.0
118,64,41.0,0.6,192.0,193.333333
119,64,44.0,0.5,193.333333,194.666667
120,64,38.0,0.9,194.666667,196.0
121,64,43.0,0.0,196.0,197.333333
122,64,44.0,0.0,197.333333,198.666667
123,64,38.0,0.9,198.666667,200.0
124,64,35.0,0.8,200.0,201.333333
125,64,31.0,0.1,201.333333,202.666667
126,64,32.0,0.0,202.666667,204.0
127,64,29.0,0.0,204.0,205.333333
128,64,35.0,0.9,205.333333,206.666667
129,64,33.0,0.4,206.666667,208.0
130,64,34.0,0.4,208.0,209.333333
131,64,36.0,0.5,209.333333,210.666667
132,64,36.0,0.2,210.666667,212.0
133,64,40.0,0.0,213.333333,214.666667
134,64,40.0,0.4,214.666667,216.0
135,64,41.0,0.0,216.0,217.333333
136,64,45.0,0.4,217.333333,218.666667
137,64,44.0,0.0,218.666667,220.0
138,64,38.0,0.6,220.0,221.333333
139,64,34.0,0.0,221.333333,222.666667
140,64,29.0,0.0,224.0,225.333333
141,64,33.0,0.0,226.666667,228.0
142,64,35.0,0.8,228.0,229.333333
143,64,33.0,0.4,229.333333,230.666667
144,64,33.0,0.5,230.666667,232.0
145,64,33.0,0.8,232.0,233.333333
146,64,40.0,0.6,233.333333,234.666667
147,64,41.0,0.6,234.666667,236.0
148,64,45.0,0.0,236.0,237.333333
149,64,50.0,0.2,238.666667,240.0
150,64,52.0,0.0,240.0,241.333333
151,64,57.0,0.4,242.666667,244.0
152,64,57.0,0.5,244.0,245.333333
153,64,58.0,0.0,245.333333,246.666667
154,64,56.0,0.5,246.666667,248.0
155,64,55.0,0.7,248.0,249.333333
156,64,52.0,0.6,249.333333,250.666667
157,64,55.0,0.4,250.666667,252.0
158,64,50.0,0.3,252.0,253.333333
159,64,47.0,0.8,253.333333,254.666667
160,64,47.0,0.9,254.666667,256.0
161,64,44.0,0.0,256.0,257.333333
162,64,50.0,0.0,257.333333,258.666667
163,64,45.0,0.0,258.666667,260.0
164,64,43.0,0.0,260.0,261.333333
165,64,46.0,0.4,261.333333,262.666667
166,64,40.0,0.7,262.666667,264.0
167,64,41.0,0.0,264.0,265.333333
168,64,40.0,0.0,266.666667,268.0
169,64,41.0,0.0,268.0,269.333333
170,64,45.0,0.4,270.666667,272.0
171,64,41.0,0.0,272.0,273.333333
172,64,36.0,0.5,273.333333,274.666667
173,64,34.0,0.0,274.666667,276.0
174,64,31.0,0.1,277.333333,278.666667
175,64,32.0,0.5,280.0,281.333333
176,64,35.0,0.8,281.333333,282.666667
177,64,34.0,0.4,282.666667,284.0
178,64,36.0,0.2,284.0,285.333333
179,64,35.0,0.9,285.333333,286.666667
180,64,33.0,0.4,286.666667,288.0
181,64,29.0,0.0,288.0,289.333333
182,64,33.0,0.0,289.333333,290.666667
183,64,38.0,0.9,290.666667,292.0
184,64,38.0,0.2,292.0,293.333333
185,64,43.0,0.7,293.333333,294.666667
186,64,45.0,0.5,296.0,297.333333
187,64,47.0,0.6,297.333333,298.666667
188,64,45.0,0.5,298.666667,300.0
189,64,40.0,0.0,300.0,301.333333
190,64,38.0,0.6,301.333333,302.666667
191,64,40.0,0.6,302.666667,304.0
192,64,45.0,0.0,304.0,305.333333
193,64,43.0,0.4,305.333333,306.666667
194,64,46.0,0.0,306.666667,308.0
195,64,50.0,0.0,308.0,309.333333
196,64,45.0,0.8,309.333333,310.666667
197,64,50.0,0.6,310.666667,312.0
198,64,48.0,0.5,312.0,313.333333
199,64,43.0,0.0,313.333333,314.666667
200,64,48.0,0.2,314.666667,316.0
201,64,53.0,0.0,316.0,317.333333
202,64,52.0,0.7,317.333333,318.666667
203,64,56.0,0.5,320.0,321.333333
204,64,53.0,0.0,321.333333,322.666667
205,64,50.0,0.6,322.666667,324.0
206,64,50.0,0.2,324.0,325.333333
207,64,53.0,0.6,325.333333,326.666667
208,64,58.0,0.0,328.0,329.333333
209,64,55.0,0.1,330.666667,332.0
210,64,52.0,0.0,333.333333,334.666667
211,64,52.0,0.6,334.666667,336.0
212,64,55.0,0.4,336.0,337.333333
213,64,60.0,0.2,337.333333,338.666667
214,64,59.0,0.9,338.666667,340.0
215,64,55.0,0.0,340.0,341.333333
216,64,57.0,0.5,341.333333,342.666667
217,64,57.0,0.0,342.666667,344.0
218,64,55.0,0.0,345.333333,346.666667
219,64,52.0,0.0,346.666667,348.0
220,64,57.0,0.5,349.333333,350.666667
221,64,59.0,0.6,350.666667,352.0
222,64,62.0,0.6,352.0,353.333333
223,64,52.0,0.0,353.333333,354.666667
224,64,55.0,0.7,354.666667,356.0
225,64,57.0,0.4,356.0,357.333333
226,64,55.0,0.4,357.333333,360.0
227,64,53.0,0.0,360.0,361.333333
228,64,50.0,0.0,361.333333,362.666667
229,64,46.0,0.4,362.666667,364.0
230,64,50.0,0.6,364.0,365.333333
231,64,45.0,0.0,365.333333,366.666667
232,64,47.0,0.8,366.666667,368.0
233,64,44.0,0.0,368.0,369.333333
234,64,41.0,0.0,369.333333,370.666667
235,64,40.0,0.6,370.666667,372.0
236,64,40.0,0.0,373.333333,374.666667
237,64,36.0,0.5,374.666667,376.0
238,64,35.0,0.8,377.333333,378.666667
239,64,41.0,0.0,378.666667,380.0
240,64,45.0,0.0,380.0,381.333333
241,64,45.0,0.5,381.333333,382.666667
242,64,47.0,0.9,384.0,385.333333
243,64,43.0,0.0,386.666667,388.0
244,64,38.0,0.2,388.0,389.333333
245,64,38.0,0.9,389.333333,390.666667
246,64,33.0,0.8,390.666667,392.0
247,64,31.0,0.0,392.0,393.333333
248,64,40.0,0.6,393.333333,394.666667
249,64,44.0,0.0,394.666667,396.0
250,64,45.0,0.0,396.0,397.333333
251,64,50.0,0.9,397.333333,398.666667
252,64,52.0,0.6,398.666667,400.0
253,64,56.0,0.0,400.0,401.333333
254,64,55.0,0.1,402.666667,404.0
255,64,55.0,0.4,404.0,405.333333
256,64,56.0,0.0,405.333333,406.666667
257,64,59.0,0.5,406.666667,408.0
258,64,53.0,0.0,408.0,409.333333
259,64,55.0,0.0,409.333333,410.666667
260,64,58.0,0.4,410.666667,412.0
261,64,53.0,0.0,412.0,413.333333
262,64,55.0,0.4,413.333333,414.666667
263,64,53.0,0.0,414.666667,416.0
264,64,58.0,0.4,416.0,417.333333
265,64,62.0,0.9,417.333333,418.666667
266,64,60.0,0.5,418.666667,420.0
267,64,55.0,0.4,420.0,421.333333
268,64,60.0,0.2,421.333333,422.666667
269,64,62.0,0.6,422.666667,424.0
270,64,62.0,0.3,424.0,425.333333
271,64,52.0,0.0,426.666667,428.0
272,64,53.0,0.0,428.0,429.333333
273,64,52.0,0.4,429.333333,430.666667
274,64,55.0,0.0,430.666667,432.0
275,64,53.0,0.0,432.0,433.333333
276,64,49.0,0.0,433.333333,434.666667
277,64,45.0,0.4,434.666667,436.0
278,64,41.0,0.6,437.333333,438.666667
279,64,37.0,0.0,440.0,441.333333
280,64,40.0,0.6,441.333333,442.666667
281,64,46.0,0.0,442.666667,444.0
282,64,45.0,0.8,444.0,445.333333
283,64,46.0,0.1,445.333333,446.666667
284,64,50.0,0.2,446.666667,448.0
285,64,53.0,0.0,448.0,449.333333
286,64,57.0,0.0,449.333333,450.666667
287,64,62.0,0.2,452.0,453.333333
288,64,57.0,0.0,453.333333,454.666667
289,64,59.0,0.8,456.0,457.333333
290,64,58.0,0.1,457.333333,458.666667
291,64,57.0,0.4,458.666667,460.0
292,64,52.0,0.0,460.0,461.333333
293,64,57.0,0.5,461.333333,462.666667
294,64,59.0,0.8,462.666667,464.0
295,64,56.0,0.0,464.0,465.333333
296,64,50.0,0.6,465.333333,466.666667
297,64,52.0,0.6,466.666667,468.0
298,64,48.0,0.5,468.0,469.333333
299,64,53.0,0.6,469.333333,470.666667
300,64,50.0,0.6,470.666667,472.0
301,64,45.0,0.0,472.0,473.333333
302,64,41.0,0.0,473.333333,474.666667
303,64,46.0,0.4,474.666667,476.0
304,64,41.0,0.0,476.0,477.333333
305,64,41.0,0.3,477.333333,478.666667
306,64,40.0,0.0,480.0,481.333333
307,64,38.0,0.6,481.333333,482.666667
308,64,33.0,0.4,484.0,485.333333
309,64,32.0,0.0,485.333333,486.666667
310,64,38.0,0.9,486.666667,488.0
311,64,33.0,0.5,488.0,489.333333
312,64,34.0,0.0,490.666667,492.0
313,64,31.0,0.0,493.333333,496.0
314,64,31.0,0.7,496.0,497.333333
315,64,38.0,0.3,497.333333,498.666667
316,64,38.0,0.6,498.666667,500.0
317,64,35.0,0.8,500.0,501.333333
318,64,31.0,0.4,501.333333,502.666667
319,64,33.0,0.0,502.666667,504.0
320,64,38.0,0.3,504.0,505.333333
321,64,40.0,0.6,505.333333,506.666667
322,64,44.0,0.0,506.666667,508.0
323,64,41.0,0.0,509.333333,510.666667
324,64,45.0,0.5,510.666667,512.0
325,64,44.0,0.0,512.0,513.333333
326,64,40.0,0.0,513.333333,514.666667
327,64,38.0,0.0,514.666667,516.0
328,64,38.0,0.2,516.0,517.333333
329,64,33.0,0.0,517.333333,518.666667
330,64,31.0,0.1,518.666667,520.0
331,64,31.0,0.0,520.0,521.333333
332,64,31.0,0.1,521.333333,522.666667
333,64,34.0,0.4,522.666667,524.0
334,64,29.0,0.0,524.0,525.333333
335,64,40.0,0.7,525.333333,526.666667
336,64,35.0,0.8,526.666667,528.0
337,64,41.0,0.0,528.0,529.333333
338,64,45.0,0.5,529.333333,530.666667
339,64,45.0,0.8,530.666667,532.0
340,64,40.0,0.0,533.333333,534.666667
341,64,40.0,0.4,534.666667,536.0
342,64,41.0,0.0,536.0,537.333333
343,64,45.0,0.4,537.333333,538.666667
344,64,44.0,0.0,538.666667,540.0
345,64,41.0,0.0,540.0,541.333333
346,64,45.0,0.4,541.333333,542.666667
347,64,41.0,0.0,544.0,545.333333
348,64,40.0,0.0,546.666667,548.0
349,64,43.0,0.0,548.0,549.333333
350,64,46.0,0.0,549.333333,550.666667
351,64,41.0,0.3,550.666667,552.0
352,64,41.0,0.0,552.0,553.333333
353,64,35.0,0.8,553.333333,554.666667
354,64,31.0,0.1,554.666667,556.0
355,64,33.0,0.0,556.0,557.333333
356,64,40.0,0.6,558.666667,560.0
357,64,44.0,0.5,560.0,561.333333
358,64,47.0,0.8,562.666667,564.0
359,64,45.0,0.5,564.0,565.333333
360,64,46.0,0.4,565.333333,566.666667
361,64,44.0,0.5,566.666667,568.0
362,64,48.0,0.2,568.0,569.333333
363,64,50.0,0.2,569.333333,570.666667
364,64,47.0,0.9,570.666667,572.0
365,64,48.0,0.5,572.0,573.333333
366,64,45.0,0.4,573.333333,574.666667
367,64,47.0,0.9,574.666667,576.0
368,64,53.0,0.0,576.0,577.333333
369,64,50.0,0.0,577.333333,578.666667
370,64,45.0,0.0,578.666667,580.0
371,64,47.0,0.8,580.0,581.333333
372,64,50.0,0.9,581.333333,582.666667
373,64,46.0,0.1,582.666667,584.0
374,64,45.0,0.8,584.0,585.333333
375,64,41.0,0.6,586.666667,588.0
376,64,41.0,0.0,588.0,589.333333
377,64,38.0,0.2,590.666667,592.0
378,64,33.0,0.5,592.0,593.333333
379,64,34.0,0.0,594.666667,596.0
380,64,31.0,0.1,597.333333,598.666667
381,64,28.0,0.0,600.0,601.333333
382,64,35.0,0.8,601.333333,602.666667
383,64,38.0,0.6,602.666667,604.0
384,64,38.0,0.3,604.0,605.333333
385,64,38.0,0.6,605.333333,606.666667
386,64,33.0,0.4,606.666667,608.0
387,64,33.0,0.0,608.0,610.666667
388,64,31.0,0.4,610.666667,612.0
389,64,33.0,0.4,612.0,613.333333
390,64,34.0,0.0,613.333333,614.666667
391,64,29.0,0.0,616.0,617.333333
392,64,35.0,0.6,617.333333,618.666667
393,64,36.0,0.8,618.666667,620.0
394,64,31.0,0.0,620.0,621.333333
395,64,38.0,0.6,621.333333,622.666667
396,64,43.0,0.0,622.666667,624.0
397,64,46.0,0.4,624.0,625.333333
398,64,43.0,0.1,625.333333,626.666667
399,64,43.0,0.0,626.666667,628.0
400,64,38.0,0.0,628.0,629.333333
401,64,36.0,0.2,629.333333,630.666667
402,64,38.0,0.6,630.666667,632.0
403,64,41.0,0.0,632.0,633.333333
404,64,40.0,0.6,633.333333,634.666667
405,64,44.0,0.0,634.666667,636.0
406,64,45.0,0.5,636.0,637.333333
407,64,45.0,0.8,637.333333,638.666667
408,64,44.0,0.0,640.0,641.333333
409,64,41.0,0.0,641.333333,644.0
410,64,43.0,0.0,644.0,645.333333
411,64,38.0,0.6,645.333333,646.666667
412,64,33.0,0.0,646.666667,648.0
413,64,34.0,0.0,648.0,649.333333
414,64,31.0,0.1,650.666667,652.0
415,64,28.0,0.0,653.333333,654.666667
416,64,40.0,0.6,654.666667,656.0
417,64,46.0,0.0,656.0,657.333333
418,64,50.0,0.3,657.333333,658.666667
419,64,50.0,0.6,658.666667,660.0
420,64,55.0,0.0,660.0,661.333333
421,64,55.0,0.1,661.333333,662.666667
422,64,57.0,0.0,662.666667,664.0
423,64,62.0,0.2,665.333333,666.666667
424,64,52.0,0.0,666.666667,668.0
425,64,53.0,0.0,669.333333,670.666667
426,64,47.0,0.6,670.666667,672.0
427,64,43.0,0.4,672.0,673.333333
428,64,49.0,0.0,673.333333,674.666667
429,64,48.0,0.2,674.666667,676.0
430,64,47.0,0.8,676.0,677.333333
431,64,46.0,0.4,677.333333,678.666667
432,64,43.0,0.1,678.666667,680.0
433,64,41.0,0.0,680.0,681.333333
434,64,38.0,0.0,681.333333,682.666667
435,64,33.0,0.5,682.666667,684.0
436,64,38.0,0.6,684.0,685.333333
437,64,33.0,0.0,685.333333,686.666667
438,64,33.0,0.4,686.666667,688.0
439,64,36.0,0.8,688.0,689.333333
440,64,33.0,0.5,689.333333,690.666667
441,64,31.0,0.0,690.666667,692.0
442,64,28.0,0.0,693.333333,694.666667
443,64,36.0,0.5,694.666667,696.0
444,64,40.0,0.6,697.333333,698.666667
445,64,45.0,0.5,698.666667,700.0
446,64,47.0,0.5,700.0,701.333333
447,64,46.0,0.0,701.333333,702.666667
448,64,47.0,0.9,704.0,705.333333
449,64,52.0,0.0,706.666667,708.0
450,64,50.0,0.2,708.0,709.333333
451,64,55.0,0.7,709.333333,710.666667
452,64,60.0,0.2,710.666667,712.0
453,64,57.0,0.4,712.0,713.333333
454,64,52.0,0.6,713.333333,714.666667
455,64,55.0,0.4,714.666667,716.0
456,64,57.0,0.0,716.0,717.333333
457,64,55.0,0.4,717.333333,718.666667
458,64,59.0,0.8,718.666667,720.0
459,64,53.0,0.0,720.0,721.333333
460,64,50.0,0.0,722.666667,724.0
461,64,55.0,0.4,724.0,725.333333
462,64,58.0,0.4,725.333333,726.666667
463,64,52.0,0.0,726.666667,728.0
464,64,50.0,0.6,728.0,729.333333
465,64,45.0,0.4,729.333333,730.666667
466,64,44.0,0.0,730.666667,732.0
467,64,41.0,0.0,732.0,733.333333
468,64,35.0,0.8,733.333333,734.666667
469,64,41.0,0.0,734.666667,736.0
470,64,44.0,0.0,736.0,737.333333
471,64,38.0,0.9,737.333333,738.666667
472,64,41.0,0.0,738.666667,740.0
473,64,43.0,0.0,740.0,741.333333
474,64,46.0,0.4,741.333333,742.666667
475,64,43.0,0.4,742.666667,744.0
476,64,43.0,0.7,744.0,745.333333
477,64,40.0,0.0,746.666667,748.0
478,64,41.0,0.0,748.0,749.333333
479,64,36.0,0.5,749.333333,750.666667
480,64,38.0,0.2,750.666667,752.0
481,64,44.0,0.0,752.0,753.333333
482,64,38.0,0.6,753.333333,754.666667
483,64,34.0,0.0,754.666667,756.0
484,64,29.0,0.0,757.333333,758.666667
485,64,32.0,0.5,760.0,761.333333
486,64,40.0,0.6,761.333333,762.666667
487,64,45.0,0.5,762.666667,764.0
488,64,41.0,0.0,764.0,765.333333
489,64,40.0,0.7,765.333333,766.666667
490,64,38.0,0.2,766.666667,768.0
491,64,44.0,0.0,768.0,769.333333
492,64,45.0,0.0,769.333333,770.666667
493,64,43.0,0.0,772.0,774.666667
494,64,38.0,0.2,776.0,777.333333
495,64,34.0,0.1,777.333333,778.666667
496,64,38.0,0.9,778.666667,780.0
497,64,35.0,0.5,780.0,781.333333
498,64,33.0,0.8,781.333333,782.666667
499,64,33.0,0.4,782.666667,784.0
500,64,31.0,0.0,784.0,785.333333
501,64,36.0,0.2,785.333333,788.0
502,64,36.0,0.5,788.0,789.333333
503,64,32.0,0.0,789.333333,790.666667
504,64,38.0,0.6,790.666667,792.0
505,64,33.0,0.0,792.0,793.333333
506,64,35.0,0.8,793.333333,794.666667
507,64,34.0,0.4,794.666667,796.0
508,64,33.0,0.8,796.0,797.333333
509,64,33.0,0.5,797.333333,798.666667
510,64,28.0,0.0,800.0,801.333333
511,64,38.0,0.6,801.333333,802.666667
512,64,38.0,0.2,804.0,805.333333
513,64,43.0,0.1,805.333333,806.666667
514,64,38.0,0.6,806.666667,808.0
515,64,43.0,0.4,808.0,809.333333
516,64,44.0,0.0,810.666667,812.0
517,64,47.0,0.5,813.333333,814.666667
518,64,52.0,0.6,814.666667,816.0
519,64,53.0,0.0,816.0,817.333333
520,64,48.0,0.2,817.333333,818.666667
521,64,43.0,0.0,818.666667,820.0
522,64,47.0,0.8,820.0,821.333333
523,64,46.0,0.4,821.333333,822.666667
524,64,45.0,0.0,822.666667,824.0
525,64,41.0,0.0,824.0,825.333333
526,64,43.0,0.0,825.333333,826.666667
527,64,43.0,0.4,826.666667,828.0
528,64,41.0,0.0,829.333333,830.666667
529,64,45.0,0.5,830.666667,832.0
530,64,46.0,0.4,832.0,833.333333
531,64,44.0,0.5,833.333333,834.666667
532,64,38.0,0.9,834.666667,836.0
533,64,33.0,0.4,836.0,837.333333
534,64,36.0,0.5,837.333333,838.666667
535,64,31.0,0.4,838.666667,841.333333
536,64,31.0,0.1,841.333333,842.666667
537,64,36.0,0.2,842.666667,844.0
538,64,41.0,0.0,844.0,845.333333
539,64,38.0,0.6,845.333333,846.666667
540,64,35.0,0.8,846.666667,848.0
541,64,38.0,0.3,848.0,849.333333
542,64,41.0,0.0,849.333333,850.666667
543,64,40.0,0.7,850.666667,852.0
544,64,40.0,0.0,853.333333,854.666667
545,64,40.0,0.4,854.666667,856.0
546,64,41.0,0.0,856.0,857.333333
547,64,43.0,0.0,857.333333,858.666667
548,64,40.0,0.4,858.666667,860.0
549,64,43.0,0.0,861.333333,862.666667
550,64,41.0,0.0,864.0,865.333333
551,64,40.0,0.0,866.666667,868.0
552,64,45.0,0.4,868.0,870.666667
553,64,48.0,0.2,870.666667,872.0
554,64,48.0,0.5,872.0,873.333333
555,64,50.0,0.2,873.333333,874.666667
556,64,53.0,0.6,874.666667,876.0
557,64,57.0,0.0,876.0,877.333333
558,64,59.0,0.8,878.666667,880.0
559,64,60.0,0.8,880.0,881.333333
560,64,62.0,0.9,882.666667,884.0
561,64,57.0,0.5,884.0,885.333333
562,64,58.0,0.0,885.333333,886.666667
563,64,52.0,0.0,886.666667,888.0
564,64,57.0,0.8,888.0,889.333333
565,64,62.0,0.2,889.333333,890.666667
566,64,58.0,0.1,890.666667,892.0
567,64,53.0,0.0,892.0,893.333333
568,64,55.0,0.4,893.333333,894.666667
569,64,59.0,0.9,894.666667,896.0
570,64,53.0,0.0,896.0,897.333333
571,64,50.0,0.0,897.333333,898.666667
572,64,45.0,0.0,898.666667,900.0
573,64,40.0,0.6,900.0,901.333333
574,64,44.0,0.0,901.333333,902.666667
575,64,43.0,0.4,902.666667,904.0
576,64,43.0,0.7,904.0,905.333333
577,64,40.0,0.0,906.666667,908.0
578,64,41.0,0.0,908.0,909.333333
579,64,40.0,0.6,910.666667,912.0
580,64,35.0,0.8,912.0,913.333333
581,64,33.0,0.0,913.333333,914.666667
582,64,34.0,0.0,914.666667,916.0
583,64,31.0,0.1,917.333333,918.666667
584,64,28.0,0.0,920.0,921.333333
585,64,38.0,0.2,921.333333,922.666667
586,64,33.0,0.5,922.666667,924.0
587,64,31.0,0.7,924.0,925.333333
588,64,31.0,0.4,925.333333,926.666667
589,64,40.0,0.6,926.666667,928.0
590,64,44.0,0.0,928.0,929.333333
591,64,45.0,0.0,929.333333,930.666667
592,64,50.0,0.6,930.666667,932.0
593,64,47.0,0.8,932.0,933.333333
594,64,44.0,0.0,933.333333,934.666667
595,64,41.0,0.0,936.0,937.333333
596,64,35.0,0.6,937.333333,938.666667
597,64,41.0,0.6,938.666667,940.0
598,64,44.0,0.5,940.0,941.333333
599,64,38.0,0.6,941.333333,942.666667
600,64,33.0,0.4,942.666667,944.0
601,64,33.0,0.0,944.0,945.333333
602,64,38.0,0.9,945.333333,946.666667
603,64,41.0,0.0,946.666667,948.0
604,64,38.0,0.0,948.0,949.333333
605,64,34.0,0.4,949.333333,950.666667
606,64,38.0,0.6,950.666667,952.0
607,64,41.0,0.0,952.0,953.333333
608,64,43.0,0.0,953.333333,954.666667
609,64,41.0,0.3,954.666667,956.0
610,64,36.0,0.5,956.0,957.333333
611,64,36.0,0.2,957.333333,958.666667
612,64,40.0,0.0,960.0,961.333333
613,64,41.0,0.0,961.333333,962.666667
614,64,38.0,0.6,962.666667,964.0
615,64,40.0,0.6,964.0,965.333333
616,64,36.0,0.8,965.333333,966.666667
617,64,32.0,0.5,966.666667,968.0
618,64,33.0,0.4,968.0,969.333333
619,64,31.0,0.1,970.666667,972.0
620,64,31.0,0.0,973.333333,976.0
621,64,33.0,0.5,976.0,977.333333
622,64,31.0,0.7,977.333333,978.666667
623,64,31.0,0.4,978.666667,980.0
624,64,31.0,0.0,980.0,981.333333
625,64,33.0,0.5,981.333333,982.666667
626,64,33.0,0.0,982.666667,984.0
627,64,33.0,0.4,985.333333,986.666667
628,64,31.0,0.0,986.666667,988.0
629,64,29.0,0.0,989.333333,990.666667
630,64,35.0,0.6,990.666667,992.0
631,64,31.0,0.7,992.0,993.333333
632,64,35.0,0.5,993.333333,994.666667
633,64,38.0,0.3,994.666667,996.0
634,64,35.0,0.8,996.0,997.333333
635,64,32.0,0.0,997.333333,998.666667
636,64,38.0,0.9,998.666667,1000.0
637,64,35.0,0.8,1000.0,1001.333333
638,64,38.0,0.0,1001.333333,1002.666667
639,64,43.0,0.4,1002.666667,1004.0
640,64,38.0,0.6,1004.0,1005.333333
641,64,33.0,0.0,1005.333333,1006.666667
642,64,31.0,0.1,1006.666667,1008.0
643,64,34.0,0.4,1008.0,1009.333333
644,64,36.0,0.5,1009.333333,1010.666667
645,64,36.0,0.2,1010.666667,1012.0
646,64,32.0,0.0,1013.333333,1014.666667
647,64,36.0,0.5,1014.666667,1016.0
648,64,38.0,0.2,1017.333333,1018.666667
649,64,41.0,0.0,1018.666667,1021.333333
650,64,45.0,0.5,1021.333333,1022.666667
651,64,44.0,0.0,1024.0,1025.333333
652,64,40.0,0.0,1026.666667,1028.0
653,64,35.0,0.8,1028.0,1029.333333
654,64,38.0,0.0,1029.333333,1030.666667
655,64,41.0,0.3,1030.666667,1032.0
656,64,41.0,0.0,1032.0,1033.333333
657,64,45.0,0.4,1033.333333,1034.666667
658,64,45.0,0.0,1034.666667,1037.333333
659,64,43.0,0.1,1037.333333,1038.666667
660,64,45.0,0.4,1038.666667,1040.0
661,64,43.0,0.0,1040.0,1041.333333
662,64,43.0,0.1,1042.666667,1044.0
663,64,43.0,0.4,1044.0,1045.333333
664,64,46.0,0.4,1045.333333,1046.666667
665,64,48.0,0.5,1046.666667,1048.0
666,64,53.0,0.0,1048.0,1049.333333
667,64,55.0,0.0,1049.333333,1050.666667
668,64,60.0,0.8,1050.666667,1052.0
669,64,60.0,0.5,1052.0,1053.333333
670,64,59.0,0.8,1053.333333,1054.666667
671,64,53.0,0.0,1054.666667,1057.333333
672,64,50.0,0.9,1057.333333,1058.666667
673,64,45.0,0.5,1058.666667,1060.0
674,64,40.0,0.6,1060.0,1061.333333
675,64,45.0,0.8,1061.333333,1062.666667
676,64,46.0,0.1,1062.666667,1064.0
677,64,45.0,0.8,1064.0,1065.333333
678,64,40.0,0.0,1066.666667,1068.0
679,64,41.0,0.0,1068.0,1069.333333
680,64,40.0,0.4,1069.333333,1070.666667
681,64,38.0,0.2,1070.666667,1072.0
682,64,41.0,0.0,1072.0,1073.333333
683,64,40.0,0.4,1073.333333,1074.666667
684,64,45.0,0.4,1074.666667,1076.0
685,64,41.0,0.6,1077.333333,1078.666667
686,64,40.0,0.0,1080.0,1081.333333
687,64,35.0,0.8,1081.333333,1082.666667
688,64,33.0,0.4,1082.666667,1084.0
689,64,36.0,0.5,1084.0,1085.333333
690,64,36.0,0.2,1085.333333,1086.666667
691,64,33.0,0.4,1086.666667,1088.0
692,64,29.0,0.0,1088.0,1089.333333
693,64,33.0,0.0,1089.333333,1090.666667
694,64,33.0,0.4,1092.0,1093.333333
695,64,28.0,0.0,1093.333333,1094.666667
696,64,31.0,0.0,1096.0,1097.333333
697,64,34.0,0.1,1097.333333,1098.666667
698,64,34.0,0.0,1098.666667,1100.0
699,64,35.0,0.5,1100.0,1101.333333
700,64,41.0,0.3,1101.333333,1102.666667
701,64,43.0,0.0,1102.666667,1104.0
702,64,41.0,0.0,1104.0,1105.333333
703,64,43.0,0.7,1105.333333,1106.666667
704,64,46.0,0.0,1106.666667,1108.0
705,64,48.0,0.5,1108.0,1109.333333
706,64,43.0,0.1,1109.333333,1110.666667
707,64,38.0,0.6,1110.666667,1112.0
708,64,33.0,0.0,1112.0,1113.333333
709,64,40.0,0.6,1113.333333,1114.666667
710,64,41.0,0.6,1114.666667,1116.0
711,64,41.0,0.3,1116.0,1117.333333
712,64,41.0,0.0,1117.333333,1121.333333
713,64,38.0,0.6,1121.333333,1122.666667
714,64,33.0,0.4,1124.0,1125.333333
715,64,35.0,0.8,1125.333333,1126.666667
716,64,33.0,0.5,1128.0,1129.333333
717,64,34.0,0.4,1130.666667,1132.0
718,64,40.0,0.0,1133.333333,1134.666667
719,64,35.0,0.8,1134.666667,1136.0
720,64,36.0,0.2,1136.0,1137.333333
721,64,41.0,0.0,1137.333333,1138.666667
722,64,41.0,0.3,1138.666667,1140.0
723,64,35.0,0.8,1140.0,1141.333333
724,64,35.0,0.6,1141.333333,1142.666667
725,64,33.0,0.0,1142.666667,1144.0
726,64,36.0,0.5,1144.0,1145.333333
727,64,38.0,0.2,1145.333333,1146.666667
728,64,33.0,0.4,1146.666667,1148.0
729,64,31.0,0.7,1149.333333,1150.666667
730,64,33.0,0.5,1150.666667,1153.333333
731,64,32.0,0.5,1153.333333,1154.666667
732,64,38.0,0.0,1154.666667,1156.0
733,64,40.0,0.6,1156.0,1157.333333
734,64,45.0,0.0,1157.333333,1158.666667
735,64,45.0,0.8,1158.666667,1161.333333
736,64,43.0,0.1,1161.333333,1162.666667
737,64,38.0,0.9,1162.666667,1164.0
738,64,41.0,0.0,1164.0,1165.333333
739,64,46.0,0.1,1165.333333,1166.666667
740,64,43.0,0.0,1166.666667,1168.0
741,64,44.0,0.0,1168.0,1169.333333
742,64,48.0,0.2,1169.333333,1170.666667
743,64,48.0,0.5,1170.666667,1172.0
744,64,52.0,0.0,1173.333333,1174.666667
745,64,52.0,0.4,1174.666667,1176.0
746,64,53.0,0.0,1176.0,1177.333333
747,64,52.0,0.6,1177.333333,1178.666667
748,64,51.0,0.2,1178.666667,1180.0
749,64,57.0,0.0,1180.0,1181.333333
750,64,58.0,0.0,1181.333333,1182.666667
751,64,53.0,0.0,1184.0,1185.333333
752,64,47.0,0.5,1186.666667,1188.0
753,64,43.0,0.0,1188.0,1189.333333
754,64,46.0,0.0,1189.333333,1190.666667
755,64,45.0,0.8,1190.666667,1192.0
756,64,45.0,0.5,1192.0,1193.333333
757,64,50.0,0.2,1193.333333,1194.666667
758,64,55.0,0.1,1194.666667,1196.0
759,64,57.0,0.0,1196.0,1197.333333
760,64,57.0,0.4,1198.666667,1200.0
761,64,52.0,0.0,1200.0,1201.333333
762,64,55.0,0.1,1202.666667,1204.0
763,64,57.0,0.5,1204.0,1205.333333
764,64,62.0,0.6,1205.333333,1206.666667
765,64,56.0,0.5,1206.666667,1208.0
766,64,62.0,0.3,1208.0,1209.333333
767,64,59.0,0.8,1209.333333,1210.666667
768,64,58.0,0.4,1210.666667,1212.0
769,64,53.0,0.0,1212.0,1213.333333
770,64,57.0,0.4,1213.333333,1214.666667
771,64,59.0,0.9,1214.666667,1216.0
772,64,57.0,0.5,1216.0,1217.333333
773,64,62.0,0.0,1217.333333,1218.666667
774,64,57.0,0.0,1218.666667,1220.0
775,64,57.0,0.5,1220.0,1221.333333
776,64,55.0,0.4,1221.333333,1222.666667
777,64,50.0,0.6,1222.666667,1224.0
778,64,45.0,0.4,1224.0,1225.333333
779,64,46.0,0.0,1226.666667,1228.0
780,64,41.0,0.0,1228.0,1229.333333
781,64,35.0,0.8,1230.666667,1232.0
782,64,41.0,0.0,1232.0,1233.333333
783,64,44.0,0.5,1233.333333,1234.666667
784,64,46.0,0.0,1234.666667,1236.0
785,64,43.0,0.1,1237.333333,1238.666667
786,64,43.0,0.0,1240.0,1241.333333
787,64,45.0,0.4,1241.333333,1242.666667
788,64,50.0,0.6,1242.666667,1244.0
789,64,45.0,0.8,1244.0,1245.333333
790,64,43.0,0.0,1245.333333,1246.666667
791,64,40.0,0.6,1246.666667,1248.0
792,64,45.0,0.5,1248.0,1249.333333
793,64,45.0,0.0,1249.333333,1250.666667
794,64,43.0,0.1,1250.666667,1252.0
795,64,43.0,0.0,1252.0,1254.666667
796,64,48.0,0.5,1256.0,1257.333333
797,64,47.0,0.6,1257.333333,1258.666667
798,64,48.0,0.2,1258.666667,1260.0
799,64,52.0,0.0,1260.0,1261.333333
800,64,50.0,0.6,1261.333333,1262.666667
801,64,52.0,0.6,1262.666667,1264.0
802,64,53.0,0.0,1264.0,1265.333333
803,64,50.0,0.6,1265.333333,1266.666667
804,64,52.0,0.6,1266.666667,1268.0
805,64,50.0,0.0,1268.0,1269.333333
806,64,44.0,0.0,1269.333333,1270.666667
807,64,38.0,0.6,1270.666667,1272.0
808,64,33.0,0.5,1272.0,1273.333333
809,64,35.0,0.9,1273.333333,1274.666667
810,64,33.0,0.8,1274.666667,1276.0
811,64,29.0,0.0,1276.0,1277.333333
812,64,29.0,0.3,1277.333333,1278.666667
813,64,32.0,0.0,1280.0,1281.333333
814,64,29.0,0.0,1281.333333,1284.0
815,64,31.0,0.0,1284.0,1285.333333
816,64,29.0,0.0,1285.333333,1286.666667
817,64,38.0,0.0,1286.666667,1288.0
818,64,43.0,0.0,1288.0,1289.333333
819,64,43.0,0.1,1290.666667,1292.0
820,64,45.0,0.0,1293.333333,1294.666667
821,64,45.0,0.4,1294.666667,1296.0
822,64,46.0,0.0,1296.0,1297.333333
823,64,45.0,0.8,1297.333333,1298.666667
824,64,46.0,0.1,1298.666667,1300.0
825,64,43.0,0.0,1300.0,1301.333333
826,64,43.0,0.1,1301.333333,1302.666667
827,64,45.0,0.0,1302.666667,1304.0
828,64,47.0,0.8,1305.333333,1306.666667
829,64,52.0,0.0,1306.666667,1308.0
830,64,48.0,0.5,1309.333333,1310.666667
831,64,47.0,0.6,1310.666667,1312.0
832,64,46.0,0.0,1312.0,1313.333333
833,64,40.0,0.0,1313.333333,1314.666667
834,64,38.0,0.3,1314.666667,1316.0
835,64,38.0,0.2,1316.0,1317.333333
836,64,36.0,0.8,1317.333333,1318.666667
837,64,38.0,0.6,1318.666667,1320.0
838,64,41.0,0.0,1320.0,1321.333333
839,64,38.0,0.0,1321.333333,1322.666667
840,64,43.0,0.1,1322.666667,1324.0
841,64,38.0,0.6,1324.0,1325.333333
842,64,33.0,0.0,1325.333333,1326.666667
843,64,40.0,0.6,1326.666667,1328.0
844,64,46.0,0.4,1328.0,1329.333333
845,64,41.0,0.0,1329.333333,1330.666667
846,64,41.0,0.3,1330.666667,1332.0
847,64,40.0,0.0,1333.333333,1334.666667
848,64,36.0,0.5,1334.666667,1336.0
849,64,31.0,0.0,1337.333333,1338.666667
850,64,29.0,0.0,1338.666667,1341.333333
851,64,34.0,0.0,1341.333333,1345.333333
852,64,31.0,0.0,1346.666667,1348.0
853,64,33.0,0.4,1348.0,1349.333333
854,64,34.0,0.4,1349.333333,1350.666667
855,64,33.0,0.5,1350.666667,1352.0
856,64,33.0,0.8,1352.0,1353.333333
857,64,33.0,0.4,1353.333333,1354.666667
858,64,33.0,0.5,1354.666667,1356.0
859,64,33.0,0.0,1356.0,1357.333333
860,64,31.0,0.1,1357.333333,1358.666667
861,64,35.0,0.8,1358.666667,1360.0
862,64,41.0,0.0,1360.0,1361.333333
863,64,36.0,0.2,1362.666667,1364.0
864,64,31.0,0.4,1364.0,1365.333333
865,64,33.0,0.5,1365.333333,1366.666667
866,64,35.0,0.5,1366.666667,1368.0
867,64,38.0,0.6,1368.0,1369.333333
868,64,38.0,0.2,1369.333333,1370.666667
869,64,33.0,0.0,1370.666667,1372.0
870,64,38.0,0.3,1372.0,1373.333333
871,64,33.0,0.4,1373.333333,1374.666667
872,64,29.0,0.0,1374.666667,1376.0
873,64,36.0,0.8,1376.0,1377.333333
874,64,38.0,0.9,1377.333333,1378.666667
875,64,33.0,0.5,1378.666667,1380.0
876,64,40.0,0.6,1380.0,1381.333333
877,64,43.0,0.0,1381.333333,1382.666667
878,64,40.0,0.7,1382.666667,1384.0
879,64,41.0,0.0,1384.0,1385.333333
880,64,40.0,0.0,1386.666667,1388.0
881,64,41.0,0.0,1388.0,1389.333333
882,64,36.0,0.5,1389.333333,1390.666667
883,64,33.0,0.4,1390.666667,1392.0
884,64,41.0,0.6,1392.0,1393.333333
885,64,46.0,0.0,1394.666667,1396.0
886,64,41.0,0.6,1397.333333,1398.666667
887,64,44.0,0.5,1400.0,1401.333333
888,64,43.0,0.0,1401.333333,1402.666667
889,64,46.0,0.0,1402.666667,1404.0
890,64,40.0,0.7,1404.0,1405.333333
891,64,41.0,0.0,1405.333333,1406.666667
892,64,35.0,0.8,1406.666667,1408.0
893,64,32.0,0.0,1408.0,1409.333333
894,64,33.0,0.0,1409.333333,1410.666667
895,64,40.0,0.6,1412.0,1413.333333
896,64,40.0,0.0,1413.333333,1414.666667
897,64,43.0,0.4,1416.0,1417.333333
898,64,46.0,0.1,1417.333333,1418.666667
899,64,43.0,0.7,1418.666667,1420.0
900,64,40.0,0.0,1420.0,1421.333333
901,64,36.0,0.2,1421.333333,1422.666667
902,64,38.0,0.2,1422.666667,1424.0
903,64,33.0,0.4,1424.0,1425.333333
904,64,33.0,0.5,1425.333333,1426.666667
905,64,35.0,0.9,1426.666667,1428.0
906,64,36.0,0.5,1428.0,1429.333333
907,64,31.0,0.4,1429.333333,1430.666667
908,64,38.0,0.6,1430.666667,1432.0
909,64,33.0,0.0,1432.0,1433.333333
910,64,35.0,0.8,1433.333333,1434.666667
911,64,31.0,0.4,1434.666667,1436.0
912,64,35.0,0.9,1436.0,1437.333333
913,64,35.0,0.8,1437.333333,1438.666667
914,64,41.0,0.0,1440.0,1441.333333
915,64,38.0,0.6,1441.333333,1442.666667
916,64,35.0,0.8,1444.0,1445.333333
917,64,38.0,0.0,1445.333333,1446.666667
918,64,33.0,0.0,1446.666667,1448.0
919,64,31.0,0.4,1448.0,1449.333333
920,64,35.0,0.6,1450.666667,1452.0
921,64,40.0,0.0,1453.333333,1454.666667
922,64,45.0,0.4,1454.666667,1456.0
923,64,50.0,0.6,1456.0,1457.333333
924,64,45.0,0.5,1457.333333,1458.666667
925,64,45.0,0.4,1458.666667,1460.0
926,64,50.0,0.2,1460.0,1461.333333
927,64,56.0,0.0,1461.333333,1462.666667
928,64,57.0,0.0,1462.666667,1464.0
929,64,53.0,0.0,1464.0,1465.333333
930,64,55.0,0.0,1465.333333,1466.666667
931,64,56.0,0.0,1466.666667,1468.0
932,64,53.0,0.0,1469.333333,1470.666667
933,64,57.0,0.5,1470.666667,1472.0
934,64,56.0,0.0,1472.0,1473.333333
935,64,52.0,0.0,1473.333333,1474.666667
936,64,50.0,0.9,1474.666667,1476.0
937,64,52.0,0.6,1476.0,1477.333333
938,64,53.0,0.0,1477.333333,1478.666667
939,64,50.0,0.3,1478.666667,1480.0
940,64,55.0,0.0,1480.0,1481.333333
941,64,55.0,0.1,1481.333333,1482.666667
942,64,58.0,0.4,1482.666667,1484.0
943,64,53.0,0.0,1484.0,1485.333333
944,64,55.0,0.4,1485.333333,1486.666667
945,64,59.0,0.6,1486.666667,1488.0
946,64,55.0,0.7,1488.0,1489.333333
947,64,52.0,0.7,1489.333333,1490.666667
948,64,53.0,0.0,1490.666667,1492.0
949,64,52.0,0.0,1493.333333,1494.666667
950,64,52.0,0.4,1494.666667,1496.0
951,64,53.0,0.0,1496.0,1497.333333
952,64,47.0,0.8,1497.333333,1498.666667
953,64,48.0,0.5,1498.666667,1500.0
954,64,52.0,0.0,1500.0,1501.333333
955,64,46.0,0.0,1501.333333,1502.666667
956,64,41.0,0.0,1504.0,1505.333333
957,64,40.0,0.0,1506.666667,1508.0
958,64,38.0,0.2,1508.0,1509.333333
959,64,34.0,0.0,1509.333333,1510.666667
960,64,40.0,0.7,1510.666667,1512.0
961,64,41.0,0.0,1512.0,1513.333333
962,64,40.0,0.6,1513.333333,1514.666667
963,64,41.0,0.0,1514.666667,1516.0
964,64,45.0,0.0,1516.0,1517.333333
965,64,40.0,0.6,1518.666667,1520.0
966,64,44.0,0.5,1520.0,1521.333333
967,64,43.0,0.4,1522.666667,1524.0
968,64,45.0,0.5,1524.0,1526.666667
969,64,43.0,0.4,1526.666667,1528.0
970,64,41.0,0.0,1528.0,1529.333333
971,64,43.0,0.0,1529.333333,1530.666667
972,64,44.0,0.0,1530.666667,1532.0
973,64,45.0,0.5,1532.0,1533.333333
974,64,50.0,0.2,1533.333333,1534.666667
975,64,47.0,0.9,1534.666667,1536.0
976,64,44.0,0.0,1536.0,1537.333333
977,64,50.0,0.0,1537.333333,1538.666667
978,64,45.0,0.0,1538.666667,1540.0
979,64,45.0,0.4,1540.0,1541.333333
980,64,46.0,0.4,1541.333333,1542.666667
981,64,47.0,0.9,1542.666667,1544.0
982,64,43.0,0.0,1544.0,1548.0
983,64,41.0,0.0,1548.0,1549.333333
984,64,45.0,0.4,1550.666667,1552.0
985,64,44.0,0.0,1552.0,1553.333333
986,64,38.0,0.6,1553.333333,1554.666667
987,64,34.0,0.0,1554.666667,1556.0
988,64,31.0,0.1,1557.333333,1558.666667
989,64,28.0,0.0,1560.0,1561.333333
990,64,35.0,0.8,1561.333333,1562.666667
991,64,33.0,0.8,1562.666667,1564.0
992,64,29.0,0.0,1564.0,1565.333333
993,64,33.0,0.4,1565.333333,1566.666667
994,64,31.0,0.0,1566.666667,1569.333333
995,64,33.0,0.0,1569.333333,1570.666667
996,64,36.0,0.2,1570.666667,1572.0
997,64,38.0,0.2,1572.0,1573.333333
998,64,36.0,0.2,1573.333333,1574.666667
999,64,36.0,0.5,1576.0,1577.333333
1000,64,35.0,0.6,1577.333333,1578.666667
1001,64,32.0,0.0,1578.666667,1580.0
1002,64,29.0,0.0,1580.0,1581.333333
1003,64,38.0,0.6,1581.333333,1582.666667
1004,64,40.0,0.6,1582.666667,1584.0
1005,64,45.0,0.0,1584.0,1585.333333
1006,64,48.0,0.2,1585.333333,1586.666667
1007,64,47.0,0.8,1586.666667,1588.0
1008,64,50.0,0.0,1588.0,1589.333333
1009,64,46.0,0.4,1589.333333,1590.666667
1010,64,50.0,0.6,1590.666667,1592.0
1011,64,45.0,0.8,1592.0,1593.333333
1012,64,43.0,0.0,1593.333333,1594.666667
1013,64,45.0,0.5,1594.666667,1596.0
1014,64,45.0,0.8,1596.0,1597.333333
1015,64,45.0,0.5,1597.333333,1598.666667
1016,64,40.0,0.0,1600.0,1601.333333
1017,64,41.0,0.0,1601.333333,1602.666667
1018,64,38.0,0.6,1602.666667,1604.0
1019,64,33.0,0.4,1604.0,1605.333333
1020,64,32.0,0.0,1605.333333,1606.666667
1021,64,29.0,0.0,1606.666667,1608.0
1022,64,34.0,0.0,1608.0,1609.333333
1023,64,31.0,0.1,1610.666667,1612.0
1024,64,28.0,0.0,1613.333333,1614.666667
1025,64,35.0,0.8,1614.666667,1616.0
1026,64,31.0,0.4,1616.0,1617.333333
1027,64,29.0,0.0,1617.333333,1618.666667
1028,64,40.0,0.7,1618.666667,1620.0
1029,64,38.0,0.2,1620.0,1621.333333
1030,64,33.0,0.5,1621.333333,1622.666667
1031,64,33.0,0.0,1622.666667,1624.0
1032,64,38.0,0.2,1625.333333,1626.666667
1033,64,35.0,0.5,1626.666667,1628.0
1034,64,38.0,0.3,1629.333333,1630.666667
1035,64,35.0,0.6,1630.666667,1632.0
1036,64,41.0,0.0,1632.0,1633.333333
1037,64,37.0,0.0,1633.333333,1634.666667
1038,64,36.0,0.2,1634.666667,1636.0
1039,64,40.0,0.6,1636.0,1637.333333
1040,64,43.0,0.0,1637.333333,1638.666667
1041,64,48.0,0.2,1638.666667,1640.0
1042,64,46.0,0.0,1640.0,1641.333333
1043,64,50.0,0.0,1641.333333,1642.666667
1044,64,46.0,0.4,1642.666667,1644.0
1045,64,50.0,0.6,1644.0,1645.333333
1046,64,45.0,0.0,1645.333333,1646.666667
1047,64,43.0,0.0,1646.666667,1648.0
1048,64,41.0,0.0,1648.0,1649.333333
1049,64,45.0,0.8,1649.333333,1650.666667
1050,64,43.0,0.0,1650.666667,1652.0
1051,64,43.0,0.1,1653.333333,1654.666667
1052,64,48.0,0.5,1654.666667,1656.0
1053,64,50.0,0.2,1657.333333,1658.666667
1054,64,53.0,0.0,1658.666667,1660.0
1055,64,57.0,0.5,1661.333333,1662.666667
1056,64,58.0,0.4,1664.0,1665.333333
1057,64,56.0,0.5,1666.666667,1668.0
1058,64,52.0,0.6,1668.0,1669.333333
1059,64,50.0,0.9,1669.333333,1670.666667
1060,64,53.0,0.0,1670.666667,1672.0
1061,64,53.0,0.3,1672.0,1673.333333
1062,64,52.0,0.6,1673.333333,1674.666667
1063,64,57.0,0.5,1674.666667,1676.0
1064,64,57.0,0.0,1676.0,1677.333333
1065,64,55.0,0.4,1677.333333,1678.666667
1066,64,55.0,0.0,1678.666667,1680.0
1067,64,55.0,0.4,1680.0,1681.333333
1068,64,55.0,0.1,1682.666667,1684.0
1069,64,55.0,0.4,1684.0,1685.333333
1070,64,60.0,0.2,1685.333333,1686.666667
1071,64,52.0,0.0,1686.666667,1688.0
1072,64,53.0,0.0,1688.0,1689.333333
1073,64,57.0,0.4,1689.333333,1690.666667
1074,64,58.0,0.4,1690.666667,1692.0
1075,64,57.0,0.8,1692.0,1693.333333
1076,64,59.0,0.8,1693.333333,1694.666667
1077,64,53.0,0.0,1694.666667,1696.0
1078,64,50.0,0.3,1696.0,1697.333333
1079,64,50.0,0.9,1697.333333,1698.666667
1080,64,53.0,0.0,1698.666667,1700.0
1081,64,47.0,0.8,1700.0,1701.333333
1082,64,44.0,0.0,1701.333333,1702.666667
1083,64,48.0,0.2,1702.666667,1704.0
1084,64,48.0,0.5,1704.0,1705.333333
1085,64,52.0,0.0,1706.666667,1708.0
1086,64,53.0,0.0,1708.0,1709.333333
1087,64,52.0,0.4,1709.333333,1710.666667
1088,64,47.0,0.8,1710.666667,1712.0
1089,64,53.0,0.0,1712.0,1713.333333
1090,64,57.0,0.0,1713.333333,1714.666667
1091,64,55.0,0.0,1714.666667,1716.0
1092,64,53.0,0.6,1717.333333,1718.666667
1093,64,56.0,0.5,1720.0,1721.333333
1094,64,62.0,0.2,1721.333333,1722.666667
1095,64,55.0,0.0,1722.666667,1724.0
1096,64,57.0,0.8,1724.0,1725.333333
1097,64,57.0,0.5,1725.333333,1726.666667
1098,64,55.0,0.0,1726.666667,1728.0
1099,64,53.0,0.0,1728.0,1729.333333
1100,64,57.0,0.0,1729.333333,1730.666667
1101,64,52.0,0.6,1732.0,1733.333333
1102,64,52.0,0.0,1733.333333,1734.666667
1103,64,55.0,0.1,1736.0,1737.333333
1104,64,58.0,0.1,1737.333333,1738.666667
1105,64,57.0,0.4,1738.666667,1740.0
1106,64,59.0,0.5,1740.0,1741.333333
1107,64,60.0,0.2,1741.333333,1742.666667
1108,64,55.0,0.0,1742.666667,1744.0
1109,64,58.0,0.4,1744.0,1745.333333
1110,64,53.0,0.0,1745.333333,1746.666667
1111,64,57.0,0.5,1746.666667,1748.0
1112,64,60.0,0.5,1748.0,1749.333333
1113,64,53.0,0.6,1749.333333,1750.666667
1114,64,50.0,0.6,1750.666667,1752.0
1115,64,45.0,0.0,1752.0,1753.333333
1116,64,45.0,0.4,1753.333333,1754.666667
1117,64,48.0,0.8,1754.666667,1756.0
1118,64,50.0,0.6,1756.0,1757.333333
1119,64,47.0,0.8,1757.333333,1758.666667
1120,64,52.0,0.0,1760.0,1761.333333
1121,64,50.0,0.6,1761.333333,1762.666667
1122,64,55.0,0.0,1764.0,1765.333333
1123,64,60.0,0.8,1765.333333,1766.666667
1124,64,52.0,0.0,1766.666667,1768.0
1125,64,57.0,0.5,1768.0,1769.333333
1126,64,58.0,0.0,1770.666667,1772.0
1127,64,52.0,0.0,1773.333333,1774.666667
1128,64,52.0,0.6,1774.666667,1776.0
1129,64,57.0,0.8,1776.0,1777.333333
1130,64,53.0,0.3,1777.333333,1778.666667
1131,64,53.0,0.0,1778.666667,1780.0
1132,64,57.0,0.4,1780.0,1781.333333
1133,64,58.0,0.1,1781.333333,1782.666667
1134,64,57.0,0.0,1782.666667,1784.0
1135,64,53.0,0.0,1784.0,1785.333333
1136,64,50.0,0.2,1785.333333,1786.666667
1137,64,55.0,0.4,1786.666667,1788.0
1138,64,59.0,0.9,1789.333333,1790.666667
1139,64,57.0,0.5,1790.666667,1792.0
1140,64,53.0,0.0,1792.0,1793.333333
1141,64,55.0,0.4,1793.333333,1794.666667
1142,64,50.0,0.0,1794.666667,1796.0
1143,64,47.0,0.8,1796.0,1797.333333
1144,64,44.0,0.0,1797.333333,1798.666667
1145,64,48.0,0.5,1798.666667,1800.0
1146,64,52.0,0.6,1800.0,1801.333333
1147,64,55.0,0.1,1801.333333,1802.666667
1148,64,56.0,0.0,1802.666667,1804.0
1149,64,53.0,0.0,1804.0,1805.333333
1150,64,55.0,0.4,1805.333333,1806.666667
1151,64,57.0,0.4,1806.666667,1808.0
1152,64,55.0,0.7,1808.0,1809.333333
1153,64,58.0,0.1,1809.333333,1810.666667
1154,64,57.0,0.8,1810.666667,1812.0
1155,64,52.0,0.0,1813.333333,1814.666667
1156,64,52.0,0.4,1814.666667,1816.0
1157,64,53.0,0.0,1816.0,1817.333333
1158,64,57.0,0.4,1817.333333,1818.666667
1159,64,56.0,0.0,1818.666667,1820.0
1160,64,50.0,0.6,1820.0,1821.333333
1161,64,46.0,0.0,1821.333333,1822.666667
1162,64,41.0,0.0,1824.0,1825.333333
1163,64,43.0,0.0,1826.666667,1829.333333
1164,64,46.0,0.0,1829.333333,1830.666667
1165,64,48.0,0.5,1830.666667,1832.0
1166,64,48.0,0.2,1832.0,1833.333333
1167,64,47.0,0.8,1833.333333,1834.666667
1168,64,43.0,0.1,1834.666667,1836.0
1169,64,45.0,0.0,1836.0,1837.333333
1170,64,40.0,0.6,1838.666667,1840.0
1171,64,40.0,0.0,1840.0,1841.333333
1172,64,45.0,0.8,1842.666667,1844.0
1173,64,45.0,0.5,1844.0,1846.666667
1174,64,40.0,0.0,1846.666667,1848.0
1175,64,43.0,0.7,1848.0,1849.333333
1176,64,38.0,0.2,1849.333333,1850.666667
1177,64,43.0,0.4,1850.666667,1852.0
1178,64,43.0,0.7,1852.0,1853.333333
1179,64,40.0,0.6,1853.333333,1854.666667
1180,64,35.0,0.9,1854.666667,1856.0
1181,64,32.0,0.0,1856.0,1857.333333
1182,64,38.0,0.0,1857.333333,1858.666667
1183,64,33.0,0.0,1858.666667,1860.0
1184,64,35.0,0.8,1860.0,1861.333333
1185,64,34.0,0.4,1861.333333,1862.666667
1186,64,29.0,0.3,1862.666667,1864.0
1187,64,29.0,0.0,1864.0,1865.333333
1188,64,28.0,0.0,1866.666667,1868.0
1189,64,29.0,0.0,1868.0,1869.333333
1190,64,33.0,0.4,1870.666667,1872.0
1191,64,29.0,0.0,1872.0,1873.333333
1192,64,36.0,0.5,1873.333333,1874.666667
1193,64,34.0,0.0,1874.666667,1876.0
1194,64,31.0,0.1,1877.333333,1878.666667
1195,64,32.0,0.5,1880.0,1881.333333
1196,64,31.0,0.0,1881.333333,1882.666667
1197,64,34.0,0.4,1882.666667,1884.0
1198,64,36.0,0.5,1884.0,1885.333333
1199,64,33.0,0.4,1885.333333,1886.666667
1200,64,35.0,0.8,1886.666667,1888.0
1201,64,33.0,0.0,1888.0,1890.666667
1202,64,38.0,0.9,1890.666667,1892.0
1203,64,40.0,0.6,1892.0,1893.333333
1204,64,41.0,0.0,1893.333333,1894.666667
1205,64,45.0,0.8,1896.0,1897.333333
1206,64,47.0,0.6,1897.333333,1898.666667
1207,64,46.0,0.4,1898.666667,1900.0
1208,64,44.0,0.5,1900.0,1901.333333
1209,64,38.0,0.6,1901.333333,1902.666667
1210,64,38.0,0.2,1902.666667,1904.0
1211,64,41.0,0.0,1904.0,1905.333333
1212,64,43.0,0.7,1905.333333,1906.666667
1213,64,43.0,0.0,1906.666667,1908.0
1214,64,38.0,0.0,1908.0,1909.333333
1215,64,41.0,0.3,1909.333333,1910.666667
1216,64,38.0,0.6,1910.666667,1912.0
1217,64,36.0,0.5,1912.0,1913.333333
1218,64,35.0,0.8,1913.333333,1914.666667
1219,64,36.0,0.2,1914.666667,1916.0
1220,64,41.0,0.3,1916.0,1917.333333
1221,64,41.0,0.0,1917.333333,1918.666667
1222,64,40.0,0.0,1920.0,1921.333333
1223,64,41.0,0.0,1921.333333,1924.0
1224,64,38.0,0.2,1924.0,1925.333333
1225,64,38.0,0.6,1925.333333,1926.666667
1226,64,34.0,0.0,1928.0,1929.333333
1227,64,31.0,0.1,1930.666667,1932.0
1228,64,31.0,0.0,1933.333333,1934.666667
1229,64,35.0,0.8,1934.666667,1936.0
1230,64,33.0,0.4,1936.0,1937.333333
1231,64,36.0,0.5,1937.333333,1938.666667
1232,64,36.0,0.2,1938.666667,1940.0
1233,64,38.0,0.2,1940.0,1941.333333
1234,64,43.0,0.1,1941.333333,1942.666667
1235,64,45.0,0.0,1942.666667,1944.0
1236,64,45.0,0.4,1945.333333,1946.666667
1237,64,43.0,0.0,1946.666667,1950.666667
1238,64,47.0,0.6,1950.666667,1952.0
1239,64,45.0,0.5,1952.0,1953.333333
1240,64,45.0,0.8,1953.333333,1954.666667
1241,64,43.0,0.7,1954.666667,1956.0
1242,64,43.0,0.0,1956.0,1957.333333
1243,64,43.0,0.4,1957.333333,1958.666667
1244,64,43.0,0.7,1958.666667,1960.0
1245,64,43.0,0.0,1960.0,1961.333333
1246,64,38.0,0.0,1961.333333,1962.666667
1247,64,33.0,0.5,1962.666667,1964.0
1248,64,38.0,0.6,1964.0,1965.333333
1249,64,33.0,0.0,1965.333333,1966.666667
1250,64,40.0,0.6,1966.666667,1968.0
1251,64,44.0,0.0,1968.0,1969.333333
1252,64,41.0,0.3,1969.333333,1970.666667
1253,64,41.0,0.0,1970.666667,1972.0
1254,64,43.0,0.0,1973.333333,1974.666667
1255,64,48.0,0.5,1974.666667,1976.0
1256,64,43.0,0.0,1977.333333,1978.666667
1257,64,41.0,0.0,1978.666667,1980.0
1258,64,45.0,0.0,1980.0,1981.333333
1259,64,46.0,0.0,1981.333333,1982.666667
1260,64,47.0,0.9,1984.0,1985.333333
1261,64,52.0,0.0,1986.666667,1988.0
1262,64,52.0,0.6,1988.0,1989.333333
1263,64,50.0,0.3,1989.333333,1990.666667
1264,64,48.0,0.2,1990.666667,1992.0
1265,64,47.0,0.8,1992.0,1993.333333
1266,64,52.0,0.6,1993.333333,1994.666667
1267,64,56.0,0.0,1994.666667,1996.0
1268,64,57.0,0.0,1996.0,1997.333333
1269,64,62.0,0.9,1997.333333,1998.666667
1270,64,62.0,0.2,1998.666667,2000.0
1271,64,56.0,0.0,2000.0,2001.333333
1272,64,57.0,0.5,2002.666667,2004.0
1273,64,55.0,0.4,2004.0,2005.333333
1274,64,59.0,0.6,2005.333333,2006.666667
1275,64,61.0,0.0,2006.666667,2008.0
1276,64,62.0,0.6,2008.0,2009.333333
1277,64,59.0,0.8,2009.333333,2010.666667
1278,64,57.0,0.0,2010.666667,2012.0
1279,64,55.0,0.4,2012.0,2013.333333
1280,64,55.0,0.1,2013.333333,2014.666667
1281,64,53.0,0.0,2014.666667,2016.0
1282,64,58.0,0.4,2016.0,2017.333333
1283,64,62.0,0.9,2017.333333,2018.666667
1284,64,60.0,0.5,2018.666667,2020.0
1285,64,55.0,0.4,2020.0,2021.333333
1286,64,60.0,0.2,2021.333333,2022.666667
1287,64,53.0,0.0,2022.666667,2024.0
1288,64,52.0,0.7,2024.0,2025.333333
1289,64,55.0,0.0,2026.666667,2028.0
1290,64,53.0,0.0,2028.0,2029.333333
1291,64,48.0,0.5,2029.333333,2030.666667
1292,64,52.0,0.6,2030.666667,2032.0
1293,64,48.0,0.8,2032.0,2033.333333
1294,64,47.0,0.5,2033.333333,2034.666667
1295,64,46.0,0.0,2034.666667,2036.0
1296,64,41.0,0.0,2037.333333,2038.666667
1297,64,40.0,0.0,2040.0,2041.333333
1298,64,38.0,0.2,2041.333333,2042.666667
1299,64,33.0,0.5,2042.666667,2044.0
1300,64,36.0,0.2,2044.0,2045.333333
1301,64,36.0,0.5,2045.333333,2046.666667
1302,64,31.0,0.0,2046.666667,2048.0
1303,64,32.0,0.0,2048.0,2049.333333
1304,64,33.0,0.0,2049.333333,2050.666667
1305,64,35.0,0.8,2052.0,2053.333333
1306,64,40.0,0.0,2053.333333,2054.666667
1307,64,35.0,0.8,2056.0,2057.333333
1308,64,34.0,0.1,2057.333333,2058.666667
1309,64,38.0,0.0,2058.666667,2060.0
1310,64,41.0,0.0,2060.0,2061.333333
1311,64,41.0,0.3,2061.333333,2062.666667
1312,64,45.0,0.4,2062.666667,2064.0
1313,64,41.0,0.0,2064.0,2066.666667
1314,64,45.0,0.4,2066.666667,2068.0
1315,64,48.0,0.5,2068.0,2069.333333
1316,64,45.0,0.5,2069.333333,2070.666667
1317,64,50.0,0.6,2070.666667,2072.0
1318,64,45.0,0.0,2072.0,2073.333333
1319,64,41.0,0.0,2073.333333,2074.666667
1320,64,43.0,0.1,2074.666667,2076.0
1321,64,43.0,0.4,2076.0,2077.333333
1322,64,43.0,0.7,2077.333333,2078.666667
1323,64,43.0,0.0,2080.0,2081.333333
1324,64,38.0,0.6,2081.333333,2082.666667
1325,64,38.0,0.2,2084.0,2085.333333
1326,64,43.0,0.1,2085.333333,2086.666667
1327,64,38.0,0.9,2086.666667,2088.0
1328,64,43.0,0.4,2088.0,2089.333333
1329,64,46.0,0.4,2090.666667,2092.0
1330,64,52.0,0.0,2093.333333,2094.666667
1331,64,52.0,0.6,2094.666667,2096.0
1332,64,53.0,0.0,2096.0,2097.333333
1333,64,48.0,0.2,2097.333333,2098.666667
1334,64,43.0,0.0,2098.666667,2100.0
1335,64,45.0,0.4,2100.0,2101.333333
1336,64,47.0,0.6,2101.333333,2102.666667
1337,64,45.0,0.0,2102.666667,2104.0
1338,64,48.0,0.5,2104.0,2105.333333
1339,64,43.0,0.0,2105.333333,2106.666667
1340,64,47.0,0.8,2106.666667,2108.0
1341,64,53.0,0.0,2109.333333,2110.666667
1342,64,57.0,0.5,2110.666667,2112.0
1343,64,53.0,0.0,2112.0,2113.333333
1344,64,56.0,0.5,2113.333333,2114.666667
1345,64,50.0,0.9,2114.666667,2116.0
1346,64,45.0,0.4,2116.0,2117.333333
1347,64,45.0,0.5,2117.333333,2118.666667
1348,64,41.0,0.0,2118.666667,2120.0
1349,64,38.0,0.3,2120.0,2121.333333
1350,64,43.0,0.1,2121.333333,2122.666667
1351,64,45.0,0.8,2122.666667,2124.0
1352,64,41.0,0.0,2124.0,2125.333333
1353,64,46.0,0.1,2125.333333,2126.666667
1354,64,47.0,0.8,2126.666667,2128.0
1355,64,45.0,0.8,2128.0,2129.333333
1356,64,43.0,0.4,2129.333333,2130.666667
1357,64,43.0,0.7,2130.666667,2132.0
