,Start,Velocity,Note,Duration,Message,Time
0,0.0,64,40.0,1.0,note_on,0
1,0.0,64,40.0,1.0,note_off,480
2,1.0,64,41.0,2.0,note_on,0
3,1.0,64,41.0,2.0,note_off,960
4,3.0,64,43.0,1.0,note_on,0
5,3.0,64,43.0,1.0,note_off,480
6,4.0,64,44.0,1.0,note_on,0
7,4.0,64,44.0,1.0,note_off,480
8,5.0,64,41.0,1.0,note_on,0
9,5.0,64,41.0,1.0,note_off,480
10,6.0,64,43.0,1.0,note_on,0
11,6.0,64,43.0,1.0,note_off,480
12,8.0,64,43.1,1.0,note_on,0
13,8.0,64,43.1,1.0,note_off,480
14,10.0,64,43.0,1.0,note_on,0
15,10.0,64,43.0,1.0,note_off,480
16,11.0,64,45.4,1.0,note_on,0
17,11.0,64,45.4,1.0,note_off,480
18,12.0,64,46.0,1.0,note_on,0
19,12.0,64,46.0,1.0,note_off,480
20,13.0,64,41.0,1.0,note_on,0
21,13.0,64,41.0,1.0,note_off,480
22,14.0,64,41.3,1.0,note_on,0
23,14.0,64,41.3,1.0,note_off,480
24,15.0,64,43.0,1.0,note_on,0
25,15.0,64,43.0,1.0,note_off,480
26,16.0,64,43.1,1.0,note_on,0
27,16.0,64,43.1,1.0,note_off,480
28,17.0,64,45.0,1.0,note_on,0
29,17.0,64,45.0,1.0,note_off,480
30,19.0,64,47.8,1.0,note_on,0
31,19.0,64,47.8,1.0,note_off,480
32,20.0,64,48.8,1.0,note_on,0
33,20.0,64,48.8,1.0,note_off,480
34,22.0,64,45.4,1.0,note_on,0
35,22.0,64,45.4,1.0,note_off,480
36,23.0,64,47.6,1.0,note_on,0
37,23.0,64,47.6,1.0,note_off,480
38,24.0,64,46.4,1.0,note_on,0
39,24.0,64,46.4,1.0,note_off,480
40,25.0,64,47.5,1.0,note_on,0
41,25.0,64,47.5,1.0,note_off,480
42,26.0,64,53.0,1.0,note_on,0
43,26.0,64,53.0,1.0,note_off,480
44,27.0,64,50.2,1.0,note_on,0
45,27.0,64,50.2,1.0,note_off,480
46,28.0,64,51.2,1.0,note_on,0
47,28.0,64,51.2,1.0,note_off,480
48,29.0,64,45.8,1.0,note_on,0
49,29.0,64,45.8,1.0,note_off,480
50,30.0,64,46.0,1.0,note_on,0
51,30.0,64,46.0,1.0,note_off,480
52,31.0,64,50.0,1.0,note_on,0
53,31.0,64,50.0,1.0,note_off,480
54,32.0,64,45.5,1.0,note_on,0
55,32.0,64,45.5,1.0,note_off,480
56,33.0,64,50.6,1.0,note_on,0
57,33.0,64,50.6,1.0,note_off,480
58,34.0,64,45.0,1.0,note_on,0
59,34.0,64,45.0,1.0,note_off,480
60,35.0,64,40.6,1.0,note_on,0
61,35.0,64,40.6,1.0,note_off,480
62,36.0,64,41.6,1.0,note_on,0
63,36.0,64,41.6,1.0,note_off,480
64,37.0,64,36.2,1.0,note_on,0
65,37.0,64,36.2,1.0,note_off,480
66,38.0,64,36.5,1.0,note_on,0
67,38.0,64,36.5,1.0,note_off,480
68,40.0,64,36.8,1.0,note_on,0
69,40.0,64,36.8,1.0,note_off,480
70,41.0,64,36.5,1.0,note_on,0
71,41.0,64,36.5,1.0,note_off,480
72,43.0,64,33.4,2.0,note_on,0
73,43.0,64,33.4,2.0,note_off,960
74,46.0,64,34.0,1.0,note_on,0
75,46.0,64,34.0,1.0,note_off,480
76,48.0,64,34.0,1.0,note_on,0
77,48.0,64,34.0,1.0,note_off,480
78,50.0,64,35.5,1.0,note_on,0
79,50.0,64,35.5,1.0,note_off,480
80,51.0,64,31.0,1.0,note_on,0
81,51.0,64,31.0,1.0,note_off,480
82,52.0,64,29.0,1.0,note_on,0
83,52.0,64,29.0,1.0,note_off,480
84,53.0,64,40.7,1.0,note_on,0
85,53.0,64,40.7,1.0,note_off,480
86,54.0,64,38.2,1.0,note_on,0
87,54.0,64,38.2,1.0,note_off,480
88,55.0,64,33.4,1.0,note_on,0
89,55.0,64,33.4,1.0,note_off,480
90,56.0,64,33.5,1.0,note_on,0
91,56.0,64,33.5,1.0,note_off,480
92,57.0,64,33.0,1.0,note_on,0
93,57.0,64,33.0,1.0,note_off,480
94,58.0,64,33.8,1.0,note_on,0
95,58.0,64,33.8,1.0,note_off,480
96,59.0,64,40.6,1.0,note_on,0
97,59.0,64,40.6,1.0,note_off,480
98,60.0,64,36.8,1.0,note_on,0
99,60.0,64,36.8,1.0,note_off,480
100,62.0,64,38.0,1.0,note_on,0
101,62.0,64,38.0,1.0,note_off,480
102,63.0,64,43.4,1.0,note_on,0
103,63.0,64,43.4,1.0,note_off,480
104,64.0,64,43.1,1.0,note_on,0
105,64.0,64,43.1,1.0,note_off,480
106,65.0,64,41.0,1.0,note_on,0
107,65.0,64,41.0,1.0,note_off,480
108,66.0,64,38.6,1.0,note_on,0
109,66.0,64,38.6,1.0,note_off,480
110,67.0,64,38.2,1.0,note_on,0
111,67.0,64,38.2,1.0,note_off,480
112,68.0,64,34.4,1.0,note_on,0
113,68.0,64,34.4,1.0,note_off,480
114,69.0,64,33.5,1.0,note_on,0
115,69.0,64,33.5,1.0,note_off,480
116,70.0,64,29.3,1.0,note_on,0
117,70.0,64,29.3,1.0,note_off,480
118,71.0,64,29.0,1.0,note_on,0
119,71.0,64,29.0,1.0,note_off,480
120,72.0,64,41.6,1.0,note_on,0
121,72.0,64,41.6,1.0,note_off,480
122,73.0,64,38.9,1.0,note_on,0
123,73.0,64,38.9,1.0,note_off,480
124,74.0,64,36.2,1.0,note_on,0
125,74.0,64,36.2,1.0,note_off,480
126,75.0,64,35.8,2.0,note_on,0
127,75.0,64,35.8,2.0,note_off,960
128,77.0,64,35.9,1.0,note_on,0
129,77.0,64,35.9,1.0,note_off,480
130,78.0,64,36.2,1.0,note_on,0
131,78.0,64,36.2,1.0,note_off,480
132,80.0,64,36.8,1.0,note_on,0
133,80.0,64,36.8,1.0,note_off,480
134,81.0,64,41.0,1.0,note_on,0
135,81.0,64,41.0,1.0,note_off,480
136,82.0,64,36.5,1.0,note_on,0
137,82.0,64,36.5,1.0,note_off,480
138,83.0,64,35.8,1.0,note_on,0
139,83.0,64,35.8,1.0,note_off,480
140,84.0,64,39.2,1.0,note_on,0
141,84.0,64,39.2,1.0,note_off,480
142,85.0,64,45.0,1.0,note_on,0
143,85.0,64,45.0,1.0,note_off,480
144,86.0,64,45.4,1.0,note_on,0
145,86.0,64,45.4,1.0,note_off,480
146,88.0,64,45.4,1.0,note_on,0
147,88.0,64,45.4,1.0,note_off,480
148,90.0,64,40.0,1.0,note_on,0
149,90.0,64,40.0,1.0,note_off,480
150,91.0,64,45.4,1.0,note_on,0
151,91.0,64,45.4,1.0,note_off,480
152,92.0,64,46.0,1.0,note_on,0
153,92.0,64,46.0,1.0,note_off,480
154,93.0,64,43.7,1.0,note_on,0
155,93.0,64,43.7,1.0,note_off,480
156,94.0,64,43.4,1.0,note_on,0
157,94.0,64,43.4,1.0,note_off,480
158,95.0,64,47.8,1.0,note_on,0
159,95.0,64,47.8,1.0,note_off,480
160,96.0,64,47.9,1.0,note_on,0
161,96.0,64,47.9,1.0,note_off,480
162,97.0,64,45.0,1.0,note_on,0
163,97.0,64,45.0,1.0,note_off,480
164,99.0,64,43.0,2.0,note_on,0
165,99.0,64,43.0,2.0,note_off,960
166,102.0,64,43.0,1.0,note_on,0
167,102.0,64,43.0,1.0,note_off,480
168,103.0,64,46.1,1.0,note_on,0
169,103.0,64,46.1,1.0,note_off,480
170,104.0,64,41.0,1.0,note_on,0
171,104.0,64,41.0,1.0,note_off,480
172,105.0,64,35.5,1.0,note_on,0
173,105.0,64,35.5,1.0,note_off,480
174,106.0,64,40.7,1.0,note_on,0
175,106.0,64,40.7,1.0,note_off,480
176,107.0,64,40.6,1.0,note_on,0
177,107.0,64,40.6,1.0,note_off,480
178,108.0,64,38.2,1.0,note_on,0
179,108.0,64,38.2,1.0,note_off,480
180,109.0,64,38.9,1.0,note_on,0
181,109.0,64,38.9,1.0,note_off,480
182,110.0,64,33.4,1.0,note_on,0
183,110.0,64,33.4,1.0,note_off,480
184,111.0,64,36.5,1.0,note_on,0
185,111.0,64,36.5,1.0,note_off,480
186,112.0,64,39.2,1.0,note_on,0
187,112.0,64,39.2,1.0,note_off,480
188,113.0,64,38.6,1.0,note_on,0
189,113.0,64,38.6,1.0,note_off,480
190,114.0,64,33.0,1.0,note_on,0
191,114.0,64,33.0,1.0,note_off,480
192,115.0,64,35.6,1.0,note_on,0
193,115.0,64,35.6,1.0,note_off,480
194,116.0,64,36.8,1.0,note_on,0
195,116.0,64,36.8,1.0,note_off,480
196,117.0,64,36.5,1.0,note_on,0
197,117.0,64,36.5,1.0,note_off,480
198,118.0,64,36.2,1.0,note_on,0
199,118.0,64,36.2,1.0,note_off,480
200,120.0,64,36.8,1.0,note_on,0
201,120.0,64,36.8,1.0,note_off,480
202,121.0,64,38.6,1.0,note_on,0
203,121.0,64,38.6,1.0,note_off,480
204,123.0,64,35.8,1.0,note_on,0
205,123.0,64,35.8,1.0,note_off,480
206,124.0,64,36.8,1.0,note_on,0
207,124.0,64,36.8,1.0,note_off,480
208,125.0,64,35.5,1.0,note_on,0
209,125.0,64,35.5,1.0,note_off,480
210,126.0,64,34.0,1.0,note_on,0
211,126.0,64,34.0,1.0,note_off,480
212,128.0,64,33.5,1.0,note_on,0
213,128.0,64,33.5,1.0,note_off,480
214,130.0,64,37.0,1.0,note_on,0
215,130.0,64,37.0,1.0,note_off,480
216,131.0,64,38.2,1.0,note_on,0
217,131.0,64,38.2,1.0,note_off,480
218,132.0,64,38.6,1.0,note_on,0
219,132.0,64,38.6,1.0,note_off,480
220,133.0,64,43.7,1.0,note_on,0
221,133.0,64,43.7,1.0,note_off,480
222,134.0,64,43.4,1.0,note_on,0
223,134.0,64,43.4,1.0,note_off,480
224,135.0,64,38.2,1.0,note_on,0
225,135.0,64,38.2,1.0,note_off,480
226,136.0,64,35.6,1.0,note_on,0
227,136.0,64,35.6,1.0,note_off,480
228,137.0,64,33.0,1.0,note_on,0
229,137.0,64,33.0,1.0,note_off,480
230,138.0,64,33.5,1.0,note_on,0
231,138.0,64,33.5,1.0,note_off,480
232,139.0,64,40.6,2.0,note_on,0
233,139.0,64,40.6,2.0,note_off,960
234,142.0,64,41.0,1.0,note_on,0
235,142.0,64,41.0,1.0,note_off,480
236,143.0,64,45.5,1.0,note_on,0
237,143.0,64,45.5,1.0,note_off,480
238,144.0,64,41.6,1.0,note_on,0
239,144.0,64,41.6,1.0,note_off,480
240,145.0,64,45.8,1.0,note_on,0
241,145.0,64,45.8,1.0,note_off,480
242,146.0,64,50.9,1.0,note_on,0
243,146.0,64,50.9,1.0,note_off,480
244,147.0,64,55.0,1.0,note_on,0
245,147.0,64,55.0,1.0,note_off,480
246,148.0,64,56.0,1.0,note_on,0
247,148.0,64,56.0,1.0,note_off,480
248,149.0,64,50.9,1.0,note_on,0
249,149.0,64,50.9,1.0,note_off,480
250,150.0,64,47.8,1.0,note_on,0
251,150.0,64,47.8,1.0,note_off,480
252,151.0,64,43.1,1.0,note_on,0
253,151.0,64,43.1,1.0,note_off,480
254,152.0,64,44.0,1.0,note_on,0
255,152.0,64,44.0,1.0,note_off,480
256,153.0,64,41.0,1.0,note_on,0
257,153.0,64,41.0,1.0,note_off,480
258,154.0,64,35.9,1.0,note_on,0
259,154.0,64,35.9,1.0,note_off,480
260,155.0,64,38.0,1.0,note_on,0
261,155.0,64,38.0,1.0,note_off,480
262,156.0,64,36.2,1.0,note_on,0
263,156.0,64,36.2,1.0,note_off,480
264,157.0,64,36.5,1.0,note_on,0
265,157.0,64,36.5,1.0,note_off,480
266,158.0,64,36.2,1.0,note_on,0
267,158.0,64,36.2,1.0,note_off,480
268,160.0,64,36.8,1.0,note_on,0
269,160.0,64,36.8,1.0,note_off,480
270,161.0,64,40.4,1.0,note_on,0
271,161.0,64,40.4,1.0,note_off,480
272,162.0,64,41.0,1.0,note_on,0
273,162.0,64,41.0,1.0,note_off,480
274,163.0,64,45.4,1.0,note_on,0
275,163.0,64,45.4,1.0,note_off,480
276,164.0,64,44.0,1.0,note_on,0
277,164.0,64,44.0,1.0,note_off,480
278,165.0,64,38.6,1.0,note_on,0
279,165.0,64,38.6,1.0,note_off,480
280,166.0,64,35.8,1.0,note_on,0
281,166.0,64,35.8,1.0,note_off,480
282,168.0,64,39.2,1.0,note_on,0
283,168.0,64,39.2,1.0,note_off,480
284,170.0,64,35.5,1.0,note_on,0
285,170.0,64,35.5,1.0,note_off,480
286,171.0,64,35.8,1.0,note_on,0
287,171.0,64,35.8,1.0,note_off,480
288,172.0,64,34.0,1.0,note_on,0
289,172.0,64,34.0,1.0,note_off,480
290,173.0,64,33.5,1.0,note_on,0
291,173.0,64,33.5,1.0,note_off,480
292,174.0,64,33.8,1.0,note_on,0
293,174.0,64,33.8,1.0,note_off,480
294,175.0,64,40.6,1.0,note_on,0
295,175.0,64,40.6,1.0,note_off,480
296,176.0,64,41.6,1.0,note_on,0
297,176.0,64,41.6,1.0,note_off,480
298,177.0,64,45.0,1.0,note_on,0
299,177.0,64,45.0,1.0,note_off,480
300,179.0,64,50.2,1.0,note_on,0
301,179.0,64,50.2,1.0,note_off,480
302,180.0,64,51.2,1.0,note_on,0
303,180.0,64,51.2,1.0,note_off,480
304,182.0,64,48.2,1.0,note_on,0
305,182.0,64,48.2,1.0,note_off,480
306,183.0,64,45.5,1.0,note_on,0
307,183.0,64,45.5,1.0,note_off,480
308,184.0,64,46.0,1.0,note_on,0
309,184.0,64,46.0,1.0,note_off,480
310,185.0,64,44.5,1.0,note_on,0
311,185.0,64,44.5,1.0,note_off,480
312,186.0,64,43.7,1.0,note_on,0
313,186.0,64,43.7,1.0,note_off,480
314,187.0,64,40.6,1.0,note_on,0
315,187.0,64,40.6,1.0,note_off,480
316,188.0,64,36.8,1.0,note_on,0
317,188.0,64,36.8,1.0,note_off,480
318,189.0,64,38.3,1.0,note_on,0
319,189.0,64,38.3,1.0,note_off,480
320,190.0,64,36.5,1.0,note_on,0
321,190.0,64,36.5,1.0,note_off,480
322,191.0,64,35.9,2.0,note_on,0
323,191.0,64,35.9,2.0,note_off,960
324,193.0,64,38.0,1.0,note_on,0
325,193.0,64,38.0,1.0,note_off,480
326,194.0,64,33.0,1.0,note_on,0
327,194.0,64,33.0,1.0,note_off,480
328,195.0,64,31.0,1.0,note_on,0
329,195.0,64,31.0,1.0,note_off,480
330,196.0,64,34.4,1.0,note_on,0
331,196.0,64,34.4,1.0,note_off,480
332,197.0,64,40.7,1.0,note_on,0
333,197.0,64,40.7,1.0,note_off,480
334,198.0,64,43.0,1.0,note_on,0
335,198.0,64,43.0,1.0,note_off,480
336,200.0,64,43.0,1.0,note_on,0
337,200.0,64,43.0,1.0,note_off,480
338,201.0,64,41.0,1.0,note_on,0
339,201.0,64,41.0,1.0,note_off,480
340,203.0,64,45.4,1.0,note_on,0
341,203.0,64,45.4,1.0,note_off,480
342,204.0,64,44.0,1.0,note_on,0
343,204.0,64,44.0,1.0,note_off,480
344,205.0,64,48.5,1.0,note_on,0
345,205.0,64,48.5,1.0,note_off,480
346,206.0,64,46.1,1.0,note_on,0
347,206.0,64,46.1,1.0,note_off,480
348,208.0,64,43.1,1.0,note_on,0
349,208.0,64,43.1,1.0,note_off,480
350,210.0,64,44.5,1.0,note_on,0
351,210.0,64,44.5,1.0,note_off,480
352,211.0,64,47.8,1.0,note_on,0
353,211.0,64,47.8,1.0,note_off,480
354,212.0,64,46.4,1.0,note_on,0
355,212.0,64,46.4,1.0,note_off,480
356,213.0,64,48.2,1.0,note_on,0
357,213.0,64,48.2,1.0,note_off,480
358,214.0,64,47.9,1.0,note_on,0
359,214.0,64,47.9,1.0,note_off,480
360,215.0,64,45.4,1.0,note_on,0
361,215.0,64,45.4,1.0,note_off,480
362,216.0,64,45.5,1.0,note_on,0
363,216.0,64,45.5,1.0,note_off,480
364,217.0,64,45.0,1.0,note_on,0
365,217.0,64,45.0,1.0,note_off,480
366,218.0,64,50.9,1.0,note_on,0
367,218.0,64,50.9,1.0,note_off,480
368,219.0,64,50.2,1.0,note_on,0
369,219.0,64,50.2,1.0,note_off,480
370,220.0,64,48.8,1.0,note_on,0
371,220.0,64,48.8,1.0,note_off,480
372,222.0,64,48.5,1.0,note_on,0
373,222.0,64,48.5,1.0,note_off,480
374,223.0,64,47.6,1.0,note_on,0
375,223.0,64,47.6,1.0,note_off,480
376,224.0,64,45.5,1.0,note_on,0
377,224.0,64,45.5,1.0,note_off,480
378,225.0,64,40.0,1.0,note_on,0
379,225.0,64,40.0,1.0,note_off,480
380,226.0,64,38.6,1.0,note_on,0
381,226.0,64,38.6,1.0,note_off,480
382,227.0,64,40.6,1.0,note_on,0
383,227.0,64,40.6,1.0,note_off,480
384,228.0,64,39.2,1.0,note_on,0
385,228.0,64,39.2,1.0,note_off,480
386,229.0,64,43.4,1.0,note_on,0
387,229.0,64,43.4,1.0,note_off,480
388,230.0,64,46.0,1.0,note_on,0
389,230.0,64,46.0,1.0,note_off,480
390,231.0,64,50.0,1.0,note_on,0
391,231.0,64,50.0,1.0,note_off,480
392,232.0,64,48.8,1.0,note_on,0
393,232.0,64,48.8,1.0,note_off,480
394,233.0,64,50.6,1.0,note_on,0
395,233.0,64,50.6,1.0,note_off,480
396,234.0,64,48.5,1.0,note_on,0
397,234.0,64,48.5,1.0,note_off,480
398,235.0,64,43.0,1.0,note_on,0
399,235.0,64,43.0,1.0,note_off,480
400,236.0,64,48.2,1.0,note_on,0
401,236.0,64,48.2,1.0,note_off,480
402,237.0,64,53.0,1.0,note_on,0
403,237.0,64,53.0,1.0,note_off,480
404,238.0,64,52.7,1.0,note_on,0
405,238.0,64,52.7,1.0,note_off,480
406,240.0,64,49.0,1.0,note_on,0
407,240.0,64,49.0,1.0,note_off,480
408,241.0,64,53.0,1.0,note_on,0
409,241.0,64,53.0,1.0,note_off,480
410,242.0,64,50.6,1.0,note_on,0
411,242.0,64,50.6,1.0,note_off,480
412,243.0,64,50.2,1.0,note_on,0
413,243.0,64,50.2,1.0,note_off,480
414,244.0,64,53.6,1.0,note_on,0
415,244.0,64,53.6,1.0,note_off,480
416,246.0,64,47.8,1.0,note_on,0
417,246.0,64,47.8,1.0,note_off,480
418,248.0,64,48.8,1.0,note_on,0
419,248.0,64,48.8,1.0,note_off,480
420,250.0,64,47.5,1.0,note_on,0
421,250.0,64,47.5,1.0,note_off,480
422,251.0,64,52.6,1.0,note_on,0
423,251.0,64,52.6,1.0,note_off,480
424,252.0,64,51.2,1.0,note_on,0
425,252.0,64,51.2,1.0,note_off,480
426,253.0,64,48.2,1.0,note_on,0
427,253.0,64,48.2,1.0,note_off,480
428,254.0,64,47.9,1.0,note_on,0
429,254.0,64,47.9,1.0,note_off,480
430,255.0,64,43.0,1.0,note_on,0
431,255.0,64,43.0,1.0,note_off,480
432,256.0,64,45.5,1.0,note_on,0
433,256.0,64,45.5,1.0,note_off,480
434,257.0,64,45.0,1.0,note_on,0
435,257.0,64,45.0,1.0,note_off,480
436,259.0,64,43.0,1.0,note_on,0
437,259.0,64,43.0,1.0,note_off,480
438,260.0,64,41.0,1.0,note_on,0
439,260.0,64,41.0,1.0,note_off,480
440,262.0,64,45.5,1.0,note_on,0
441,262.0,64,45.5,1.0,note_off,480
442,263.0,64,47.6,1.0,note_on,0
443,263.0,64,47.6,1.0,note_off,480
444,264.0,64,50.6,1.0,note_on,0
445,264.0,64,50.6,1.0,note_off,480
446,265.0,64,52.7,1.0,note_on,0
447,265.0,64,52.7,1.0,note_off,480
448,266.0,64,55.7,1.0,note_on,0
449,266.0,64,55.7,1.0,note_off,480
450,267.0,64,57.4,1.0,note_on,0
451,267.0,64,57.4,1.0,note_off,480
452,268.0,64,58.4,1.0,note_on,0
453,268.0,64,58.4,1.0,note_off,480
454,269.0,64,55.4,1.0,note_on,0
455,269.0,64,55.4,1.0,note_off,480
456,270.0,64,53.0,1.0,note_on,0
457,270.0,64,53.0,1.0,note_off,480
458,271.0,64,50.0,1.0,note_on,0
459,271.0,64,50.0,1.0,note_off,480
460,272.0,64,47.6,1.0,note_on,0
461,272.0,64,47.6,1.0,note_off,480
462,273.0,64,50.6,1.0,note_on,0
463,273.0,64,50.6,1.0,note_off,480
464,274.0,64,45.0,1.0,note_on,0
465,274.0,64,45.0,1.0,note_off,480
466,275.0,64,47.8,1.0,note_on,0
467,275.0,64,47.8,1.0,note_off,480
468,276.0,64,45.5,1.0,note_on,0
469,276.0,64,45.5,1.0,note_off,480
470,277.0,64,41.0,1.0,note_on,0
471,277.0,64,41.0,1.0,note_off,480
472,278.0,64,40.6,1.0,note_on,0
473,278.0,64,40.6,1.0,note_off,480
474,280.0,64,40.6,1.0,note_on,0
475,280.0,64,40.6,1.0,note_off,480
476,281.0,64,36.5,1.0,note_on,0
477,281.0,64,36.5,1.0,note_off,480
478,283.0,64,35.8,1.0,note_on,0
479,283.0,64,35.8,1.0,note_off,480
480,284.0,64,39.2,1.0,note_on,0
481,284.0,64,39.2,1.0,note_off,480
482,285.0,64,45.0,1.0,note_on,0
483,285.0,64,45.0,1.0,note_off,480
484,286.0,64,45.5,1.0,note_on,0
485,286.0,64,45.5,1.0,note_off,480
486,288.0,64,47.9,1.0,note_on,0
487,288.0,64,47.9,1.0,note_off,480
488,290.0,64,45.8,1.0,note_on,0
489,290.0,64,45.8,1.0,note_off,480
490,291.0,64,50.2,1.0,note_on,0
491,291.0,64,50.2,1.0,note_off,480
492,292.0,64,50.9,1.0,note_on,0
493,292.0,64,50.9,1.0,note_off,480
494,293.0,64,45.8,1.0,note_on,0
495,293.0,64,45.8,1.0,note_off,480
496,294.0,64,45.5,1.0,note_on,0
497,294.0,64,45.5,1.0,note_off,480
498,295.0,64,40.6,1.0,note_on,0
499,295.0,64,40.6,1.0,note_off,480
500,296.0,64,36.2,1.0,note_on,0
501,296.0,64,36.2,1.0,note_off,480
502,297.0,64,33.0,1.0,note_on,0
503,297.0,64,33.0,1.0,note_off,480
504,298.0,64,38.9,1.0,note_on,0
505,298.0,64,38.9,1.0,note_off,480
506,299.0,64,40.6,1.0,note_on,0
507,299.0,64,40.6,1.0,note_off,480
508,300.0,64,36.8,1.0,note_on,0
509,300.0,64,36.8,1.0,note_off,480
510,302.0,64,31.1,1.0,note_on,0
511,302.0,64,31.1,1.0,note_off,480
512,303.0,64,31.4,1.0,note_on,0
513,303.0,64,31.4,1.0,note_off,480
514,304.0,64,32.0,1.0,note_on,0
515,304.0,64,32.0,1.0,note_off,480
516,305.0,64,35.5,1.0,note_on,0
517,305.0,64,35.5,1.0,note_off,480
518,306.0,64,41.0,1.0,note_on,0
519,306.0,64,41.0,1.0,note_off,480
520,307.0,64,43.0,1.0,note_on,0
521,307.0,64,43.0,1.0,note_off,480
522,308.0,64,46.4,1.0,note_on,0
523,308.0,64,46.4,1.0,note_off,480
524,309.0,64,41.0,1.0,note_on,0
525,309.0,64,41.0,1.0,note_off,480
526,310.0,64,43.4,1.0,note_on,0
527,310.0,64,43.4,1.0,note_off,480
528,311.0,64,41.0,1.0,note_on,0
529,311.0,64,41.0,1.0,note_off,480
530,312.0,64,46.4,1.0,note_on,0
531,312.0,64,46.4,1.0,note_off,480
532,313.0,64,50.9,1.0,note_on,0
533,313.0,64,50.9,1.0,note_off,480
534,314.0,64,48.5,1.0,note_on,0
535,314.0,64,48.5,1.0,note_off,480
536,315.0,64,45.4,1.0,note_on,0
537,315.0,64,45.4,1.0,note_off,480
538,316.0,64,48.2,1.0,note_on,0
539,316.0,64,48.2,1.0,note_off,480
540,317.0,64,50.6,1.0,note_on,0
541,317.0,64,50.6,1.0,note_off,480
542,318.0,64,50.3,1.0,note_on,0
543,318.0,64,50.3,1.0,note_off,480
544,320.0,64,45.5,1.0,note_on,0
545,320.0,64,45.5,1.0,note_off,480
546,321.0,64,41.0,1.0,note_on,0
547,321.0,64,41.0,1.0,note_off,480
548,322.0,64,40.4,1.0,note_on,0
549,322.0,64,40.4,1.0,note_off,480
550,323.0,64,43.0,1.0,note_on,0
551,323.0,64,43.0,1.0,note_off,480
552,324.0,64,41.0,1.0,note_on,0
553,324.0,64,41.0,1.0,note_off,480
554,325.0,64,37.0,1.0,note_on,0
555,325.0,64,37.0,1.0,note_off,480
556,326.0,64,34.0,1.0,note_on,0
557,326.0,64,34.0,1.0,note_off,480
558,328.0,64,32.0,1.0,note_on,0
559,328.0,64,32.0,1.0,note_off,480
560,330.0,64,37.0,1.0,note_on,0
561,330.0,64,37.0,1.0,note_off,480
562,331.0,64,40.6,1.0,note_on,0
563,331.0,64,40.6,1.0,note_off,480
564,332.0,64,39.2,1.0,note_on,0
565,332.0,64,39.2,1.0,note_off,480
566,333.0,64,33.8,1.0,note_on,0
567,333.0,64,33.8,1.0,note_off,480
568,334.0,64,34.1,1.0,note_on,0
569,334.0,64,34.1,1.0,note_off,480
570,335.0,64,38.2,1.0,note_on,0
571,335.0,64,38.2,1.0,note_off,480
572,336.0,64,39.2,1.0,note_on,0
573,336.0,64,39.2,1.0,note_off,480
574,337.0,64,45.0,1.0,note_on,0
575,337.0,64,45.0,1.0,note_off,480
576,339.0,64,50.2,1.0,note_on,0
577,339.0,64,50.2,1.0,note_off,480
578,340.0,64,47.5,1.0,note_on,0
579,340.0,64,47.5,1.0,note_off,480
580,342.0,64,47.8,1.0,note_on,0
581,342.0,64,47.8,1.0,note_off,480
582,343.0,64,46.1,1.0,note_on,0
583,343.0,64,46.1,1.0,note_off,480
584,344.0,64,46.0,1.0,note_on,0
585,344.0,64,46.0,1.0,note_off,480
586,345.0,64,45.5,2.0,note_on,0
587,345.0,64,45.5,2.0,note_off,960
588,347.0,64,47.8,1.0,note_on,0
589,347.0,64,47.8,1.0,note_off,480
590,348.0,64,45.8,1.0,note_on,0
591,348.0,64,45.8,1.0,note_off,480
592,349.0,64,50.6,1.0,note_on,0
593,349.0,64,50.6,1.0,note_off,480
594,350.0,64,52.6,1.0,note_on,0
595,350.0,64,52.6,1.0,note_off,480
596,351.0,64,48.5,1.0,note_on,0
597,351.0,64,48.5,1.0,note_off,480
598,352.0,64,53.6,1.0,note_on,0
599,352.0,64,53.6,1.0,note_off,480
600,353.0,64,50.6,1.0,note_on,0
601,353.0,64,50.6,1.0,note_off,480
602,354.0,64,45.0,1.0,note_on,0
603,354.0,64,45.0,1.0,note_off,480
604,355.0,64,45.4,1.0,note_on,0
605,355.0,64,45.4,1.0,note_off,480
606,356.0,64,46.4,1.0,note_on,0
607,356.0,64,46.4,1.0,note_off,480
608,357.0,64,41.0,1.0,note_on,0
609,357.0,64,41.0,1.0,note_off,480
610,358.0,64,41.3,1.0,note_on,0
611,358.0,64,41.3,1.0,note_off,480
612,360.0,64,40.0,1.0,note_on,0
613,360.0,64,40.0,1.0,note_off,480
614,361.0,64,38.6,1.0,note_on,0
615,361.0,64,38.6,1.0,note_off,480
616,363.0,64,33.4,2.0,note_on,0
617,363.0,64,33.4,2.0,note_off,960
618,365.0,64,38.9,1.0,note_on,0
619,365.0,64,38.9,1.0,note_off,480
620,366.0,64,34.0,1.0,note_on,0
621,366.0,64,34.0,1.0,note_off,480
622,368.0,64,34.0,1.0,note_on,0
623,368.0,64,34.0,1.0,note_off,480
624,370.0,64,32.5,1.0,note_on,0
625,370.0,64,32.5,1.0,note_off,480
626,371.0,64,31.0,1.0,note_on,0
627,371.0,64,31.0,1.0,note_off,480
628,372.0,64,31.7,1.0,note_on,0
629,372.0,64,31.7,1.0,note_off,480
630,373.0,64,38.3,1.0,note_on,0
631,373.0,64,38.3,1.0,note_off,480
632,374.0,64,38.6,1.0,note_on,0
633,374.0,64,38.6,1.0,note_off,480
634,375.0,64,35.8,1.0,note_on,0
635,375.0,64,35.8,1.0,note_off,480
636,376.0,64,35.6,1.0,note_on,0
637,376.0,64,35.6,1.0,note_off,480
638,377.0,64,33.0,1.0,note_on,0
639,377.0,64,33.0,1.0,note_off,480
640,378.0,64,38.3,1.0,note_on,0
641,378.0,64,38.3,1.0,note_off,480
642,379.0,64,40.6,1.0,note_on,0
643,379.0,64,40.6,1.0,note_off,480
644,380.0,64,39.2,1.0,note_on,0
645,380.0,64,39.2,1.0,note_off,480
646,382.0,64,35.9,1.0,note_on,0
647,382.0,64,35.9,1.0,note_off,480
648,383.0,64,33.5,1.0,note_on,0
649,383.0,64,33.5,1.0,note_off,480
650,384.0,64,32.0,1.0,note_on,0
651,384.0,64,32.0,1.0,note_off,480
652,385.0,64,35.9,1.0,note_on,0
653,385.0,64,35.9,1.0,note_off,480
654,386.0,64,38.0,1.0,note_on,0
655,386.0,64,38.0,1.0,note_off,480
656,387.0,64,38.2,1.0,note_on,0
657,387.0,64,38.2,1.0,note_off,480
658,388.0,64,36.8,1.0,note_on,0
659,388.0,64,36.8,1.0,note_off,480
660,389.0,64,31.1,1.0,note_on,0
661,389.0,64,31.1,1.0,note_off,480
662,390.0,64,31.0,1.0,note_on,0
663,390.0,64,31.0,1.0,note_off,480
664,391.0,64,31.1,1.0,note_on,0
665,391.0,64,31.1,1.0,note_off,480
666,392.0,64,34.4,1.0,note_on,0
667,392.0,64,34.4,1.0,note_off,480
668,393.0,64,29.0,1.0,note_on,0
669,393.0,64,29.0,1.0,note_off,480
670,394.0,64,40.7,1.0,note_on,0
671,394.0,64,40.7,1.0,note_off,480
672,395.0,64,35.8,1.0,note_on,0
673,395.0,64,35.8,1.0,note_off,480
674,396.0,64,34.4,1.0,note_on,0
675,396.0,64,34.4,1.0,note_off,480
676,397.0,64,33.5,1.0,note_on,0
677,397.0,64,33.5,1.0,note_off,480
678,398.0,64,33.8,1.0,note_on,0
679,398.0,64,33.8,1.0,note_off,480
680,400.0,64,32.5,1.0,note_on,0
681,400.0,64,32.5,1.0,note_off,480
682,401.0,64,40.4,1.0,note_on,0
683,401.0,64,40.4,1.0,note_off,480
684,402.0,64,41.0,1.0,note_on,0
685,402.0,64,41.0,1.0,note_off,480
686,403.0,64,45.4,1.0,note_on,0
687,403.0,64,45.4,1.0,note_off,480
688,404.0,64,44.0,1.0,note_on,0
689,404.0,64,44.0,1.0,note_off,480
690,405.0,64,41.0,1.0,note_on,0
691,405.0,64,41.0,1.0,note_off,480
692,406.0,64,45.4,1.0,note_on,0
693,406.0,64,45.4,1.0,note_off,480
694,408.0,64,44.0,1.0,note_on,0
695,408.0,64,44.0,1.0,note_off,480
696,410.0,64,40.0,1.0,note_on,0
697,410.0,64,40.0,1.0,note_off,480
698,411.0,64,43.0,1.0,note_on,0
699,411.0,64,43.0,1.0,note_off,480
700,412.0,64,46.0,1.0,note_on,0
701,412.0,64,46.0,1.0,note_off,480
702,413.0,64,41.3,1.0,note_on,0
703,413.0,64,41.3,1.0,note_off,480
704,414.0,64,41.0,1.0,note_on,0
705,414.0,64,41.0,1.0,note_off,480
706,415.0,64,35.8,1.0,note_on,0
707,415.0,64,35.8,1.0,note_off,480
708,416.0,64,39.2,1.0,note_on,0
709,416.0,64,39.2,1.0,note_off,480
710,417.0,64,45.0,1.0,note_on,0
711,417.0,64,45.0,1.0,note_off,480
712,419.0,64,40.6,1.0,note_on,0
713,419.0,64,40.6,1.0,note_off,480
714,420.0,64,39.2,1.0,note_on,0
715,420.0,64,39.2,1.0,note_off,480
716,422.0,64,38.6,1.0,note_on,0
717,422.0,64,38.6,1.0,note_off,480
718,423.0,64,33.5,1.0,note_on,0
719,423.0,64,33.5,1.0,note_off,480
720,424.0,64,34.4,1.0,note_on,0
721,424.0,64,34.4,1.0,note_off,480
722,425.0,64,32.5,1.0,note_on,0
723,425.0,64,32.5,1.0,note_off,480
724,426.0,64,36.2,1.0,note_on,0
725,426.0,64,36.2,1.0,note_off,480
726,427.0,64,38.2,1.0,note_on,0
727,427.0,64,38.2,1.0,note_off,480
728,428.0,64,39.2,1.0,note_on,0
729,428.0,64,39.2,1.0,note_off,480
730,429.0,64,36.5,1.0,note_on,0
731,429.0,64,36.5,1.0,note_off,480
732,430.0,64,34.0,1.0,note_on,0
733,430.0,64,34.0,1.0,note_off,480
734,431.0,64,35.9,1.0,note_on,0
735,431.0,64,35.9,1.0,note_off,480
736,432.0,64,34.4,1.0,note_on,0
737,432.0,64,34.4,1.0,note_off,480
738,433.0,64,38.0,1.0,note_on,0
739,433.0,64,38.0,1.0,note_off,480
740,434.0,64,33.0,1.0,note_on,0
741,434.0,64,33.0,1.0,note_off,480
742,435.0,64,35.8,1.0,note_on,0
743,435.0,64,35.8,1.0,note_off,480
744,436.0,64,38.9,1.0,note_on,0
745,436.0,64,38.9,1.0,note_off,480
746,437.0,64,34.1,1.0,note_on,0
747,437.0,64,34.1,1.0,note_off,480
748,438.0,64,33.8,1.0,note_on,0
749,438.0,64,33.8,1.0,note_off,480
750,440.0,64,33.4,1.0,note_on,0
751,440.0,64,33.4,1.0,note_off,480
752,441.0,64,29.0,1.0,note_on,0
753,441.0,64,29.0,1.0,note_off,480
754,443.0,64,38.2,1.0,note_on,0
755,443.0,64,38.2,1.0,note_off,480
756,444.0,64,36.5,1.0,note_on,0
757,444.0,64,36.5,1.0,note_off,480
758,446.0,64,35.6,1.0,note_on,0
759,446.0,64,35.6,1.0,note_off,480
760,448.0,64,33.5,1.0,note_on,0
761,448.0,64,33.5,1.0,note_off,480
762,450.0,64,28.0,1.0,note_on,0
763,450.0,64,28.0,1.0,note_off,480
764,451.0,64,35.8,1.0,note_on,0
765,451.0,64,35.8,1.0,note_off,480
766,452.0,64,38.6,1.0,note_on,0
767,452.0,64,38.6,1.0,note_off,480
768,453.0,64,38.3,1.0,note_on,0
769,453.0,64,38.3,1.0,note_off,480
770,454.0,64,38.6,1.0,note_on,0
771,454.0,64,38.6,1.0,note_off,480
772,455.0,64,33.4,1.0,note_on,0
773,455.0,64,33.4,1.0,note_off,480
774,456.0,64,33.5,1.0,note_on,0
775,456.0,64,33.5,1.0,note_off,480
776,457.0,64,33.0,1.0,note_on,0
777,457.0,64,33.0,1.0,note_off,480
778,458.0,64,31.4,1.0,note_on,0
779,458.0,64,31.4,1.0,note_off,480
780,459.0,64,33.4,1.0,note_on,0
781,459.0,64,33.4,1.0,note_off,480
782,460.0,64,34.0,1.0,note_on,0
783,460.0,64,34.0,1.0,note_off,480
784,462.0,64,38.0,1.0,note_on,0
785,462.0,64,38.0,1.0,note_off,480
786,463.0,64,35.6,1.0,note_on,0
787,463.0,64,35.6,1.0,note_off,480
788,464.0,64,36.8,1.0,note_on,0
789,464.0,64,36.8,1.0,note_off,480
790,465.0,64,31.7,1.0,note_on,0
791,465.0,64,31.7,1.0,note_off,480
792,466.0,64,38.6,1.0,note_on,0
793,466.0,64,38.6,1.0,note_off,480
794,467.0,64,43.0,1.0,note_on,0
795,467.0,64,43.0,1.0,note_off,480
796,468.0,64,46.4,1.0,note_on,0
797,468.0,64,46.4,1.0,note_off,480
798,469.0,64,43.1,1.0,note_on,0
799,469.0,64,43.1,1.0,note_off,480
800,470.0,64,43.0,1.0,note_on,0
801,470.0,64,43.0,1.0,note_off,480
802,471.0,64,38.0,1.0,note_on,0
803,471.0,64,38.0,1.0,note_off,480
804,472.0,64,36.2,1.0,note_on,0
805,472.0,64,36.2,1.0,note_off,480
806,473.0,64,38.6,1.0,note_on,0
807,473.0,64,38.6,1.0,note_off,480
808,474.0,64,41.0,1.0,note_on,0
809,474.0,64,41.0,1.0,note_off,480
810,475.0,64,40.6,1.0,note_on,0
811,475.0,64,40.6,1.0,note_off,480
812,476.0,64,40.7,1.0,note_on,0
813,476.0,64,40.7,1.0,note_off,480
814,477.0,64,45.5,1.0,note_on,0
815,477.0,64,45.5,1.0,note_off,480
816,478.0,64,45.8,1.0,note_on,0
817,478.0,64,45.8,1.0,note_off,480
818,480.0,64,46.4,1.0,note_on,0
819,480.0,64,46.4,1.0,note_off,480
820,481.0,64,41.0,2.0,note_on,0
821,481.0,64,41.0,2.0,note_off,960
822,483.0,64,43.0,1.0,note_on,0
823,483.0,64,43.0,1.0,note_off,480
824,484.0,64,38.6,1.0,note_on,0
825,484.0,64,38.6,1.0,note_off,480
826,485.0,64,33.0,1.0,note_on,0
827,485.0,64,33.0,1.0,note_off,480
828,486.0,64,34.0,1.0,note_on,0
829,486.0,64,34.0,1.0,note_off,480
830,488.0,64,31.1,1.0,note_on,0
831,488.0,64,31.1,1.0,note_off,480
832,490.0,64,28.0,1.0,note_on,0
833,490.0,64,28.0,1.0,note_off,480
834,491.0,64,40.6,1.0,note_on,0
835,491.0,64,40.6,1.0,note_off,480
836,492.0,64,41.6,1.0,note_on,0
837,492.0,64,41.6,1.0,note_off,480
838,493.0,64,38.3,1.0,note_on,0
839,493.0,64,38.3,1.0,note_off,480
840,494.0,64,38.6,1.0,note_on,0
841,494.0,64,38.6,1.0,note_off,480
842,495.0,64,43.0,1.0,note_on,0
843,495.0,64,43.0,1.0,note_off,480
844,496.0,64,43.1,1.0,note_on,0
845,496.0,64,43.1,1.0,note_off,480
846,497.0,64,45.0,1.0,note_on,0
847,497.0,64,45.0,1.0,note_off,480
848,499.0,64,50.2,1.0,note_on,0
849,499.0,64,50.2,1.0,note_off,480
850,500.0,64,47.5,1.0,note_on,0
851,500.0,64,47.5,1.0,note_off,480
852,502.0,64,52.6,1.0,note_on,0
853,502.0,64,52.6,1.0,note_off,480
854,503.0,64,47.6,1.0,note_on,0
855,503.0,64,47.6,1.0,note_off,480
856,504.0,64,46.0,1.0,note_on,0
857,504.0,64,46.0,1.0,note_off,480
858,505.0,64,49.0,1.0,note_on,0
859,505.0,64,49.0,1.0,note_off,480
860,506.0,64,48.2,1.0,note_on,0
861,506.0,64,48.2,1.0,note_off,480
862,507.0,64,47.8,1.0,note_on,0
863,507.0,64,47.8,1.0,note_off,480
864,508.0,64,47.9,1.0,note_on,0
865,508.0,64,47.9,1.0,note_off,480
866,509.0,64,43.1,1.0,note_on,0
867,509.0,64,43.1,1.0,note_off,480
868,510.0,64,43.0,1.0,note_on,0
869,510.0,64,43.0,1.0,note_off,480
870,511.0,64,38.0,2.0,note_on,0
871,511.0,64,38.0,2.0,note_off,960
872,513.0,64,38.6,1.0,note_on,0
873,513.0,64,38.6,1.0,note_off,480
874,514.0,64,33.0,1.0,note_on,0
875,514.0,64,33.0,1.0,note_off,480
876,515.0,64,33.4,1.0,note_on,0
877,515.0,64,33.4,1.0,note_off,480
878,516.0,64,36.8,1.0,note_on,0
879,516.0,64,36.8,1.0,note_off,480
880,517.0,64,33.5,1.0,note_on,0
881,517.0,64,33.5,1.0,note_off,480
882,518.0,64,33.8,1.0,note_on,0
883,518.0,64,33.8,1.0,note_off,480
884,520.0,64,32.5,1.0,note_on,0
885,520.0,64,32.5,1.0,note_off,480
886,521.0,64,36.5,1.0,note_on,0
887,521.0,64,36.5,1.0,note_off,480
888,523.0,64,40.6,1.0,note_on,0
889,523.0,64,40.6,1.0,note_off,480
890,524.0,64,38.2,1.0,note_on,0
891,524.0,64,38.2,1.0,note_off,480
892,525.0,64,35.5,1.0,note_on,0
893,525.0,64,35.5,1.0,note_off,480
894,526.0,64,35.6,1.0,note_on,0
895,526.0,64,35.6,1.0,note_off,480
896,528.0,64,35.9,1.0,note_on,0
897,528.0,64,35.9,1.0,note_off,480
898,530.0,64,35.5,1.0,note_on,0
899,530.0,64,35.5,1.0,note_off,480
900,531.0,64,38.2,1.0,note_on,0
901,531.0,64,38.2,1.0,note_off,480
902,532.0,64,39.2,1.0,note_on,0
903,532.0,64,39.2,1.0,note_off,480
904,533.0,64,36.2,1.0,note_on,0
905,533.0,64,36.2,1.0,note_off,480
906,534.0,64,36.5,1.0,note_on,0
907,534.0,64,36.5,1.0,note_off,480
908,535.0,64,40.6,1.0,note_on,0
909,535.0,64,40.6,1.0,note_off,480
910,536.0,64,38.2,1.0,note_on,0
911,536.0,64,38.2,1.0,note_off,480
912,537.0,64,33.0,1.0,note_on,0
913,537.0,64,33.0,1.0,note_off,480
914,538.0,64,31.4,1.0,note_on,0
915,538.0,64,31.4,1.0,note_off,480
916,539.0,64,35.8,1.0,note_on,0
917,539.0,64,35.8,1.0,note_off,480
918,540.0,64,34.4,1.0,note_on,0
919,540.0,64,34.4,1.0,note_off,480
920,542.0,64,38.0,1.0,note_on,0
921,542.0,64,38.0,1.0,note_off,480
922,543.0,64,43.4,1.0,note_on,0
923,543.0,64,43.4,1.0,note_off,480
924,544.0,64,46.4,1.0,note_on,0
925,544.0,64,46.4,1.0,note_off,480
926,545.0,64,50.9,1.0,note_on,0
927,545.0,64,50.9,1.0,note_off,480
928,546.0,64,50.6,1.0,note_on,0
929,546.0,64,50.6,1.0,note_off,480
930,547.0,64,45.4,1.0,note_on,0
931,547.0,64,45.4,1.0,note_off,480
932,548.0,64,45.0,1.0,note_on,0
933,548.0,64,45.0,1.0,note_off,480
934,549.0,64,41.0,1.0,note_on,0
935,549.0,64,41.0,1.0,note_off,480
936,550.0,64,35.8,1.0,note_on,0
937,550.0,64,35.8,1.0,note_off,480
938,551.0,64,41.0,1.0,note_on,0
939,551.0,64,41.0,1.0,note_off,480
940,552.0,64,44.0,1.0,note_on,0
941,552.0,64,44.0,1.0,note_off,480
942,553.0,64,38.9,1.0,note_on,0
943,553.0,64,38.9,1.0,note_off,480
944,554.0,64,41.0,1.0,note_on,0
945,554.0,64,41.0,1.0,note_off,480
946,555.0,64,43.0,1.0,note_on,0
947,555.0,64,43.0,1.0,note_off,480
948,556.0,64,46.4,1.0,note_on,0
949,556.0,64,46.4,1.0,note_off,480
950,557.0,64,43.4,1.0,note_on,0
951,557.0,64,43.4,1.0,note_off,480
952,558.0,64,43.7,1.0,note_on,0
953,558.0,64,43.7,1.0,note_off,480
954,560.0,64,45.5,1.0,note_on,0
955,560.0,64,45.5,1.0,note_off,480
956,561.0,64,41.0,1.0,note_on,0
957,561.0,64,41.0,1.0,note_off,480
958,562.0,64,36.5,1.0,note_on,0
959,562.0,64,36.5,1.0,note_off,480
960,563.0,64,38.2,1.0,note_on,0
961,563.0,64,38.2,1.0,note_off,480
962,564.0,64,44.0,1.0,note_on,0
963,564.0,64,44.0,1.0,note_off,480
964,565.0,64,38.6,1.0,note_on,0
965,565.0,64,38.6,1.0,note_off,480
966,566.0,64,35.8,1.0,note_on,0
967,566.0,64,35.8,1.0,note_off,480
968,568.0,64,39.2,1.0,note_on,0
969,568.0,64,39.2,1.0,note_off,480
970,570.0,64,45.0,1.0,note_on,0
971,570.0,64,45.0,1.0,note_off,480
972,571.0,64,40.6,1.0,note_on,0
973,571.0,64,40.6,1.0,note_off,480
974,572.0,64,41.6,1.0,note_on,0
975,572.0,64,41.6,1.0,note_off,480
976,573.0,64,41.0,1.0,note_on,0
977,573.0,64,41.0,1.0,note_off,480
978,574.0,64,40.7,1.0,note_on,0
979,574.0,64,40.7,1.0,note_off,480
980,575.0,64,38.2,1.0,note_on,0
981,575.0,64,38.2,1.0,note_off,480
982,576.0,64,35.9,1.0,note_on,0
983,576.0,64,35.9,1.0,note_off,480
984,577.0,64,33.0,1.0,note_on,0
985,577.0,64,33.0,1.0,note_off,480
986,579.0,64,31.0,2.0,note_on,0
987,579.0,64,31.0,2.0,note_off,960
988,582.0,64,38.2,1.0,note_on,0
989,582.0,64,38.2,1.0,note_off,480
990,583.0,64,34.1,1.0,note_on,0
991,583.0,64,34.1,1.0,note_off,480
992,584.0,64,38.9,1.0,note_on,0
993,584.0,64,38.9,1.0,note_off,480
994,585.0,64,36.5,1.0,note_on,0
995,585.0,64,36.5,1.0,note_off,480
996,586.0,64,33.8,1.0,note_on,0
997,586.0,64,33.8,1.0,note_off,480
998,587.0,64,33.4,1.0,note_on,0
999,587.0,64,33.4,1.0,note_off,480
1000,588.0,64,33.5,1.0,note_on,0
1001,588.0,64,33.5,1.0,note_off,480
1002,589.0,64,36.2,2.0,note_on,0
1003,589.0,64,36.2,2.0,note_off,960
1004,591.0,64,36.5,1.0,note_on,0
1005,591.0,64,36.5,1.0,note_off,480
1006,592.0,64,33.5,1.0,note_on,0
1007,592.0,64,33.5,1.0,note_off,480
1008,593.0,64,38.6,1.0,note_on,0
1009,593.0,64,38.6,1.0,note_off,480
1010,594.0,64,33.0,1.0,note_on,0
1011,594.0,64,33.0,1.0,note_off,480
1012,595.0,64,35.8,1.0,note_on,0
1013,595.0,64,35.8,1.0,note_off,480
1014,596.0,64,34.4,1.0,note_on,0
1015,596.0,64,34.4,1.0,note_off,480
1016,597.0,64,33.8,1.0,note_on,0
1017,597.0,64,33.8,1.0,note_off,480
1018,598.0,64,33.5,1.0,note_on,0
1019,598.0,64,33.5,1.0,note_off,480
1020,600.0,64,32.0,1.0,note_on,0
1021,600.0,64,32.0,1.0,note_off,480
1022,601.0,64,38.6,1.0,note_on,0
1023,601.0,64,38.6,1.0,note_off,480
1024,603.0,64,38.2,1.0,note_on,0
1025,603.0,64,38.2,1.0,note_off,480
1026,604.0,64,44.0,1.0,note_on,0
1027,604.0,64,44.0,1.0,note_off,480
1028,605.0,64,38.6,1.0,note_on,0
1029,605.0,64,38.6,1.0,note_off,480
1030,606.0,64,34.0,1.0,note_on,0
1031,606.0,64,34.0,1.0,note_off,480
1032,608.0,64,32.0,1.0,note_on,0
1033,608.0,64,32.0,1.0,note_off,480
1034,610.0,64,35.5,1.0,note_on,0
1035,610.0,64,35.5,1.0,note_off,480
1036,611.0,64,40.6,1.0,note_on,0
1037,611.0,64,40.6,1.0,note_off,480
1038,612.0,64,46.4,1.0,note_on,0
1039,612.0,64,46.4,1.0,note_off,480
1040,613.0,64,48.2,1.0,note_on,0
1041,613.0,64,48.2,1.0,note_off,480
1042,614.0,64,47.9,1.0,note_on,0
1043,614.0,64,47.9,1.0,note_off,480
1044,615.0,64,47.8,1.0,note_on,0
1045,615.0,64,47.8,1.0,note_off,480
1046,616.0,64,47.9,1.0,note_on,0
1047,616.0,64,47.9,1.0,note_off,480
1048,617.0,64,45.0,1.0,note_on,0
1049,617.0,64,45.0,1.0,note_off,480
1050,618.0,64,41.0,1.0,note_on,0
1051,618.0,64,41.0,1.0,note_off,480
1052,619.0,64,43.0,1.0,note_on,0
1053,619.0,64,43.0,1.0,note_off,480
1054,620.0,64,43.4,1.0,note_on,0
1055,620.0,64,43.4,1.0,note_off,480
1056,622.0,64,45.5,2.0,note_on,0
1057,622.0,64,45.5,2.0,note_off,960
1058,624.0,64,46.4,1.0,note_on,0
1059,624.0,64,46.4,1.0,note_off,480
1060,625.0,64,44.5,1.0,note_on,0
1061,625.0,64,44.5,1.0,note_off,480
1062,626.0,64,38.9,1.0,note_on,0
1063,626.0,64,38.9,1.0,note_off,480
1064,627.0,64,33.4,1.0,note_on,0
1065,627.0,64,33.4,1.0,note_off,480
1066,628.0,64,36.5,1.0,note_on,0
1067,628.0,64,36.5,1.0,note_off,480
1068,629.0,64,31.4,2.0,note_on,0
1069,629.0,64,31.4,2.0,note_off,960
1070,631.0,64,31.1,1.0,note_on,0
1071,631.0,64,31.1,1.0,note_off,480
1072,632.0,64,36.2,1.0,note_on,0
1073,632.0,64,36.2,1.0,note_off,480
1074,633.0,64,41.0,1.0,note_on,0
1075,633.0,64,41.0,1.0,note_off,480
1076,634.0,64,38.6,1.0,note_on,0
1077,634.0,64,38.6,1.0,note_off,480
1078,635.0,64,35.8,1.0,note_on,0
1079,635.0,64,35.8,1.0,note_off,480
1080,636.0,64,38.3,1.0,note_on,0
1081,636.0,64,38.3,1.0,note_off,480
1082,637.0,64,41.0,1.0,note_on,0
1083,637.0,64,41.0,1.0,note_off,480
1084,638.0,64,40.7,1.0,note_on,0
1085,638.0,64,40.7,1.0,note_off,480
1086,640.0,64,38.0,1.0,note_on,0
1087,640.0,64,38.0,1.0,note_off,480
1088,641.0,64,40.4,1.0,note_on,0
1089,641.0,64,40.4,1.0,note_off,480
1090,642.0,64,41.0,1.0,note_on,0
1091,642.0,64,41.0,1.0,note_off,480
1092,643.0,64,43.0,1.0,note_on,0
1093,643.0,64,43.0,1.0,note_off,480
1094,644.0,64,40.4,1.0,note_on,0
1095,644.0,64,40.4,1.0,note_off,480
1096,646.0,64,46.0,1.0,note_on,0
1097,646.0,64,46.0,1.0,note_off,480
1098,648.0,64,48.8,1.0,note_on,0
1099,648.0,64,48.8,1.0,note_off,480
1100,650.0,64,49.0,1.0,note_on,0
1101,650.0,64,49.0,1.0,note_off,480
1102,651.0,64,45.4,2.0,note_on,0
1103,651.0,64,45.4,2.0,note_off,960
1104,653.0,64,48.2,1.0,note_on,0
1105,653.0,64,48.2,1.0,note_off,480
1106,654.0,64,48.5,1.0,note_on,0
1107,654.0,64,48.5,1.0,note_off,480
1108,655.0,64,50.2,1.0,note_on,0
1109,655.0,64,50.2,1.0,note_off,480
1110,656.0,64,56.0,1.0,note_on,0
1111,656.0,64,56.0,1.0,note_off,480
1112,657.0,64,57.0,1.0,note_on,0
1113,657.0,64,57.0,1.0,note_off,480
1114,659.0,64,59.8,1.0,note_on,0
1115,659.0,64,59.8,1.0,note_off,480
1116,660.0,64,60.8,1.0,note_on,0
1117,660.0,64,60.8,1.0,note_off,480
1118,662.0,64,62.9,1.0,note_on,0
1119,662.0,64,62.9,1.0,note_off,480
1120,663.0,64,57.5,1.0,note_on,0
1121,663.0,64,57.5,1.0,note_off,480
1122,664.0,64,58.0,1.0,note_on,0
1123,664.0,64,58.0,1.0,note_off,480
1124,665.0,64,55.7,1.0,note_on,0
1125,665.0,64,55.7,1.0,note_off,480
1126,666.0,64,57.8,1.0,note_on,0
1127,666.0,64,57.8,1.0,note_off,480
1128,667.0,64,62.2,1.0,note_on,0
1129,667.0,64,62.2,1.0,note_off,480
1130,668.0,64,58.4,1.0,note_on,0
1131,668.0,64,58.4,1.0,note_off,480
1132,669.0,64,53.0,1.0,note_on,0
1133,669.0,64,53.0,1.0,note_off,480
1134,670.0,64,55.4,1.0,note_on,0
1135,670.0,64,55.4,1.0,note_off,480
1136,671.0,64,59.9,1.0,note_on,0
1137,671.0,64,59.9,1.0,note_off,480
1138,672.0,64,63.2,1.0,note_on,0
1139,672.0,64,63.2,1.0,note_off,480
1140,673.0,64,62.0,1.0,note_on,0
1141,673.0,64,62.0,1.0,note_off,480
1142,674.0,64,57.0,1.0,note_on,0
1143,674.0,64,57.0,1.0,note_off,480
1144,675.0,64,52.6,1.0,note_on,0
1145,675.0,64,52.6,1.0,note_off,480
1146,676.0,64,56.0,1.0,note_on,0
1147,676.0,64,56.0,1.0,note_off,480
1148,677.0,64,55.4,1.0,note_on,0
1149,677.0,64,55.4,1.0,note_off,480
1150,678.0,64,55.7,1.0,note_on,0
1151,678.0,64,55.7,1.0,note_off,480
1152,680.0,64,57.0,1.0,note_on,0
1153,680.0,64,57.0,1.0,note_off,480
1154,681.0,64,53.0,1.0,note_on,0
1155,681.0,64,53.0,1.0,note_off,480
1156,683.0,64,52.6,1.0,note_on,0
1157,683.0,64,52.6,1.0,note_off,480
1158,684.0,64,51.2,1.0,note_on,0
1159,684.0,64,51.2,1.0,note_off,480
1160,685.0,64,57.0,1.0,note_on,0
1161,685.0,64,57.0,1.0,note_off,480
1162,686.0,64,58.0,1.0,note_on,0
1163,686.0,64,58.0,1.0,note_off,480
1164,688.0,64,58.0,1.0,note_on,0
1165,688.0,64,58.0,1.0,note_off,480
1166,690.0,64,57.5,1.0,note_on,0
1167,690.0,64,57.5,1.0,note_off,480
1168,691.0,64,62.2,1.0,note_on,0
1169,691.0,64,62.2,1.0,note_off,480
1170,692.0,64,65.6,1.0,note_on,0
1171,692.0,64,65.6,1.0,note_off,480
1172,693.0,64,55.7,1.0,note_on,0
1173,693.0,64,55.7,1.0,note_off,480
1174,694.0,64,55.4,1.0,note_on,0
1175,694.0,64,55.4,1.0,note_off,480
1176,695.0,64,52.6,1.0,note_on,0
1177,695.0,64,52.6,1.0,note_off,480
1178,696.0,64,57.8,1.0,note_on,0
1179,696.0,64,57.8,1.0,note_off,480
1180,697.0,64,57.0,1.0,note_on,0
1181,697.0,64,57.0,1.0,note_off,480
1182,698.0,64,62.6,1.0,note_on,0
1183,698.0,64,62.6,1.0,note_off,480
1184,699.0,64,59.8,1.0,note_on,0
1185,699.0,64,59.8,1.0,note_off,480
1186,700.0,64,56.0,1.0,note_on,0
1187,700.0,64,56.0,1.0,note_off,480
1188,702.0,64,53.0,1.0,note_on,0
1189,702.0,64,53.0,1.0,note_off,480
1190,703.0,64,47.6,1.0,note_on,0
1191,703.0,64,47.6,1.0,note_off,480
1192,704.0,64,43.4,1.0,note_on,0
1193,704.0,64,43.4,1.0,note_off,480
1194,705.0,64,44.5,1.0,note_on,0
1195,705.0,64,44.5,1.0,note_off,480
1196,706.0,64,38.6,1.0,note_on,0
1197,706.0,64,38.6,1.0,note_off,480
1198,707.0,64,33.4,1.0,note_on,0
1199,707.0,64,33.4,1.0,note_off,480
1200,708.0,64,33.0,1.0,note_on,0
1201,708.0,64,33.0,1.0,note_off,480
1202,709.0,64,38.9,1.0,note_on,0
1203,709.0,64,38.9,1.0,note_off,480
1204,710.0,64,33.4,1.0,note_on,0
1205,710.0,64,33.4,1.0,note_off,480
1206,711.0,64,38.0,1.0,note_on,0
1207,711.0,64,38.0,1.0,note_off,480
1208,712.0,64,34.4,1.0,note_on,0
1209,712.0,64,34.4,1.0,note_off,480
1210,713.0,64,38.6,1.0,note_on,0
1211,713.0,64,38.6,1.0,note_off,480
1212,714.0,64,41.0,1.0,note_on,0
1213,714.0,64,41.0,1.0,note_off,480
1214,715.0,64,43.0,1.0,note_on,0
1215,715.0,64,43.0,1.0,note_off,480
1216,716.0,64,41.3,1.0,note_on,0
1217,716.0,64,41.3,1.0,note_off,480
1218,717.0,64,36.5,1.0,note_on,0
1219,717.0,64,36.5,1.0,note_off,480
1220,718.0,64,36.2,1.0,note_on,0
1221,718.0,64,36.2,1.0,note_off,480
1222,720.0,64,35.5,1.0,note_on,0
1223,720.0,64,35.5,1.0,note_off,480
1224,721.0,64,41.0,1.0,note_on,0
1225,721.0,64,41.0,1.0,note_off,480
1226,722.0,64,38.6,1.0,note_on,0
1227,722.0,64,38.6,1.0,note_off,480
1228,723.0,64,40.6,1.0,note_on,0
1229,723.0,64,40.6,1.0,note_off,480
1230,724.0,64,36.8,1.0,note_on,0
1231,724.0,64,36.8,1.0,note_off,480
1232,725.0,64,32.5,1.0,note_on,0
1233,725.0,64,32.5,1.0,note_off,480
1234,726.0,64,33.4,1.0,note_on,0
1235,726.0,64,33.4,1.0,note_off,480
1236,728.0,64,33.4,1.0,note_on,0
1237,728.0,64,33.4,1.0,note_off,480
1238,730.0,64,31.0,2.0,note_on,0
1239,730.0,64,31.0,2.0,note_off,960
1240,732.0,64,33.5,1.0,note_on,0
1241,732.0,64,33.5,1.0,note_off,480
1242,733.0,64,31.7,1.0,note_on,0
1243,733.0,64,31.7,1.0,note_off,480
1244,734.0,64,31.4,1.0,note_on,0
1245,734.0,64,31.4,1.0,note_off,480
1246,735.0,64,31.0,1.0,note_on,0
1247,735.0,64,31.0,1.0,note_off,480
1248,736.0,64,33.5,1.0,note_on,0
1249,736.0,64,33.5,1.0,note_off,480
1250,737.0,64,33.0,1.0,note_on,0
1251,737.0,64,33.0,1.0,note_off,480
1252,739.0,64,33.4,1.0,note_on,0
1253,739.0,64,33.4,1.0,note_off,480
1254,740.0,64,32.5,1.0,note_on,0
1255,740.0,64,32.5,1.0,note_off,480
1256,742.0,64,31.0,1.0,note_on,0
1257,742.0,64,31.0,1.0,note_off,480
1258,743.0,64,35.6,1.0,note_on,0
1259,743.0,64,35.6,1.0,note_off,480
1260,744.0,64,31.7,1.0,note_on,0
1261,744.0,64,31.7,1.0,note_off,480
1262,745.0,64,35.5,1.0,note_on,0
1263,745.0,64,35.5,1.0,note_off,480
1264,746.0,64,38.3,1.0,note_on,0
1265,746.0,64,38.3,1.0,note_off,480
1266,747.0,64,35.8,1.0,note_on,0
1267,747.0,64,35.8,1.0,note_off,480
1268,748.0,64,38.6,1.0,note_on,0
1269,748.0,64,38.6,1.0,note_off,480
1270,749.0,64,38.9,1.0,note_on,0
1271,749.0,64,38.9,1.0,note_off,480
1272,750.0,64,35.8,1.0,note_on,0
1273,750.0,64,35.8,1.0,note_off,480
1274,751.0,64,38.0,1.0,note_on,0
1275,751.0,64,38.0,1.0,note_off,480
1276,752.0,64,36.8,1.0,note_on,0
1277,752.0,64,36.8,1.0,note_off,480
1278,753.0,64,38.6,1.0,note_on,0
1279,753.0,64,38.6,1.0,note_off,480
1280,754.0,64,33.0,1.0,note_on,0
1281,754.0,64,33.0,1.0,note_off,480
1282,755.0,64,31.1,1.0,note_on,0
1283,755.0,64,31.1,1.0,note_off,480
1284,756.0,64,34.4,1.0,note_on,0
1285,756.0,64,34.4,1.0,note_off,480
1286,757.0,64,36.5,1.0,note_on,0
1287,757.0,64,36.5,1.0,note_off,480
1288,758.0,64,36.2,1.0,note_on,0
1289,758.0,64,36.2,1.0,note_off,480
1290,760.0,64,36.5,2.0,note_on,0
1291,760.0,64,36.5,2.0,note_off,960
1292,763.0,64,38.2,1.0,note_on,0
1293,763.0,64,38.2,1.0,note_off,480
1294,764.0,64,35.9,1.0,note_on,0
1295,764.0,64,35.9,1.0,note_off,480
1296,765.0,64,41.0,1.0,note_on,0
1297,765.0,64,41.0,1.0,note_off,480
1298,766.0,64,45.5,1.0,note_on,0
1299,766.0,64,45.5,1.0,note_off,480
1300,768.0,64,44.0,1.0,note_on,0
1301,768.0,64,44.0,1.0,note_off,480
1302,770.0,64,47.9,1.0,note_on,0
1303,770.0,64,47.9,1.0,note_off,480
1304,771.0,64,47.8,1.0,note_on,0
1305,771.0,64,47.8,1.0,note_off,480
1306,772.0,64,50.0,1.0,note_on,0
1307,772.0,64,50.0,1.0,note_off,480
1308,773.0,64,53.3,1.0,note_on,0
1309,773.0,64,53.3,1.0,note_off,480
1310,774.0,64,53.0,1.0,note_on,0
1311,774.0,64,53.0,1.0,note_off,480
1312,775.0,64,57.4,1.0,note_on,0
1313,775.0,64,57.4,1.0,note_off,480
1314,776.0,64,57.5,1.0,note_on,0
1315,776.0,64,57.5,1.0,note_off,480
1316,777.0,64,57.0,1.0,note_on,0
1317,777.0,64,57.0,1.0,note_off,480
1318,778.0,64,55.1,1.0,note_on,0
1319,778.0,64,55.1,1.0,note_off,480
1320,779.0,64,57.4,1.0,note_on,0
1321,779.0,64,57.4,1.0,note_off,480
1322,780.0,64,58.4,1.0,note_on,0
1323,780.0,64,58.4,1.0,note_off,480
1324,782.0,64,55.1,1.0,note_on,0
1325,782.0,64,55.1,1.0,note_off,480
1326,783.0,64,55.4,1.0,note_on,0
1327,783.0,64,55.4,1.0,note_off,480
1328,784.0,64,58.4,1.0,note_on,0
1329,784.0,64,58.4,1.0,note_off,480
1330,785.0,64,60.5,1.0,note_on,0
1331,785.0,64,60.5,1.0,note_off,480
1332,786.0,64,53.0,1.0,note_on,0
1333,786.0,64,53.0,1.0,note_off,480
1334,787.0,64,55.0,1.0,note_on,0
1335,787.0,64,55.0,1.0,note_off,480
1336,788.0,64,60.8,1.0,note_on,0
1337,788.0,64,60.8,1.0,note_off,480
1338,789.0,64,60.5,1.0,note_on,0
1339,789.0,64,60.5,1.0,note_off,480
1340,790.0,64,60.2,1.0,note_on,0
1341,790.0,64,60.2,1.0,note_off,480
1342,791.0,64,53.0,2.0,note_on,0
1343,791.0,64,53.0,2.0,note_off,960
1344,793.0,64,50.9,1.0,note_on,0
1345,793.0,64,50.9,1.0,note_off,480
1346,794.0,64,45.5,1.0,note_on,0
1347,794.0,64,45.5,1.0,note_off,480
1348,795.0,64,40.6,1.0,note_on,0
1349,795.0,64,40.6,1.0,note_off,480
1350,796.0,64,46.4,1.0,note_on,0
1351,796.0,64,46.4,1.0,note_off,480
1352,797.0,64,46.1,1.0,note_on,0
1353,797.0,64,46.1,1.0,note_off,480
1354,798.0,64,45.8,1.0,note_on,0
1355,798.0,64,45.8,1.0,note_off,480
1356,800.0,64,44.5,1.0,note_on,0
1357,800.0,64,44.5,1.0,note_off,480
1358,801.0,64,41.0,1.0,note_on,0
1359,801.0,64,41.0,1.0,note_off,480
1360,802.0,64,40.4,1.0,note_on,0
1361,802.0,64,40.4,1.0,note_off,480
1362,803.0,64,38.2,1.0,note_on,0
1363,803.0,64,38.2,1.0,note_off,480
1364,804.0,64,44.0,1.0,note_on,0
1365,804.0,64,44.0,1.0,note_off,480
1366,805.0,64,40.4,1.0,note_on,0
1367,805.0,64,40.4,1.0,note_off,480
1368,806.0,64,46.0,1.0,note_on,0
1369,806.0,64,46.0,1.0,note_off,480
1370,808.0,64,44.0,1.0,note_on,0
1371,808.0,64,44.0,1.0,note_off,480
1372,810.0,64,41.0,1.0,note_on,0
1373,810.0,64,41.0,1.0,note_off,480
1374,811.0,64,35.8,1.0,note_on,0
1375,811.0,64,35.8,1.0,note_off,480
1376,812.0,64,34.4,1.0,note_on,0
1377,812.0,64,34.4,1.0,note_off,480
1378,813.0,64,36.5,1.0,note_on,0
1379,813.0,64,36.5,1.0,note_off,480
1380,814.0,64,36.2,1.0,note_on,0
1381,814.0,64,36.2,1.0,note_off,480
1382,815.0,64,33.4,1.0,note_on,0
1383,815.0,64,33.4,1.0,note_off,480
1384,816.0,64,32.0,1.0,note_on,0
1385,816.0,64,32.0,1.0,note_off,480
1386,817.0,64,33.0,1.0,note_on,0
1387,817.0,64,33.0,1.0,note_off,480
1388,819.0,64,33.4,1.0,note_on,0
1389,819.0,64,33.4,1.0,note_off,480
1390,820.0,64,32.0,1.0,note_on,0
1391,820.0,64,32.0,1.0,note_off,480
1392,822.0,64,31.0,1.0,note_on,0
1393,822.0,64,31.0,1.0,note_off,480
1394,823.0,64,34.1,2.0,note_on,0
1395,823.0,64,34.1,2.0,note_off,960
1396,825.0,64,35.5,1.0,note_on,0
1397,825.0,64,35.5,1.0,note_off,480
1398,826.0,64,41.3,1.0,note_on,0
1399,826.0,64,41.3,1.0,note_off,480
1400,827.0,64,43.0,1.0,note_on,0
1401,827.0,64,43.0,1.0,note_off,480
1402,828.0,64,41.0,1.0,note_on,0
1403,828.0,64,41.0,1.0,note_off,480
1404,829.0,64,43.7,1.0,note_on,0
1405,829.0,64,43.7,1.0,note_off,480
1406,830.0,64,46.0,1.0,note_on,0
1407,830.0,64,46.0,1.0,note_off,480
1408,831.0,64,48.5,1.0,note_on,0
1409,831.0,64,48.5,1.0,note_off,480
1410,832.0,64,43.4,1.0,note_on,0
1411,832.0,64,43.4,1.0,note_off,480
1412,833.0,64,38.6,1.0,note_on,0
1413,833.0,64,38.6,1.0,note_off,480
1414,834.0,64,33.0,1.0,note_on,0
1415,834.0,64,33.0,1.0,note_off,480
1416,835.0,64,40.6,1.0,note_on,0
1417,835.0,64,40.6,1.0,note_off,480
1418,836.0,64,41.6,1.0,note_on,0
1419,836.0,64,41.6,1.0,note_off,480
1420,837.0,64,41.3,1.0,note_on,0
1421,837.0,64,41.3,1.0,note_off,480
1422,838.0,64,41.0,1.0,note_on,0
1423,838.0,64,41.0,1.0,note_off,480
1424,840.0,64,41.0,1.0,note_on,0
1425,840.0,64,41.0,1.0,note_off,480
1426,841.0,64,38.6,1.0,note_on,0
1427,841.0,64,38.6,1.0,note_off,480
1428,843.0,64,33.4,1.0,note_on,0
1429,843.0,64,33.4,1.0,note_off,480
1430,844.0,64,35.8,1.0,note_on,0
1431,844.0,64,35.8,1.0,note_off,480
1432,846.0,64,34.0,1.0,note_on,0
1433,846.0,64,34.0,1.0,note_off,480
1434,848.0,64,34.4,1.0,note_on,0
1435,848.0,64,34.4,1.0,note_off,480
1436,850.0,64,35.5,1.0,note_on,0
1437,850.0,64,35.5,1.0,note_off,480
1438,851.0,64,35.8,1.0,note_on,0
1439,851.0,64,35.8,1.0,note_off,480
1440,852.0,64,36.2,1.0,note_on,0
1441,852.0,64,36.2,1.0,note_off,480
1442,853.0,64,41.0,1.0,note_on,0
1443,853.0,64,41.0,1.0,note_off,480
1444,854.0,64,41.3,1.0,note_on,0
1445,854.0,64,41.3,1.0,note_off,480
1446,855.0,64,35.8,1.0,note_on,0
1447,855.0,64,35.8,1.0,note_off,480
1448,856.0,64,35.9,1.0,note_on,0
1449,856.0,64,35.9,1.0,note_off,480
1450,857.0,64,33.0,1.0,note_on,0
1451,857.0,64,33.0,1.0,note_off,480
1452,858.0,64,36.5,1.0,note_on,0
1453,858.0,64,36.5,1.0,note_off,480
1454,859.0,64,38.2,1.0,note_on,0
1455,859.0,64,38.2,1.0,note_off,480
1456,860.0,64,36.8,1.0,note_on,0
1457,860.0,64,36.8,1.0,note_off,480
1458,862.0,64,35.9,1.0,note_on,0
1459,862.0,64,35.9,1.0,note_off,480
1460,863.0,64,33.5,3.0,note_on,0
1461,863.0,64,33.5,3.0,note_off,1440
1462,866.0,64,38.0,1.0,note_on,0
1463,866.0,64,38.0,1.0,note_off,480
1464,867.0,64,40.6,1.0,note_on,0
1465,867.0,64,40.6,1.0,note_off,480
1466,868.0,64,46.4,1.0,note_on,0
1467,868.0,64,46.4,1.0,note_off,480
1468,869.0,64,45.8,2.0,note_on,0
1469,869.0,64,45.8,2.0,note_off,960
1470,871.0,64,43.1,1.0,note_on,0
1471,871.0,64,43.1,1.0,note_off,480
1472,872.0,64,38.9,1.0,note_on,0
1473,872.0,64,38.9,1.0,note_off,480
1474,873.0,64,41.0,1.0,note_on,0
1475,873.0,64,41.0,1.0,note_off,480
1476,874.0,64,46.1,1.0,note_on,0
1477,874.0,64,46.1,1.0,note_off,480
1478,875.0,64,43.0,1.0,note_on,0
1479,875.0,64,43.0,1.0,note_off,480
1480,876.0,64,44.0,1.0,note_on,0
1481,876.0,64,44.0,1.0,note_off,480
1482,877.0,64,48.2,1.0,note_on,0
1483,877.0,64,48.2,1.0,note_off,480
1484,878.0,64,48.5,1.0,note_on,0
1485,878.0,64,48.5,1.0,note_off,480
1486,880.0,64,48.8,1.0,note_on,0
1487,880.0,64,48.8,1.0,note_off,480
1488,881.0,64,52.4,1.0,note_on,0
1489,881.0,64,52.4,1.0,note_off,480
1490,882.0,64,53.0,1.0,note_on,0
1491,882.0,64,53.0,1.0,note_off,480
1492,883.0,64,52.6,1.0,note_on,0
1493,883.0,64,52.6,1.0,note_off,480
1494,884.0,64,51.2,1.0,note_on,0
1495,884.0,64,51.2,1.0,note_off,480
1496,885.0,64,57.0,1.0,note_on,0
1497,885.0,64,57.0,1.0,note_off,480
1498,886.0,64,58.0,1.0,note_on,0
1499,886.0,64,58.0,1.0,note_off,480
1500,888.0,64,57.5,1.0,note_on,0
1501,888.0,64,57.5,1.0,note_off,480
1502,890.0,64,59.5,1.0,note_on,0
1503,890.0,64,59.5,1.0,note_off,480
1504,891.0,64,55.0,1.0,note_on,0
1505,891.0,64,55.0,1.0,note_off,480
1506,892.0,64,58.0,1.0,note_on,0
1507,892.0,64,58.0,1.0,note_off,480
1508,893.0,64,57.8,1.0,note_on,0
1509,893.0,64,57.8,1.0,note_off,480
1510,894.0,64,57.5,1.0,note_on,0
1511,894.0,64,57.5,1.0,note_off,480
1512,895.0,64,62.2,1.0,note_on,0
1513,895.0,64,62.2,1.0,note_off,480
1514,896.0,64,55.4,1.0,note_on,0
1515,896.0,64,55.4,1.0,note_off,480
1516,897.0,64,57.0,1.0,note_on,0
1517,897.0,64,57.0,1.0,note_off,480
1518,899.0,64,57.4,1.0,note_on,0
1519,899.0,64,57.4,1.0,note_off,480
1520,900.0,64,56.0,1.0,note_on,0
1521,900.0,64,56.0,1.0,note_off,480
1522,902.0,64,55.1,1.0,note_on,0
1523,902.0,64,55.1,1.0,note_off,480
1524,903.0,64,57.5,1.0,note_on,0
1525,903.0,64,57.5,1.0,note_off,480
1526,904.0,64,62.6,1.0,note_on,0
1527,904.0,64,62.6,1.0,note_off,480
1528,905.0,64,56.5,1.0,note_on,0
1529,905.0,64,56.5,1.0,note_off,480
1530,906.0,64,62.3,1.0,note_on,0
1531,906.0,64,62.3,1.0,note_off,480
1532,907.0,64,59.8,1.0,note_on,0
1533,907.0,64,59.8,1.0,note_off,480
1534,908.0,64,58.4,1.0,note_on,0
1535,908.0,64,58.4,1.0,note_off,480
1536,909.0,64,53.0,1.0,note_on,0
1537,909.0,64,53.0,1.0,note_off,480
1538,910.0,64,57.4,1.0,note_on,0
1539,910.0,64,57.4,1.0,note_off,480
1540,911.0,64,59.9,1.0,note_on,0
1541,911.0,64,59.9,1.0,note_off,480
1542,912.0,64,57.5,1.0,note_on,0
1543,912.0,64,57.5,1.0,note_off,480
1544,913.0,64,62.0,1.0,note_on,0
1545,913.0,64,62.0,1.0,note_off,480
1546,914.0,64,57.0,1.0,note_on,0
1547,914.0,64,57.0,1.0,note_off,480
1548,915.0,64,57.5,1.0,note_on,0
1549,915.0,64,57.5,1.0,note_off,480
1550,916.0,64,55.4,1.0,note_on,0
1551,916.0,64,55.4,1.0,note_off,480
1552,917.0,64,50.6,1.0,note_on,0
1553,917.0,64,50.6,1.0,note_off,480
1554,918.0,64,50.3,1.0,note_on,0
1555,918.0,64,50.3,1.0,note_off,480
1556,920.0,64,50.2,1.0,note_on,0
1557,920.0,64,50.2,1.0,note_off,480
1558,921.0,64,53.0,1.0,note_on,0
1559,921.0,64,53.0,1.0,note_off,480
1560,923.0,64,47.8,1.0,note_on,0
1561,923.0,64,47.8,1.0,note_off,480
1562,924.0,64,48.8,1.0,note_on,0
1563,924.0,64,48.8,1.0,note_off,480
1564,925.0,64,44.5,1.0,note_on,0
1565,925.0,64,44.5,1.0,note_off,480
1566,926.0,64,46.0,1.0,note_on,0
1567,926.0,64,46.0,1.0,note_off,480
1568,928.0,64,48.8,1.0,note_on,0
1569,928.0,64,48.8,1.0,note_off,480
1570,930.0,64,44.5,1.0,note_on,0
1571,930.0,64,44.5,1.0,note_off,480
1572,931.0,64,45.4,1.0,note_on,0
1573,931.0,64,45.4,1.0,note_off,480
1574,932.0,64,50.6,1.0,note_on,0
1575,932.0,64,50.6,1.0,note_off,480
1576,933.0,64,45.8,1.0,note_on,0
1577,933.0,64,45.8,1.0,note_off,480
1578,934.0,64,46.1,1.0,note_on,0
1579,934.0,64,46.1,1.0,note_off,480
1580,935.0,64,40.6,1.0,note_on,0
1581,935.0,64,40.6,1.0,note_off,480
1582,936.0,64,36.5,1.0,note_on,0
1583,936.0,64,36.5,1.0,note_off,480
1584,937.0,64,33.0,1.0,note_on,0
1585,937.0,64,33.0,1.0,note_off,480
1586,938.0,64,31.1,1.0,note_on,0
1587,938.0,64,31.1,1.0,note_off,480
1588,939.0,64,31.0,2.0,note_on,0
1589,939.0,64,31.0,2.0,note_off,960
1590,942.0,64,36.5,1.0,note_on,0
1591,942.0,64,36.5,1.0,note_off,480
1592,943.0,64,35.6,1.0,note_on,0
1593,943.0,64,35.6,1.0,note_off,480
1594,944.0,64,36.2,1.0,note_on,0
1595,944.0,64,36.2,1.0,note_off,480
1596,945.0,64,38.3,1.0,note_on,0
1597,945.0,64,38.3,1.0,note_off,480
1598,946.0,64,38.6,1.0,note_on,0
1599,946.0,64,38.6,1.0,note_off,480
1600,947.0,64,40.6,1.0,note_on,0
1601,947.0,64,40.6,1.0,note_off,480
1602,948.0,64,44.0,1.0,note_on,0
1603,948.0,64,44.0,1.0,note_off,480
1604,949.0,64,38.6,1.0,note_on,0
1605,949.0,64,38.6,1.0,note_off,480
1606,950.0,64,40.6,1.0,note_on,0
1607,950.0,64,40.6,1.0,note_off,480
1608,951.0,64,38.0,1.0,note_on,0
1609,951.0,64,38.0,1.0,note_off,480
1610,952.0,64,40.7,1.0,note_on,0
1611,952.0,64,40.7,1.0,note_off,480
1612,953.0,64,38.6,1.0,note_on,0
1613,953.0,64,38.6,1.0,note_off,480
1614,954.0,64,33.5,1.0,note_on,0
1615,954.0,64,33.5,1.0,note_off,480
1616,955.0,64,35.9,1.0,note_on,0
1617,955.0,64,35.9,1.0,note_off,480
1618,956.0,64,34.4,1.0,note_on,0
1619,956.0,64,34.4,1.0,note_off,480
1620,957.0,64,29.0,1.0,note_on,0
1621,957.0,64,29.0,1.0,note_off,480
1622,958.0,64,29.3,1.0,note_on,0
1623,958.0,64,29.3,1.0,note_off,480
1624,960.0,64,32.0,1.0,note_on,0
1625,960.0,64,32.0,1.0,note_off,480
1626,961.0,64,29.0,2.0,note_on,0
1627,961.0,64,29.0,2.0,note_off,960
1628,963.0,64,31.0,1.0,note_on,0
1629,963.0,64,31.0,1.0,note_off,480
1630,964.0,64,32.0,1.0,note_on,0
1631,964.0,64,32.0,1.0,note_off,480
1632,965.0,64,38.0,1.0,note_on,0
1633,965.0,64,38.0,1.0,note_off,480
1634,966.0,64,34.0,1.0,note_on,0
1635,966.0,64,34.0,1.0,note_off,480
1636,968.0,64,31.1,1.0,note_on,0
1637,968.0,64,31.1,1.0,note_off,480
1638,970.0,64,33.0,1.0,note_on,0
1639,970.0,64,33.0,1.0,note_off,480
1640,971.0,64,33.4,1.0,note_on,0
1641,971.0,64,33.4,1.0,note_off,480
1642,972.0,64,34.0,1.0,note_on,0
1643,972.0,64,34.0,1.0,note_off,480
1644,973.0,64,33.8,1.0,note_on,0
1645,973.0,64,33.8,1.0,note_off,480
1646,974.0,64,34.1,1.0,note_on,0
1647,974.0,64,34.1,1.0,note_off,480
1648,975.0,64,31.0,1.0,note_on,0
1649,975.0,64,31.0,1.0,note_off,480
1650,976.0,64,31.1,1.0,note_on,0
1651,976.0,64,31.1,1.0,note_off,480
1652,977.0,64,33.0,1.0,note_on,0
1653,977.0,64,33.0,1.0,note_off,480
1654,979.0,64,35.8,1.0,note_on,0
1655,979.0,64,35.8,1.0,note_off,480
1656,980.0,64,34.4,1.0,note_on,0
1657,980.0,64,34.4,1.0,note_off,480
1658,982.0,64,36.5,1.0,note_on,0
1659,982.0,64,36.5,1.0,note_off,480
1660,983.0,64,35.6,1.0,note_on,0
1661,983.0,64,35.6,1.0,note_off,480
1662,984.0,64,35.8,1.0,note_on,0
1663,984.0,64,35.8,1.0,note_off,480
1664,985.0,64,40.7,1.0,note_on,0
1665,985.0,64,40.7,1.0,note_off,480
1666,986.0,64,38.3,1.0,note_on,0
1667,986.0,64,38.3,1.0,note_off,480
1668,987.0,64,38.2,1.0,note_on,0
1669,987.0,64,38.2,1.0,note_off,480
1670,988.0,64,38.6,2.0,note_on,0
1671,988.0,64,38.6,2.0,note_off,960
1672,990.0,64,43.0,1.0,note_on,0
1673,990.0,64,43.0,1.0,note_off,480
1674,991.0,64,38.0,1.0,note_on,0
1675,991.0,64,38.0,1.0,note_off,480
1676,992.0,64,36.8,1.0,note_on,0
1677,992.0,64,36.8,1.0,note_off,480
1678,993.0,64,38.6,1.0,note_on,0
1679,993.0,64,38.6,1.0,note_off,480
1680,994.0,64,33.0,1.0,note_on,0
1681,994.0,64,33.0,1.0,note_off,480
1682,995.0,64,40.6,1.0,note_on,0
1683,995.0,64,40.6,1.0,note_off,480
1684,996.0,64,46.4,1.0,note_on,0
1685,996.0,64,46.4,1.0,note_off,480
1686,997.0,64,41.0,1.0,note_on,0
1687,997.0,64,41.0,1.0,note_off,480
1688,998.0,64,41.3,1.0,note_on,0
1689,998.0,64,41.3,1.0,note_off,480
1690,1000.0,64,40.0,1.0,note_on,0
1691,1000.0,64,40.0,1.0,note_off,480
1692,1001.0,64,36.5,1.0,note_on,0
1693,1001.0,64,36.5,1.0,note_off,480
1694,1003.0,64,31.0,1.0,note_on,0
1695,1003.0,64,31.0,1.0,note_off,480
1696,1004.0,64,32.0,1.0,note_on,0
1697,1004.0,64,32.0,1.0,note_off,480
1698,1005.0,64,29.0,1.0,note_on,0
1699,1005.0,64,29.0,1.0,note_off,480
1700,1006.0,64,34.0,1.0,note_on,0
1701,1006.0,64,34.0,1.0,note_off,480
1702,1008.0,64,34.0,1.0,note_on,0
1703,1008.0,64,34.0,1.0,note_off,480
1704,1010.0,64,37.0,1.0,note_on,0
1705,1010.0,64,37.0,1.0,note_off,480
1706,1011.0,64,33.4,1.0,note_on,0
1707,1011.0,64,33.4,1.0,note_off,480
1708,1012.0,64,34.4,1.0,note_on,0
1709,1012.0,64,34.4,1.0,note_off,480
1710,1013.0,64,33.5,1.0,note_on,0
1711,1013.0,64,33.5,1.0,note_off,480
1712,1014.0,64,33.8,1.0,note_on,0
1713,1014.0,64,33.8,1.0,note_off,480
1714,1015.0,64,33.4,1.0,note_on,0
1715,1015.0,64,33.4,1.0,note_off,480
1716,1016.0,64,33.5,1.0,note_on,0
1717,1016.0,64,33.5,1.0,note_off,480
1718,1017.0,64,33.0,1.0,note_on,0
1719,1017.0,64,33.0,1.0,note_off,480
1720,1018.0,64,31.1,1.0,note_on,0
1721,1018.0,64,31.1,1.0,note_off,480
1722,1019.0,64,35.8,1.0,note_on,0
1723,1019.0,64,35.8,1.0,note_off,480
1724,1020.0,64,36.8,1.0,note_on,0
1725,1020.0,64,36.8,1.0,note_off,480
1726,1022.0,64,36.2,1.0,note_on,0
1727,1022.0,64,36.2,1.0,note_off,480
1728,1023.0,64,31.4,1.0,note_on,0
1729,1023.0,64,31.4,1.0,note_off,480
1730,1024.0,64,33.5,1.0,note_on,0
1731,1024.0,64,33.5,1.0,note_off,480
1732,1025.0,64,35.5,1.0,note_on,0
1733,1025.0,64,35.5,1.0,note_off,480
1734,1026.0,64,38.6,1.0,note_on,0
1735,1026.0,64,38.6,1.0,note_off,480
1736,1027.0,64,38.2,1.0,note_on,0
1737,1027.0,64,38.2,1.0,note_off,480
1738,1028.0,64,39.2,1.0,note_on,0
1739,1028.0,64,39.2,1.0,note_off,480
1740,1029.0,64,38.3,1.0,note_on,0
1741,1029.0,64,38.3,1.0,note_off,480
1742,1030.0,64,34.1,1.0,note_on,0
1743,1030.0,64,34.1,1.0,note_off,480
1744,1031.0,64,29.0,1.0,note_on,0
1745,1031.0,64,29.0,1.0,note_off,480
1746,1032.0,64,36.8,1.0,note_on,0
1747,1032.0,64,36.8,1.0,note_off,480
1748,1033.0,64,38.9,1.0,note_on,0
1749,1033.0,64,38.9,1.0,note_off,480
1750,1034.0,64,33.5,1.0,note_on,0
1751,1034.0,64,33.5,1.0,note_off,480
1752,1035.0,64,40.6,1.0,note_on,0
1753,1035.0,64,40.6,1.0,note_off,480
1754,1036.0,64,41.6,1.0,note_on,0
1755,1036.0,64,41.6,1.0,note_off,480
1756,1037.0,64,40.7,1.0,note_on,0
1757,1037.0,64,40.7,1.0,note_off,480
1758,1038.0,64,41.0,1.0,note_on,0
1759,1038.0,64,41.0,1.0,note_off,480
1760,1040.0,64,40.0,1.0,note_on,0
1761,1040.0,64,40.0,1.0,note_off,480
1762,1041.0,64,41.0,1.0,note_on,0
1763,1041.0,64,41.0,1.0,note_off,480
1764,1042.0,64,36.5,1.0,note_on,0
1765,1042.0,64,36.5,1.0,note_off,480
1766,1043.0,64,33.4,1.0,note_on,0
1767,1043.0,64,33.4,1.0,note_off,480
1768,1044.0,64,41.6,1.0,note_on,0
1769,1044.0,64,41.6,1.0,note_off,480
1770,1046.0,64,40.6,1.0,note_on,0
1771,1046.0,64,40.6,1.0,note_off,480
1772,1048.0,64,38.2,1.0,note_on,0
1773,1048.0,64,38.2,1.0,note_off,480
1774,1050.0,64,37.0,1.0,note_on,0
1775,1050.0,64,37.0,1.0,note_off,480
1776,1051.0,64,43.0,1.0,note_on,0
1777,1051.0,64,43.0,1.0,note_off,480
1778,1052.0,64,46.0,1.0,note_on,0
1779,1052.0,64,46.0,1.0,note_off,480
1780,1053.0,64,40.7,1.0,note_on,0
1781,1053.0,64,40.7,1.0,note_off,480
1782,1054.0,64,41.0,1.0,note_on,0
1783,1054.0,64,41.0,1.0,note_off,480
1784,1055.0,64,35.8,1.0,note_on,0
1785,1055.0,64,35.8,1.0,note_off,480
1786,1056.0,64,35.9,1.0,note_on,0
1787,1056.0,64,35.9,1.0,note_off,480
1788,1057.0,64,33.0,1.0,note_on,0
1789,1057.0,64,33.0,1.0,note_off,480
1790,1059.0,64,40.6,1.0,note_on,0
1791,1059.0,64,40.6,1.0,note_off,480
1792,1060.0,64,40.7,1.0,note_on,0
1793,1060.0,64,40.7,1.0,note_off,480
1794,1062.0,64,38.2,1.0,note_on,0
1795,1062.0,64,38.2,1.0,note_off,480
1796,1063.0,64,34.1,1.0,note_on,0
1797,1063.0,64,34.1,1.0,note_off,480
1798,1064.0,64,31.7,1.0,note_on,0
1799,1064.0,64,31.7,1.0,note_off,480
1800,1065.0,64,28.0,1.0,note_on,0
1801,1065.0,64,28.0,1.0,note_off,480
1802,1066.0,64,36.2,1.0,note_on,0
1803,1066.0,64,36.2,1.0,note_off,480
1804,1067.0,64,38.2,1.0,note_on,0
1805,1067.0,64,38.2,1.0,note_off,480
1806,1068.0,64,36.5,1.0,note_on,0
1807,1068.0,64,36.5,1.0,note_off,480
1808,1069.0,64,33.5,1.0,note_on,0
1809,1069.0,64,33.5,1.0,note_off,480
1810,1070.0,64,35.9,1.0,note_on,0
1811,1070.0,64,35.9,1.0,note_off,480
1812,1071.0,64,36.5,1.0,note_on,0
1813,1071.0,64,36.5,1.0,note_off,480
1814,1072.0,64,34.4,1.0,note_on,0
1815,1072.0,64,34.4,1.0,note_off,480
1816,1073.0,64,38.6,1.0,note_on,0
1817,1073.0,64,38.6,1.0,note_off,480
1818,1074.0,64,33.0,1.0,note_on,0
1819,1074.0,64,33.0,1.0,note_off,480
1820,1075.0,64,35.8,1.0,note_on,0
1821,1075.0,64,35.8,1.0,note_off,480
1822,1076.0,64,32.0,1.0,note_on,0
1823,1076.0,64,32.0,1.0,note_off,480
1824,1077.0,64,35.9,1.0,note_on,0
1825,1077.0,64,35.9,1.0,note_off,480
1826,1078.0,64,35.8,1.0,note_on,0
1827,1078.0,64,35.8,1.0,note_off,480
1828,1080.0,64,35.5,1.0,note_on,0
1829,1080.0,64,35.5,1.0,note_off,480
1830,1081.0,64,38.6,1.0,note_on,0
1831,1081.0,64,38.6,1.0,note_off,480
1832,1083.0,64,35.8,1.0,note_on,0
1833,1083.0,64,35.8,1.0,note_off,480
1834,1084.0,64,38.0,1.0,note_on,0
1835,1084.0,64,38.0,1.0,note_off,480
1836,1085.0,64,33.0,1.0,note_on,0
1837,1085.0,64,33.0,1.0,note_off,480
1838,1086.0,64,34.0,1.0,note_on,0
1839,1086.0,64,34.0,1.0,note_off,480
1840,1088.0,64,35.6,1.0,note_on,0
1841,1088.0,64,35.6,1.0,note_off,480
1842,1090.0,64,38.9,1.0,note_on,0
1843,1090.0,64,38.9,1.0,note_off,480
1844,1091.0,64,33.4,1.0,note_on,0
1845,1091.0,64,33.4,1.0,note_off,480
1846,1092.0,64,38.6,1.0,note_on,0
1847,1092.0,64,38.6,1.0,note_off,480
1848,1093.0,64,33.5,1.0,note_on,0
1849,1093.0,64,33.5,1.0,note_off,480
1850,1094.0,64,33.4,1.0,note_on,0
1851,1094.0,64,33.4,1.0,note_off,480
1852,1095.0,64,38.2,1.0,note_on,0
1853,1095.0,64,38.2,1.0,note_off,480
1854,1096.0,64,35.6,1.0,note_on,0
1855,1096.0,64,35.6,1.0,note_off,480
1856,1097.0,64,33.0,1.0,note_on,0
1857,1097.0,64,33.0,1.0,note_off,480
1858,1098.0,64,29.0,1.0,note_on,0
1859,1098.0,64,29.0,1.0,note_off,480
1860,1099.0,64,31.0,1.0,note_on,0
1861,1099.0,64,31.0,1.0,note_off,480
1862,1100.0,64,32.0,1.0,note_on,0
1863,1100.0,64,32.0,1.0,note_off,480
1864,1102.0,64,29.0,1.0,note_on,0
1865,1102.0,64,29.0,1.0,note_off,480
1866,1103.0,64,33.5,1.0,note_on,0
1867,1103.0,64,33.5,1.0,note_off,480
1868,1104.0,64,32.0,1.0,note_on,0
1869,1104.0,64,32.0,1.0,note_off,480
1870,1105.0,64,28.0,1.0,note_on,0
1871,1105.0,64,28.0,1.0,note_off,480
1872,1106.0,64,38.9,1.0,note_on,0
1873,1106.0,64,38.9,1.0,note_off,480
1874,1107.0,64,40.6,1.0,note_on,0
1875,1107.0,64,40.6,1.0,note_off,480
1876,1108.0,64,46.4,1.0,note_on,0
1877,1108.0,64,46.4,1.0,note_off,480
1878,1109.0,64,50.3,1.0,note_on,0
1879,1109.0,64,50.3,1.0,note_off,480
1880,1110.0,64,48.5,1.0,note_on,0
1881,1110.0,64,48.5,1.0,note_off,480
1882,1111.0,64,43.1,1.0,note_on,0
1883,1111.0,64,43.1,1.0,note_off,480
1884,1112.0,64,46.4,1.0,note_on,0
1885,1112.0,64,46.4,1.0,note_off,480
1886,1113.0,64,41.0,1.0,note_on,0
1887,1113.0,64,41.0,1.0,note_off,480
1888,1114.0,64,43.4,1.0,note_on,0
1889,1114.0,64,43.4,1.0,note_off,480
1890,1115.0,64,47.6,1.0,note_on,0
1891,1115.0,64,47.6,1.0,note_off,480
1892,1116.0,64,48.8,1.0,note_on,0
1893,1116.0,64,48.8,1.0,note_off,480
1894,1117.0,64,52.7,1.0,note_on,0
1895,1117.0,64,52.7,1.0,note_off,480
1896,1118.0,64,53.0,1.0,note_on,0
1897,1118.0,64,53.0,1.0,note_off,480
1898,1120.0,64,52.0,1.0,note_on,0
1899,1120.0,64,52.0,1.0,note_off,480
1900,1121.0,64,52.4,1.0,note_on,0
1901,1121.0,64,52.4,1.0,note_off,480
1902,1122.0,64,53.0,1.0,note_on,0
1903,1122.0,64,53.0,1.0,note_off,480
1904,1123.0,64,47.8,1.0,note_on,0
1905,1123.0,64,47.8,1.0,note_off,480
1906,1124.0,64,48.5,1.0,note_on,0
1907,1124.0,64,48.5,1.0,note_off,480
1908,1125.0,64,52.0,1.0,note_on,0
1909,1125.0,64,52.0,1.0,note_off,480
1910,1126.0,64,46.0,1.0,note_on,0
1911,1126.0,64,46.0,1.0,note_off,480
1912,1128.0,64,44.0,1.0,note_on,0
1913,1128.0,64,44.0,1.0,note_off,480
1914,1130.0,64,40.0,1.0,note_on,0
1915,1130.0,64,40.0,1.0,note_off,480
1916,1131.0,64,38.2,1.0,note_on,0
1917,1131.0,64,38.2,1.0,note_off,480
1918,1132.0,64,39.2,1.0,note_on,0
1919,1132.0,64,39.2,1.0,note_off,480
1920,1133.0,64,40.7,1.0,note_on,0
1921,1133.0,64,40.7,1.0,note_off,480
1922,1134.0,64,41.0,1.0,note_on,0
1923,1134.0,64,41.0,1.0,note_off,480
1924,1135.0,64,40.6,1.0,note_on,0
1925,1135.0,64,40.6,1.0,note_off,480
1926,1136.0,64,39.2,1.0,note_on,0
1927,1136.0,64,39.2,1.0,note_off,480
1928,1137.0,64,45.0,1.0,note_on,0
1929,1137.0,64,45.0,1.0,note_off,480
1930,1139.0,64,40.6,1.0,note_on,0
1931,1139.0,64,40.6,1.0,note_off,480
1932,1140.0,64,41.6,1.0,note_on,0
1933,1140.0,64,41.6,1.0,note_off,480
1934,1142.0,64,40.6,1.0,note_on,0
1935,1142.0,64,40.6,1.0,note_off,480
1936,1143.0,64,45.5,2.0,note_on,0
1937,1143.0,64,45.5,2.0,note_off,960
1938,1145.0,64,44.5,1.0,note_on,0
1939,1145.0,64,44.5,1.0,note_off,480
1940,1146.0,64,41.0,1.0,note_on,0
1941,1146.0,64,41.0,1.0,note_off,480
1942,1147.0,64,43.0,1.0,note_on,0
1943,1147.0,64,43.0,1.0,note_off,480
1944,1148.0,64,44.0,1.0,note_on,0
1945,1148.0,64,44.0,1.0,note_off,480
1946,1149.0,64,45.5,1.0,note_on,0
1947,1149.0,64,45.5,1.0,note_off,480
1948,1150.0,64,50.2,1.0,note_on,0
1949,1150.0,64,50.2,1.0,note_off,480
1950,1151.0,64,47.9,2.0,note_on,0
1951,1151.0,64,47.9,2.0,note_off,960
1952,1153.0,64,50.0,1.0,note_on,0
1953,1153.0,64,50.0,1.0,note_off,480
1954,1154.0,64,45.0,1.0,note_on,0
1955,1154.0,64,45.0,1.0,note_off,480
1956,1155.0,64,45.4,1.0,note_on,0
1957,1155.0,64,45.4,1.0,note_off,480
1958,1156.0,64,46.4,1.0,note_on,0
1959,1156.0,64,46.4,1.0,note_off,480
1960,1157.0,64,47.9,1.0,note_on,0
1961,1157.0,64,47.9,1.0,note_off,480
1962,1158.0,64,48.2,1.0,note_on,0
1963,1158.0,64,48.2,1.0,note_off,480
1964,1160.0,64,48.8,1.0,note_on,0
1965,1160.0,64,48.8,1.0,note_off,480
1966,1161.0,64,53.0,1.0,note_on,0
1967,1161.0,64,53.0,1.0,note_off,480
1968,1163.0,64,57.4,1.0,note_on,0
1969,1163.0,64,57.4,1.0,note_off,480
1970,1164.0,64,56.0,1.0,note_on,0
1971,1164.0,64,56.0,1.0,note_off,480
1972,1165.0,64,50.6,1.0,note_on,0
1973,1165.0,64,50.6,1.0,note_off,480
1974,1166.0,64,46.1,1.0,note_on,0
1975,1166.0,64,46.1,1.0,note_off,480
1976,1168.0,64,43.1,1.0,note_on,0
1977,1168.0,64,43.1,1.0,note_off,480
1978,1170.0,64,40.0,1.0,note_on,0
1979,1170.0,64,40.0,1.0,note_off,480
1980,1171.0,64,35.8,1.0,note_on,0
1981,1171.0,64,35.8,1.0,note_off,480
1982,1172.0,64,33.8,1.0,note_on,0
1983,1172.0,64,33.8,1.0,note_off,480
1984,1173.0,64,29.0,1.0,note_on,0
1985,1173.0,64,29.0,1.0,note_off,480
1986,1174.0,64,33.4,1.0,note_on,0
1987,1174.0,64,33.4,1.0,note_off,480
1988,1175.0,64,31.0,2.0,note_on,0
1989,1175.0,64,31.0,2.0,note_off,960
1990,1177.0,64,33.0,1.0,note_on,0
1991,1177.0,64,33.0,1.0,note_off,480
1992,1178.0,64,36.2,1.0,note_on,0
1993,1178.0,64,36.2,1.0,note_off,480
1994,1179.0,64,38.2,1.0,note_on,0
1995,1179.0,64,38.2,1.0,note_off,480
1996,1180.0,64,39.2,1.0,note_on,0
1997,1180.0,64,39.2,1.0,note_off,480
1998,1182.0,64,38.3,1.0,note_on,0
1999,1182.0,64,38.3,1.0,note_off,480
2000,1183.0,64,35.6,1.0,note_on,0
2001,1183.0,64,35.6,1.0,note_off,480
2002,1184.0,64,33.5,1.0,note_on,0
2003,1184.0,64,33.5,1.0,note_off,480
2004,1185.0,64,31.0,1.0,note_on,0
2005,1185.0,64,31.0,1.0,note_off,480
2006,1186.0,64,38.6,1.0,note_on,0
2007,1186.0,64,38.6,1.0,note_off,480
2008,1187.0,64,40.6,1.0,note_on,0
2009,1187.0,64,40.6,1.0,note_off,480
2010,1188.0,64,36.8,1.0,note_on,0
2011,1188.0,64,36.8,1.0,note_off,480
2012,1189.0,64,36.2,1.0,note_on,0
2013,1189.0,64,36.2,1.0,note_off,480
2014,1190.0,64,35.8,1.0,note_on,0
2015,1190.0,64,35.8,1.0,note_off,480
2016,1191.0,64,38.0,1.0,note_on,0
2017,1191.0,64,38.0,1.0,note_off,480
2018,1192.0,64,38.9,1.0,note_on,0
2019,1192.0,64,38.9,1.0,note_off,480
2020,1193.0,64,38.6,1.0,note_on,0
2021,1193.0,64,38.6,1.0,note_off,480
2022,1194.0,64,33.8,1.0,note_on,0
2023,1194.0,64,33.8,1.0,note_off,480
2024,1195.0,64,31.0,1.0,note_on,0
2025,1195.0,64,31.0,1.0,note_off,480
2026,1196.0,64,33.5,1.0,note_on,0
2027,1196.0,64,33.5,1.0,note_off,480
2028,1197.0,64,33.8,1.0,note_on,0
2029,1197.0,64,33.8,1.0,note_off,480
2030,1198.0,64,33.5,1.0,note_on,0
2031,1198.0,64,33.5,1.0,note_off,480
2032,1200.0,64,32.5,1.0,note_on,0
2033,1200.0,64,32.5,1.0,note_off,480
2034,1201.0,64,29.0,1.0,note_on,0
2035,1201.0,64,29.0,1.0,note_off,480
2036,1202.0,64,38.6,1.0,note_on,0
2037,1202.0,64,38.6,1.0,note_off,480
2038,1203.0,64,33.4,1.0,note_on,0
2039,1203.0,64,33.4,1.0,note_off,480
2040,1204.0,64,32.0,1.0,note_on,0
2041,1204.0,64,32.0,1.0,note_off,480
2042,1205.0,64,29.0,1.0,note_on,0
2043,1205.0,64,29.0,1.0,note_off,480
2044,1206.0,64,34.0,1.0,note_on,0
2045,1206.0,64,34.0,1.0,note_off,480
2046,1208.0,64,32.0,1.0,note_on,0
2047,1208.0,64,32.0,1.0,note_off,480
2048,1210.0,64,28.0,1.0,note_on,0
2049,1210.0,64,28.0,1.0,note_off,480
2050,1211.0,64,35.8,1.0,note_on,0
2051,1211.0,64,35.8,1.0,note_off,480
2052,1212.0,64,34.4,1.0,note_on,0
2053,1212.0,64,34.4,1.0,note_off,480
2054,1213.0,64,29.0,1.0,note_on,0
2055,1213.0,64,29.0,1.0,note_off,480
2056,1214.0,64,40.7,1.0,note_on,0
2057,1214.0,64,40.7,1.0,note_off,480
2058,1215.0,64,38.2,1.0,note_on,0
2059,1215.0,64,38.2,1.0,note_off,480
2060,1216.0,64,38.0,1.0,note_on,0
2061,1216.0,64,38.0,1.0,note_off,480
2062,1217.0,64,33.0,1.0,note_on,0
2063,1217.0,64,33.0,1.0,note_off,480
2064,1219.0,64,38.2,1.0,note_on,0
2065,1219.0,64,38.2,1.0,note_off,480
2066,1220.0,64,36.8,1.0,note_on,0
2067,1220.0,64,36.8,1.0,note_off,480
2068,1222.0,64,38.3,1.0,note_on,0
2069,1222.0,64,38.3,1.0,note_off,480
2070,1223.0,64,35.6,1.0,note_on,0
2071,1223.0,64,35.6,1.0,note_off,480
2072,1224.0,64,34.4,1.0,note_on,0
2073,1224.0,64,34.4,1.0,note_off,480
2074,1225.0,64,37.0,1.0,note_on,0
2075,1225.0,64,37.0,1.0,note_off,480
2076,1226.0,64,36.2,1.0,note_on,0
2077,1226.0,64,36.2,1.0,note_off,480
2078,1227.0,64,40.6,1.0,note_on,0
2079,1227.0,64,40.6,1.0,note_off,480
2080,1228.0,64,39.2,1.0,note_on,0
2081,1228.0,64,39.2,1.0,note_off,480
2082,1229.0,64,36.2,1.0,note_on,0
2083,1229.0,64,36.2,1.0,note_off,480
2084,1230.0,64,35.8,1.0,note_on,0
2085,1230.0,64,35.8,1.0,note_off,480
2086,1231.0,64,38.0,1.0,note_on,0
2087,1231.0,64,38.0,1.0,note_off,480
2088,1232.0,64,35.6,1.0,note_on,0
2089,1232.0,64,35.6,1.0,note_off,480
2090,1233.0,64,38.6,1.0,note_on,0
2091,1233.0,64,38.6,1.0,note_off,480
2092,1234.0,64,33.0,1.0,note_on,0
2093,1234.0,64,33.0,1.0,note_off,480
2094,1235.0,64,31.0,1.0,note_on,0
2095,1235.0,64,31.0,1.0,note_off,480
2096,1236.0,64,29.0,1.0,note_on,0
2097,1236.0,64,29.0,1.0,note_off,480
2098,1237.0,64,33.8,1.0,note_on,0
2099,1237.0,64,33.8,1.0,note_off,480
2100,1238.0,64,33.5,1.0,note_on,0
2101,1238.0,64,33.5,1.0,note_off,480
2102,1240.0,64,33.4,1.0,note_on,0
2103,1240.0,64,33.4,1.0,note_off,480
2104,1241.0,64,36.5,1.0,note_on,0
2105,1241.0,64,36.5,1.0,note_off,480
2106,1243.0,64,38.2,1.0,note_on,0
2107,1243.0,64,38.2,1.0,note_off,480
2108,1244.0,64,41.6,1.0,note_on,0
2109,1244.0,64,41.6,1.0,note_off,480
2110,1246.0,64,46.0,1.0,note_on,0
2111,1246.0,64,46.0,1.0,note_off,480
2112,1248.0,64,46.4,1.0,note_on,0
2113,1248.0,64,46.4,1.0,note_off,480
2114,1250.0,64,47.5,1.0,note_on,0
2115,1250.0,64,47.5,1.0,note_off,480
2116,1251.0,64,52.6,1.0,note_on,0
2117,1251.0,64,52.6,1.0,note_off,480
2118,1252.0,64,51.2,1.0,note_on,0
2119,1252.0,64,51.2,1.0,note_off,480
2120,1253.0,64,53.0,1.0,note_on,0
2121,1253.0,64,53.0,1.0,note_off,480
2122,1254.0,64,53.3,1.0,note_on,0
2123,1254.0,64,53.3,1.0,note_off,480
2124,1255.0,64,52.6,1.0,note_on,0
2125,1255.0,64,52.6,1.0,note_off,480
2126,1256.0,64,51.2,1.0,note_on,0
2127,1256.0,64,51.2,1.0,note_off,480
2128,1257.0,64,57.0,1.0,note_on,0
2129,1257.0,64,57.0,1.0,note_off,480
2130,1258.0,64,55.4,1.0,note_on,0
2131,1258.0,64,55.4,1.0,note_off,480
2132,1259.0,64,55.0,1.0,note_on,0
2133,1259.0,64,55.0,1.0,note_off,480
2134,1260.0,64,55.4,1.0,note_on,0
2135,1260.0,64,55.4,1.0,note_off,480
2136,1262.0,64,55.1,1.0,note_on,0
2137,1262.0,64,55.1,1.0,note_off,480
2138,1263.0,64,55.4,1.0,note_on,0
2139,1263.0,64,55.4,1.0,note_off,480
2140,1264.0,64,60.2,2.0,note_on,0
2141,1264.0,64,60.2,2.0,note_off,960
2142,1266.0,64,53.0,1.0,note_on,0
2143,1266.0,64,53.0,1.0,note_off,480
2144,1267.0,64,57.4,1.0,note_on,0
2145,1267.0,64,57.4,1.0,note_off,480
2146,1268.0,64,58.4,1.0,note_on,0
2147,1268.0,64,58.4,1.0,note_off,480
2148,1269.0,64,57.8,1.0,note_on,0
2149,1269.0,64,57.8,1.0,note_off,480
2150,1270.0,64,59.8,1.0,note_on,0
2151,1270.0,64,59.8,1.0,note_off,480
2152,1271.0,64,53.0,1.0,note_on,0
2153,1271.0,64,53.0,1.0,note_off,480
2154,1272.0,64,50.3,1.0,note_on,0
2155,1272.0,64,50.3,1.0,note_off,480
2156,1273.0,64,50.9,1.0,note_on,0
2157,1273.0,64,50.9,1.0,note_off,480
2158,1274.0,64,53.0,1.0,note_on,0
2159,1274.0,64,53.0,1.0,note_off,480
2160,1275.0,64,47.8,1.0,note_on,0
2161,1275.0,64,47.8,1.0,note_off,480
2162,1276.0,64,44.0,1.0,note_on,0
2163,1276.0,64,44.0,1.0,note_off,480
2164,1277.0,64,48.2,1.0,note_on,0
2165,1277.0,64,48.2,1.0,note_off,480
2166,1278.0,64,48.5,1.0,note_on,0
2167,1278.0,64,48.5,1.0,note_off,480
2168,1280.0,64,47.5,1.0,note_on,0
2169,1280.0,64,47.5,1.0,note_off,480
2170,1281.0,64,53.0,1.0,note_on,0
2171,1281.0,64,53.0,1.0,note_off,480
2172,1282.0,64,52.4,1.0,note_on,0
2173,1282.0,64,52.4,1.0,note_off,480
2174,1283.0,64,47.8,1.0,note_on,0
2175,1283.0,64,47.8,1.0,note_off,480
2176,1284.0,64,51.2,1.0,note_on,0
2177,1284.0,64,51.2,1.0,note_off,480
2178,1285.0,64,57.0,1.0,note_on,0
2179,1285.0,64,57.0,1.0,note_off,480
2180,1286.0,64,58.0,1.0,note_on,0
2181,1286.0,64,58.0,1.0,note_off,480
2182,1288.0,64,53.6,1.0,note_on,0
2183,1288.0,64,53.6,1.0,note_off,480
2184,1290.0,64,56.5,1.0,note_on,0
2185,1290.0,64,56.5,1.0,note_off,480
2186,1291.0,64,62.2,1.0,note_on,0
2187,1291.0,64,62.2,1.0,note_off,480
2188,1292.0,64,65.6,1.0,note_on,0
2189,1292.0,64,65.6,1.0,note_off,480
2190,1293.0,64,57.8,1.0,note_on,0
2191,1293.0,64,57.8,1.0,note_off,480
2192,1294.0,64,57.5,1.0,note_on,0
2193,1294.0,64,57.5,1.0,note_off,480
2194,1295.0,64,55.0,1.0,note_on,0
2195,1295.0,64,55.0,1.0,note_off,480
2196,1296.0,64,56.0,1.0,note_on,0
2197,1296.0,64,56.0,1.0,note_off,480
2198,1297.0,64,57.0,1.0,note_on,0
2199,1297.0,64,57.0,1.0,note_off,480
2200,1299.0,64,52.6,1.0,note_on,0
2201,1299.0,64,52.6,1.0,note_off,480
2202,1300.0,64,49.0,1.0,note_on,0
2203,1300.0,64,49.0,1.0,note_off,480
2204,1302.0,64,45.4,1.0,note_on,0
2205,1302.0,64,45.4,1.0,note_off,480
2206,1303.0,64,46.1,1.0,note_on,0
2207,1303.0,64,46.1,1.0,note_off,480
2208,1304.0,64,46.0,1.0,note_on,0
2209,1304.0,64,46.0,1.0,note_off,480
2210,1305.0,64,47.5,1.0,note_on,0
2211,1305.0,64,47.5,1.0,note_off,480
2212,1306.0,64,48.2,1.0,note_on,0
2213,1306.0,64,48.2,1.0,note_off,480
2214,1307.0,64,43.0,1.0,note_on,0
2215,1307.0,64,43.0,1.0,note_off,480
2216,1308.0,64,46.4,1.0,note_on,0
2217,1308.0,64,46.4,1.0,note_off,480
2218,1309.0,64,41.0,1.0,note_on,0
2219,1309.0,64,41.0,1.0,note_off,480
2220,1310.0,64,45.5,1.0,note_on,0
2221,1310.0,64,45.5,1.0,note_off,480
2222,1311.0,64,48.5,1.0,note_on,0
2223,1311.0,64,48.5,1.0,note_off,480
2224,1312.0,64,44.0,1.0,note_on,0
2225,1312.0,64,44.0,1.0,note_off,480
2226,1313.0,64,38.6,1.0,note_on,0
2227,1313.0,64,38.6,1.0,note_off,480
2228,1314.0,64,33.0,1.0,note_on,0
2229,1314.0,64,33.0,1.0,note_off,480
2230,1315.0,64,33.4,1.0,note_on,0
2231,1315.0,64,33.4,1.0,note_off,480
2232,1316.0,64,36.8,1.0,note_on,0
2233,1316.0,64,36.8,1.0,note_off,480
2234,1317.0,64,38.6,1.0,note_on,0
2235,1317.0,64,38.6,1.0,note_off,480
2236,1318.0,64,38.3,1.0,note_on,0
2237,1318.0,64,38.3,1.0,note_off,480
2238,1320.0,64,38.6,2.0,note_on,0
2239,1320.0,64,38.6,2.0,note_off,960
2240,1323.0,64,43.0,1.0,note_on,0
2241,1323.0,64,43.0,1.0,note_off,480
2242,1324.0,64,48.8,1.0,note_on,0
2243,1324.0,64,48.8,1.0,note_off,480
2244,1325.0,64,52.0,1.0,note_on,0
2245,1325.0,64,52.0,1.0,note_off,480
2246,1326.0,64,57.5,1.0,note_on,0
2247,1326.0,64,57.5,1.0,note_off,480
2248,1328.0,64,58.0,1.0,note_on,0
2249,1328.0,64,58.0,1.0,note_off,480
2250,1330.0,64,59.5,1.0,note_on,0
2251,1330.0,64,59.5,1.0,note_off,480
2252,1331.0,64,64.6,1.0,note_on,0
2253,1331.0,64,64.6,1.0,note_off,480
2254,1332.0,64,63.2,1.0,note_on,0
2255,1332.0,64,63.2,1.0,note_off,480
2256,1333.0,64,53.3,1.0,note_on,0
2257,1333.0,64,53.3,1.0,note_off,480
2258,1334.0,64,53.0,1.0,note_on,0
2259,1334.0,64,53.0,1.0,note_off,480
2260,1335.0,64,57.4,1.0,note_on,0
2261,1335.0,64,57.4,1.0,note_off,480
2262,1336.0,64,58.1,1.0,note_on,0
2263,1336.0,64,58.1,1.0,note_off,480
2264,1337.0,64,57.0,1.0,note_on,0
2265,1337.0,64,57.0,1.0,note_off,480
2266,1338.0,64,53.0,1.0,note_on,0
2267,1338.0,64,53.0,1.0,note_off,480
2268,1339.0,64,50.2,2.0,note_on,0
2269,1339.0,64,50.2,2.0,note_off,960
2270,1342.0,64,50.6,1.0,note_on,0
2271,1342.0,64,50.6,1.0,note_off,480
2272,1343.0,64,45.5,1.0,note_on,0
2273,1343.0,64,45.5,1.0,note_off,480
2274,1344.0,64,44.0,1.0,note_on,0
2275,1344.0,64,44.0,1.0,note_off,480
2276,1345.0,64,44.5,1.0,note_on,0
2277,1345.0,64,44.5,1.0,note_off,480
2278,1346.0,64,50.0,1.0,note_on,0
2279,1346.0,64,50.0,1.0,note_off,480
2280,1347.0,64,47.8,1.0,note_on,0
2281,1347.0,64,47.8,1.0,note_off,480
2282,1348.0,64,45.0,1.0,note_on,0
2283,1348.0,64,45.0,1.0,note_off,480
2284,1349.0,64,48.5,1.0,note_on,0
2285,1349.0,64,48.5,1.0,note_off,480
2286,1350.0,64,52.6,1.0,note_on,0
2287,1350.0,64,52.6,1.0,note_off,480
2288,1351.0,64,55.1,1.0,note_on,0
2289,1351.0,64,55.1,1.0,note_off,480
2290,1352.0,64,56.0,1.0,note_on,0
2291,1352.0,64,56.0,1.0,note_off,480
2292,1353.0,64,53.0,1.0,note_on,0
2293,1353.0,64,53.0,1.0,note_off,480
2294,1354.0,64,55.4,1.0,note_on,0
2295,1354.0,64,55.4,1.0,note_off,480
2296,1355.0,64,57.4,1.0,note_on,0
2297,1355.0,64,57.4,1.0,note_off,480
2298,1356.0,64,58.4,1.0,note_on,0
2299,1356.0,64,58.4,1.0,note_off,480
2300,1357.0,64,58.1,1.0,note_on,0
2301,1357.0,64,58.1,1.0,note_off,480
2302,1358.0,64,57.8,1.0,note_on,0
2303,1358.0,64,57.8,1.0,note_off,480
2304,1360.0,64,58.4,1.0,note_on,0
2305,1360.0,64,58.4,1.0,note_off,480
2306,1361.0,64,52.4,1.0,note_on,0
2307,1361.0,64,52.4,1.0,note_off,480
2308,1362.0,64,53.0,1.0,note_on,0
2309,1362.0,64,53.0,1.0,note_off,480
2310,1363.0,64,57.4,1.0,note_on,0
2311,1363.0,64,57.4,1.0,note_off,480
2312,1364.0,64,56.0,1.0,note_on,0
2313,1364.0,64,56.0,1.0,note_off,480
2314,1365.0,64,50.6,1.0,note_on,0
2315,1365.0,64,50.6,1.0,note_off,480
2316,1366.0,64,52.6,1.0,note_on,0
2317,1366.0,64,52.6,1.0,note_off,480
2318,1368.0,64,51.2,1.0,note_on,0
2319,1368.0,64,51.2,1.0,note_off,480
2320,1370.0,64,57.0,1.0,note_on,0
2321,1370.0,64,57.0,1.0,note_off,480
2322,1371.0,64,55.0,1.0,note_on,0
2323,1371.0,64,55.0,1.0,note_off,480
2324,1372.0,64,58.0,1.0,note_on,0
2325,1372.0,64,58.0,1.0,note_off,480
2326,1373.0,64,60.5,1.0,note_on,0
2327,1373.0,64,60.5,1.0,note_off,480
2328,1374.0,64,60.2,1.0,note_on,0
2329,1374.0,64,60.2,1.0,note_off,480
2330,1375.0,64,59.8,1.0,note_on,0
2331,1375.0,64,59.8,1.0,note_off,480
2332,1376.0,64,55.4,1.0,note_on,0
2333,1376.0,64,55.4,1.0,note_off,480
2334,1377.0,64,57.0,1.0,note_on,0
2335,1377.0,64,57.0,1.0,note_off,480
2336,1379.0,64,52.6,1.0,note_on,0
2337,1379.0,64,52.6,1.0,note_off,480
2338,1380.0,64,51.2,1.0,note_on,0
2339,1380.0,64,51.2,1.0,note_off,480
2340,1382.0,64,50.2,1.0,note_on,0
2341,1382.0,64,50.2,1.0,note_off,480
2342,1383.0,64,45.5,2.0,note_on,0
2343,1383.0,64,45.5,2.0,note_off,960
2344,1385.0,64,41.0,1.0,note_on,0
2345,1385.0,64,41.0,1.0,note_off,480
2346,1386.0,64,43.7,1.0,note_on,0
2347,1386.0,64,43.7,1.0,note_off,480
2348,1387.0,64,38.2,1.0,note_on,0
2349,1387.0,64,38.2,1.0,note_off,480
2350,1388.0,64,36.8,1.0,note_on,0
2351,1388.0,64,36.8,1.0,note_off,480
2352,1389.0,64,31.7,1.0,note_on,0
2353,1389.0,64,31.7,1.0,note_off,480
2354,1390.0,64,40.6,1.0,note_on,0
2355,1390.0,64,40.6,1.0,note_off,480
2356,1391.0,64,35.9,1.0,note_on,0
2357,1391.0,64,35.9,1.0,note_off,480
2358,1392.0,64,33.8,1.0,note_on,0
2359,1392.0,64,33.8,1.0,note_off,480
2360,1393.0,64,38.0,1.0,note_on,0
2361,1393.0,64,38.0,1.0,note_off,480
2362,1394.0,64,33.0,1.0,note_on,0
2363,1394.0,64,33.0,1.0,note_off,480
2364,1395.0,64,35.8,1.0,note_on,0
2365,1395.0,64,35.8,1.0,note_off,480
2366,1396.0,64,34.4,1.0,note_on,0
2367,1396.0,64,34.4,1.0,note_off,480
2368,1397.0,64,29.3,1.0,note_on,0
2369,1397.0,64,29.3,1.0,note_off,480
2370,1398.0,64,29.0,1.0,note_on,0
2371,1398.0,64,29.0,1.0,note_off,480
2372,1400.0,64,28.0,1.0,note_on,0
2373,1400.0,64,28.0,1.0,note_off,480
2374,1401.0,64,29.0,1.0,note_on,0
2375,1401.0,64,29.0,1.0,note_off,480
2376,1403.0,64,33.4,1.0,note_on,0
2377,1403.0,64,33.4,1.0,note_off,480
2378,1404.0,64,32.0,1.0,note_on,0
2379,1404.0,64,32.0,1.0,note_off,480
2380,1405.0,64,36.5,1.0,note_on,0
2381,1405.0,64,36.5,1.0,note_off,480
2382,1406.0,64,35.6,1.0,note_on,0
2383,1406.0,64,35.6,1.0,note_off,480
2384,1408.0,64,31.4,1.0,note_on,0
2385,1408.0,64,31.4,1.0,note_off,480
2386,1410.0,64,32.5,1.0,note_on,0
2387,1410.0,64,32.5,1.0,note_off,480
2388,1411.0,64,31.0,1.0,note_on,0
2389,1411.0,64,31.0,1.0,note_off,480
2390,1412.0,64,34.4,1.0,note_on,0
2391,1412.0,64,34.4,1.0,note_off,480
2392,1413.0,64,36.5,1.0,note_on,0
2393,1413.0,64,36.5,1.0,note_off,480
2394,1414.0,64,36.2,1.0,note_on,0
2395,1414.0,64,36.2,1.0,note_off,480
2396,1415.0,64,35.8,1.0,note_on,0
2397,1415.0,64,35.8,1.0,note_off,480
2398,1416.0,64,34.4,1.0,note_on,0
2399,1416.0,64,34.4,1.0,note_off,480
2400,1417.0,64,33.0,1.0,note_on,0
2401,1417.0,64,33.0,1.0,note_off,480
2402,1418.0,64,38.9,1.0,note_on,0
2403,1418.0,64,38.9,1.0,note_off,480
2404,1419.0,64,40.6,1.0,note_on,0
2405,1419.0,64,40.6,1.0,note_off,480
2406,1420.0,64,39.2,1.0,note_on,0
2407,1420.0,64,39.2,1.0,note_off,480
2408,1422.0,64,38.0,1.0,note_on,0
2409,1422.0,64,38.0,1.0,note_off,480
2410,1423.0,64,35.6,1.0,note_on,0
2411,1423.0,64,35.6,1.0,note_off,480
2412,1424.0,64,34.4,1.0,note_on,0
2413,1424.0,64,34.4,1.0,note_off,480
2414,1425.0,64,32.5,1.0,note_on,0
2415,1425.0,64,32.5,1.0,note_off,480
2416,1426.0,64,38.6,1.0,note_on,0
2417,1426.0,64,38.6,1.0,note_off,480
2418,1427.0,64,38.2,1.0,note_on,0
2419,1427.0,64,38.2,1.0,note_off,480
2420,1428.0,64,39.2,1.0,note_on,0
2421,1428.0,64,39.2,1.0,note_off,480
2422,1429.0,64,43.7,1.0,note_on,0
2423,1429.0,64,43.7,1.0,note_off,480
2424,1430.0,64,43.0,1.0,note_on,0
2425,1430.0,64,43.0,1.0,note_off,480
2426,1431.0,64,38.0,1.0,note_on,0
2427,1431.0,64,38.0,1.0,note_off,480
2428,1432.0,64,38.2,1.0,note_on,0
2429,1432.0,64,38.2,1.0,note_off,480
2430,1433.0,64,38.6,1.0,note_on,0
2431,1433.0,64,38.6,1.0,note_off,480
2432,1434.0,64,36.5,1.0,note_on,0
2433,1434.0,64,36.5,1.0,note_off,480
2434,1435.0,64,35.8,1.0,note_on,0
2435,1435.0,64,35.8,1.0,note_off,480
2436,1436.0,64,36.2,1.0,note_on,0
2437,1436.0,64,36.2,1.0,note_off,480
2438,1437.0,64,41.3,1.0,note_on,0
2439,1437.0,64,41.3,1.0,note_off,480
2440,1438.0,64,41.0,1.0,note_on,0
2441,1438.0,64,41.0,1.0,note_off,480
2442,1440.0,64,40.0,1.0,note_on,0
2443,1440.0,64,40.0,1.0,note_off,480
2444,1441.0,64,41.0,2.0,note_on,0
2445,1441.0,64,41.0,2.0,note_off,960
2446,1443.0,64,38.2,1.0,note_on,0
2447,1443.0,64,38.2,1.0,note_off,480
2448,1444.0,64,38.6,1.0,note_on,0
2449,1444.0,64,38.6,1.0,note_off,480
2450,1446.0,64,40.6,1.0,note_on,0
2451,1446.0,64,40.6,1.0,note_off,480
2452,1448.0,64,36.8,1.0,note_on,0
2453,1448.0,64,36.8,1.0,note_off,480
2454,1450.0,64,32.5,1.0,note_on,0
2455,1450.0,64,32.5,1.0,note_off,480
2456,1451.0,64,35.8,1.0,note_on,0
2457,1451.0,64,35.8,1.0,note_off,480
2458,1452.0,64,34.0,1.0,note_on,0
2459,1452.0,64,34.0,1.0,note_off,480
2460,1453.0,64,36.5,1.0,note_on,0
2461,1453.0,64,36.5,1.0,note_off,480
2462,1454.0,64,36.2,1.0,note_on,0
2463,1454.0,64,36.2,1.0,note_off,480
2464,1455.0,64,38.2,1.0,note_on,0
2465,1455.0,64,38.2,1.0,note_off,480
2466,1456.0,64,36.2,1.0,note_on,0
2467,1456.0,64,36.2,1.0,note_off,480
2468,1457.0,64,33.0,1.0,note_on,0
2469,1457.0,64,33.0,1.0,note_off,480
2470,1459.0,64,33.4,1.0,note_on,0
2471,1459.0,64,33.4,1.0,note_off,480
2472,1460.0,64,31.0,1.0,note_on,0
2473,1460.0,64,31.0,1.0,note_off,480
2474,1462.0,64,31.0,1.0,note_on,0
2475,1462.0,64,31.0,1.0,note_off,480
2476,1463.0,64,35.6,1.0,note_on,0
2477,1463.0,64,35.6,1.0,note_off,480
2478,1464.0,64,34.0,1.0,note_on,0
2479,1464.0,64,34.0,1.0,note_off,480
2480,1465.0,64,33.8,1.0,note_on,0
2481,1465.0,64,33.8,1.0,note_off,480
2482,1466.0,64,31.7,1.0,note_on,0
2483,1466.0,64,31.7,1.0,note_off,480
2484,1467.0,64,31.0,1.0,note_on,0
2485,1467.0,64,31.0,1.0,note_off,480
2486,1468.0,64,31.4,1.0,note_on,0
2487,1468.0,64,31.4,1.0,note_off,480
2488,1469.0,64,31.7,1.0,note_on,0
2489,1469.0,64,31.7,1.0,note_off,480
2490,1470.0,64,31.0,1.0,note_on,0
2491,1470.0,64,31.0,1.0,note_off,480
2492,1471.0,64,38.0,2.0,note_on,0
2493,1471.0,64,38.0,2.0,note_off,960
2494,1473.0,64,38.6,1.0,note_on,0
2495,1473.0,64,38.6,1.0,note_off,480
2496,1474.0,64,33.0,1.0,note_on,0
2497,1474.0,64,33.0,1.0,note_off,480
2498,1475.0,64,40.6,1.0,note_on,0
2499,1475.0,64,40.6,1.0,note_off,480
2500,1476.0,64,44.0,1.0,note_on,0
2501,1476.0,64,44.0,1.0,note_off,480
2502,1477.0,64,41.3,1.0,note_on,0
2503,1477.0,64,41.3,1.0,note_off,480
2504,1478.0,64,41.0,1.0,note_on,0
2505,1478.0,64,41.0,1.0,note_off,480
2506,1480.0,64,43.0,1.0,note_on,0
2507,1480.0,64,43.0,1.0,note_off,480
2508,1481.0,64,48.5,1.0,note_on,0
2509,1481.0,64,48.5,1.0,note_off,480
2510,1483.0,64,43.0,2.0,note_on,0
2511,1483.0,64,43.0,2.0,note_off,960
2512,1485.0,64,45.0,1.0,note_on,0
2513,1485.0,64,45.0,1.0,note_off,480
2514,1486.0,64,46.0,1.0,note_on,0
2515,1486.0,64,46.0,1.0,note_off,480
2516,1488.0,64,47.9,1.0,note_on,0
2517,1488.0,64,47.9,1.0,note_off,480
2518,1490.0,64,47.5,1.0,note_on,0
2519,1490.0,64,47.5,1.0,note_off,480
2520,1491.0,64,52.6,1.0,note_on,0
2521,1491.0,64,52.6,1.0,note_off,480
2522,1492.0,64,53.6,1.0,note_on,0
2523,1492.0,64,53.6,1.0,note_off,480
2524,1493.0,64,48.2,1.0,note_on,0
2525,1493.0,64,48.2,1.0,note_off,480
2526,1494.0,64,47.9,1.0,note_on,0
2527,1494.0,64,47.9,1.0,note_off,480
2528,1495.0,64,52.6,2.0,note_on,0
2529,1495.0,64,52.6,2.0,note_off,960
2530,1497.0,64,57.0,1.0,note_on,0
2531,1497.0,64,57.0,1.0,note_off,480
2532,1498.0,64,62.9,1.0,note_on,0
2533,1498.0,64,62.9,1.0,note_off,480
2534,1499.0,64,62.2,1.0,note_on,0
2535,1499.0,64,62.2,1.0,note_off,480
2536,1500.0,64,59.8,1.0,note_on,0
2537,1500.0,64,59.8,1.0,note_off,480
2538,1502.0,64,62.0,1.0,note_on,0
2539,1502.0,64,62.0,1.0,note_off,480
2540,1503.0,64,55.4,1.0,note_on,0
2541,1503.0,64,55.4,1.0,note_off,480
2542,1504.0,64,59.6,1.0,note_on,0
2543,1504.0,64,59.6,1.0,note_off,480
2544,1505.0,64,61.0,1.0,note_on,0
2545,1505.0,64,61.0,1.0,note_off,480
2546,1506.0,64,62.6,1.0,note_on,0
2547,1506.0,64,62.6,1.0,note_off,480
2548,1507.0,64,59.8,1.0,note_on,0
2549,1507.0,64,59.8,1.0,note_off,480
2550,1508.0,64,58.4,1.0,note_on,0
2551,1508.0,64,58.4,1.0,note_off,480
2552,1509.0,64,55.4,1.0,note_on,0
2553,1509.0,64,55.4,1.0,note_off,480
2554,1510.0,64,55.1,1.0,note_on,0
2555,1510.0,64,55.1,1.0,note_off,480
2556,1511.0,64,53.0,1.0,note_on,0
2557,1511.0,64,53.0,1.0,note_off,480
2558,1512.0,64,58.4,1.0,note_on,0
2559,1512.0,64,58.4,1.0,note_off,480
2560,1513.0,64,62.9,1.0,note_on,0
2561,1513.0,64,62.9,1.0,note_off,480
2562,1514.0,64,60.5,1.0,note_on,0
2563,1514.0,64,60.5,1.0,note_off,480
2564,1515.0,64,57.4,1.0,note_on,0
2565,1515.0,64,57.4,1.0,note_off,480
2566,1516.0,64,60.2,1.0,note_on,0
2567,1516.0,64,60.2,1.0,note_off,480
2568,1517.0,64,53.0,1.0,note_on,0
2569,1517.0,64,53.0,1.0,note_off,480
2570,1518.0,64,52.7,1.0,note_on,0
2571,1518.0,64,52.7,1.0,note_off,480
2572,1520.0,64,51.2,1.0,note_on,0
2573,1520.0,64,51.2,1.0,note_off,480
2574,1521.0,64,53.0,1.0,note_on,0
2575,1521.0,64,53.0,1.0,note_off,480
2576,1522.0,64,48.5,1.0,note_on,0
2577,1522.0,64,48.5,1.0,note_off,480
2578,1523.0,64,52.6,1.0,note_on,0
2579,1523.0,64,52.6,1.0,note_off,480
2580,1524.0,64,48.8,1.0,note_on,0
2581,1524.0,64,48.8,1.0,note_off,480
2582,1525.0,64,47.5,1.0,note_on,0
2583,1525.0,64,47.5,1.0,note_off,480
2584,1526.0,64,46.0,1.0,note_on,0
2585,1526.0,64,46.0,1.0,note_off,480
2586,1528.0,64,47.9,1.0,note_on,0
2587,1528.0,64,47.9,1.0,note_off,480
2588,1530.0,64,53.0,1.0,note_on,0
2589,1530.0,64,53.0,1.0,note_off,480
2590,1531.0,64,50.2,1.0,note_on,0
2591,1531.0,64,50.2,1.0,note_off,480
2592,1532.0,64,51.2,1.0,note_on,0
2593,1532.0,64,51.2,1.0,note_off,480
2594,1533.0,64,48.2,1.0,note_on,0
2595,1533.0,64,48.2,1.0,note_off,480
2596,1534.0,64,48.5,1.0,note_on,0
2597,1534.0,64,48.5,1.0,note_off,480
2598,1535.0,64,43.0,1.0,note_on,0
2599,1535.0,64,43.0,1.0,note_off,480
2600,1536.0,64,44.0,1.0,note_on,0
2601,1536.0,64,44.0,1.0,note_off,480
2602,1537.0,64,45.0,1.0,note_on,0
2603,1537.0,64,45.0,1.0,note_off,480
2604,1539.0,64,47.8,1.0,note_on,0
2605,1539.0,64,47.8,1.0,note_off,480
2606,1540.0,64,47.9,1.0,note_on,0
2607,1540.0,64,47.9,1.0,note_off,480
2608,1542.0,64,47.8,1.0,note_on,0
2609,1542.0,64,47.8,1.0,note_off,480
2610,1543.0,64,46.1,1.0,note_on,0
2611,1543.0,64,46.1,1.0,note_off,480
2612,1544.0,64,50.0,1.0,note_on,0
2613,1544.0,64,50.0,1.0,note_off,480
2614,1545.0,64,47.5,1.0,note_on,0
2615,1545.0,64,47.5,1.0,note_off,480
2616,1546.0,64,53.3,1.0,note_on,0
2617,1546.0,64,53.3,1.0,note_off,480
2618,1547.0,64,57.4,1.0,note_on,0
2619,1547.0,64,57.4,1.0,note_off,480
2620,1548.0,64,56.0,1.0,note_on,0
2621,1548.0,64,56.0,1.0,note_off,480
2622,1549.0,64,53.0,1.0,note_on,0
2623,1549.0,64,53.0,1.0,note_off,480
2624,1550.0,64,57.4,1.0,note_on,0
2625,1550.0,64,57.4,1.0,note_off,480
2626,1551.0,64,60.5,1.0,note_on,0
2627,1551.0,64,60.5,1.0,note_off,480
2628,1552.0,64,60.8,1.0,note_on,0
2629,1552.0,64,60.8,1.0,note_off,480
2630,1553.0,64,62.6,1.0,note_on,0
2631,1553.0,64,62.6,1.0,note_off,480
2632,1554.0,64,57.0,1.0,note_on,0
2633,1554.0,64,57.0,1.0,note_off,480
2634,1555.0,64,55.0,1.0,note_on,0
2635,1555.0,64,55.0,1.0,note_off,480
2636,1556.0,64,55.1,1.0,note_on,0
2637,1556.0,64,55.1,1.0,note_off,480
2638,1557.0,64,55.4,1.0,note_on,0
2639,1557.0,64,55.4,1.0,note_off,480
2640,1558.0,64,55.7,1.0,note_on,0
2641,1558.0,64,55.7,1.0,note_off,480
2642,1560.0,64,55.0,1.0,note_on,0
2643,1560.0,64,55.0,1.0,note_off,480
2644,1561.0,64,50.6,1.0,note_on,0
2645,1561.0,64,50.6,1.0,note_off,480
2646,1563.0,64,50.2,1.0,note_on,0
2647,1563.0,64,50.2,1.0,note_off,480
2648,1564.0,64,50.6,1.0,note_on,0
2649,1564.0,64,50.6,1.0,note_off,480
2650,1565.0,64,50.9,1.0,note_on,0
2651,1565.0,64,50.9,1.0,note_off,480
2652,1566.0,64,46.0,1.0,note_on,0
2653,1566.0,64,46.0,1.0,note_off,480
2654,1568.0,64,46.4,1.0,note_on,0
2655,1568.0,64,46.4,1.0,note_off,480
2656,1570.0,64,48.5,1.0,note_on,0
2657,1570.0,64,48.5,1.0,note_off,480
2658,1571.0,64,52.6,1.0,note_on,0
2659,1571.0,64,52.6,1.0,note_off,480
2660,1572.0,64,53.6,1.0,note_on,0
2661,1572.0,64,53.6,1.0,note_off,480
2662,1573.0,64,48.2,1.0,note_on,0
2663,1573.0,64,48.2,1.0,note_off,480
2664,1574.0,64,48.5,1.0,note_on,0
2665,1574.0,64,48.5,1.0,note_off,480
2666,1575.0,64,45.4,1.0,note_on,0
2667,1575.0,64,45.4,1.0,note_off,480
2668,1576.0,64,47.6,1.0,note_on,0
2669,1576.0,64,47.6,1.0,note_off,480
2670,1577.0,64,45.0,1.0,note_on,0
2671,1577.0,64,45.0,1.0,note_off,480
2672,1578.0,64,48.5,1.0,note_on,0
2673,1578.0,64,48.5,1.0,note_off,480
2674,1579.0,64,43.0,1.0,note_on,0
2675,1579.0,64,43.0,1.0,note_off,480
2676,1580.0,64,47.8,1.0,note_on,0
2677,1580.0,64,47.8,1.0,note_off,480
2678,1582.0,64,50.9,1.0,note_on,0
2679,1582.0,64,50.9,1.0,note_off,480
2680,1583.0,64,45.5,1.0,note_on,0
2681,1583.0,64,45.5,1.0,note_off,480
2682,1584.0,64,46.4,1.0,note_on,0
2683,1584.0,64,46.4,1.0,note_off,480
2684,1585.0,64,44.5,1.0,note_on,0
2685,1585.0,64,44.5,1.0,note_off,480
2686,1586.0,64,38.9,1.0,note_on,0
2687,1586.0,64,38.9,1.0,note_off,480
2688,1587.0,64,33.4,1.0,note_on,0
2689,1587.0,64,33.4,1.0,note_off,480
2690,1588.0,64,33.5,1.0,note_on,0
2691,1588.0,64,33.5,1.0,note_off,480
2692,1589.0,64,29.0,1.0,note_on,0
2693,1589.0,64,29.0,1.0,note_off,480
2694,1590.0,64,38.3,1.0,note_on,0
2695,1590.0,64,38.3,1.0,note_off,480
2696,1591.0,64,43.1,1.0,note_on,0
2697,1591.0,64,43.1,1.0,note_off,480
2698,1592.0,64,45.8,1.0,note_on,0
2699,1592.0,64,45.8,1.0,note_off,480
2700,1593.0,64,41.0,1.0,note_on,0
2701,1593.0,64,41.0,1.0,note_off,480
2702,1594.0,64,46.1,1.0,note_on,0
2703,1594.0,64,46.1,1.0,note_off,480
2704,1595.0,64,47.8,1.0,note_on,0
2705,1595.0,64,47.8,1.0,note_off,480
2706,1596.0,64,46.4,1.0,note_on,0
2707,1596.0,64,46.4,1.0,note_off,480
2708,1597.0,64,43.4,1.0,note_on,0
2709,1597.0,64,43.4,1.0,note_off,480
2710,1598.0,64,43.7,1.0,note_on,0
2711,1598.0,64,43.7,1.0,note_off,480
