Offset,MIDI
0.0,45
1.0,45
2.0,45
3.0,45
4.0,45
5.0,45
6.0,45
8.0,46
8.0,45
10.0,45
10.0,46
11.0,46
12.0,45
12.0,46
13.0,45
14.0,46
15.0,45
16.0,45
16.0,47
16.0,46
17.0,45
19.0,47
20.0,47
20.0,46
20.0,45
22.0,47
22.0,46
23.0,45
24.0,46
24.0,45
25.0,47
26.0,45
27.0,48
28.0,46
28.0,48
29.0,45
30.0,45
31.0,46
32.0,46
32.0,47
32.0,45
33.0,47
34.0,45
35.0,49
36.0,49
37.0,46
38.0,47
40.0,45
40.0,46
40.0,47
41.0,45
43.0,45
44.0,45
44.0,47
44.0,46
46.0,45
48.0,46
48.0,45
50.0,46
50.0,47
51.0,46
52.0,46
52.0,45
53.0,45
54.0,46
54.0,48
55.0,46
56.0,46
56.0,48
56.0,47
57.0,45
58.0,45
59.0,47
60.0,45
60.0,46
60.0,47
62.0,46
62.0,47
63.0,45
64.0,46
64.0,47
65.0,47
65.0,45
66.0,47
67.0,48
68.0,48
68.0,45
69.0,45
70.0,46
70.0,49
71.0,46
72.0,49
73.0,47
74.0,46
75.0,49
76.0,47
76.0,49
77.0,46
78.0,47
80.0,45
80.0,46
80.0,47
81.0,45
82.0,45
83.0,45
84.0,45
85.0,45
86.0,45
88.0,46
88.0,47
88.0,45
90.0,46
91.0,46
92.0,46
92.0,45
93.0,45
94.0,46
95.0,47
96.0,47
96.0,46
97.0,45
99.0,47
100.0,47
100.0,46
102.0,47
102.0,46
103.0,45
104.0,45
104.0,46
105.0,47
106.0,45
107.0,48
108.0,48
108.0,46
109.0,45
110.0,46
110.0,47
111.0,46
112.0,48
112.0,46
112.0,47
113.0,47
114.0,45
115.0,49
115.0,45
116.0,49
116.0,45
117.0,46
118.0,47
120.0,45
120.0,47
120.0,46
121.0,45
123.0,45
124.0,46
124.0,45
124.0,47
125.0,47
126.0,45
128.0,46
128.0,47
130.0,45
130.0,47
130.0,46
131.0,46
132.0,47
132.0,46
133.0,45
134.0,46
134.0,48
135.0,48
136.0,48
136.0,47
136.0,45
137.0,45
138.0,45
139.0,47
140.0,46
140.0,47
140.0,48
140.0,49
142.0,47
142.0,46
143.0,45
144.0,49
145.0,45
145.0,47
146.0,47
147.0,48
148.0,46
148.0,48
149.0,45
150.0,49
151.0,46
152.0,49
152.0,47
153.0,47
154.0,46
155.0,49
155.0,46
156.0,47
156.0,49
157.0,46
158.0,47
160.0,45
160.0,46
160.0,47
161.0,45
162.0,45
163.0,45
164.0,45
165.0,47
166.0,45
168.0,46
168.0,45
170.0,45
170.0,46
171.0,46
172.0,45
172.0,46
173.0,45
174.0,46
175.0,49
176.0,46
176.0,47
176.0,45
177.0,45
179.0,47
180.0,46
180.0,49
180.0,47
182.0,47
182.0,46
183.0,45
184.0,45
184.0,46
185.0,46
185.0,47
186.0,45
187.0,48
188.0,48
188.0,46
189.0,45
190.0,47
191.0,46
192.0,47
192.0,46
193.0,47
194.0,45
195.0,49
196.0,49
197.0,46
198.0,47
200.0,47
200.0,46
200.0,45
201.0,45
203.0,45
204.0,47
204.0,45
204.0,46
205.0,45
206.0,45
208.0,46
210.0,47
210.0,46
211.0,46
212.0,45
212.0,46
213.0,45
214.0,48
214.0,46
215.0,45
216.0,47
216.0,48
216.0,46
217.0,45
218.0,45
219.0,47
220.0,46
220.0,47
220.0,45
222.0,47
222.0,46
223.0,45
224.0,48
224.0,47
225.0,47
226.0,47
227.0,48
228.0,45
228.0,48
229.0,45
230.0,45
230.0,49
231.0,46
232.0,49
232.0,45
233.0,47
234.0,46
235.0,49
236.0,47
236.0,49
237.0,46
238.0,47
240.0,47
240.0,46
240.0,45
241.0,45
242.0,45
243.0,45
244.0,45
246.0,45
248.0,45
248.0,46
248.0,47
250.0,47
250.0,46
251.0,46
252.0,45
252.0,46
253.0,45
254.0,46
255.0,46
256.0,47
256.0,46
257.0,45
259.0,47
260.0,47
260.0,46
260.0,45
262.0,46
262.0,47
263.0,45
264.0,47
264.0,46
265.0,45
265.0,47
266.0,45
267.0,48
268.0,48
268.0,46
269.0,45
270.0,48
270.0,46
271.0,46
272.0,48
272.0,47
273.0,47
274.0,45
275.0,49
276.0,49
276.0,45
277.0,46
278.0,47
280.0,45
280.0,46
280.0,48
280.0,49
280.0,47
281.0,45
283.0,45
284.0,46
284.0,47
284.0,45
285.0,45
286.0,45
288.0,49
288.0,46
290.0,45
290.0,46
290.0,47
291.0,46
292.0,47
292.0,46
293.0,45
294.0,46
294.0,48
295.0,47
296.0,46
296.0,48
296.0,47
297.0,45
298.0,45
299.0,47
300.0,47
300.0,49
302.0,47
302.0,46
303.0,45
304.0,47
304.0,49
305.0,47
306.0,47
307.0,48
308.0,46
308.0,48
309.0,45
310.0,46
310.0,47
310.0,49
311.0,46
312.0,47
312.0,49
313.0,47
314.0,46
315.0,49
315.0,45
316.0,47
316.0,49
317.0,46
318.0,47
320.0,46
320.0,45
320.0,47
321.0,45
322.0,45
323.0,45
324.0,45
325.0,47
326.0,45
328.0,46
328.0,45
330.0,46
330.0,47
331.0,46
332.0,46
332.0,45
333.0,45
334.0,46
335.0,48
336.0,45
336.0,46
336.0,47
337.0,45
339.0,47
340.0,45
340.0,48
340.0,46
340.0,47
342.0,46
342.0,47
343.0,45
344.0,45
344.0,46
345.0,47
345.0,45
346.0,45
347.0,48
348.0,46
348.0,48
349.0,45
350.0,49
351.0,46
352.0,45
352.0,46
352.0,47
353.0,47
354.0,45
355.0,46
355.0,49
356.0,49
357.0,46
358.0,47
360.0,45
360.0,46
360.0,49
360.0,47
361.0,45
363.0,45
364.0,46
364.0,45
364.0,47
365.0,47
366.0,45
368.0,46
368.0,45
370.0,46
370.0,47
371.0,46
372.0,45
372.0,46
373.0,45
374.0,46
374.0,48
375.0,49
376.0,48
376.0,47
376.0,46
377.0,45
378.0,45
379.0,47
380.0,47
380.0,49
382.0,46
382.0,47
383.0,45
384.0,47
384.0,46
385.0,47
385.0,46
386.0,47
387.0,48
388.0,48
388.0,45
389.0,45
390.0,49
390.0,47
391.0,46
392.0,49
393.0,47
394.0,46
395.0,49
396.0,49
396.0,47
397.0,46
398.0,47
400.0,47
400.0,45
400.0,46
401.0,45
402.0,45
403.0,45
404.0,45
405.0,45
406.0,45
408.0,45
408.0,47
408.0,46
410.0,46
410.0,45
411.0,46
412.0,45
412.0,46
413.0,45
414.0,46
415.0,45
416.0,46
416.0,47
417.0,45
419.0,47
420.0,45
420.0,47
420.0,46
422.0,47
422.0,46
423.0,45
424.0,45
424.0,46
425.0,47
426.0,45
427.0,48
428.0,48
428.0,46
429.0,45
430.0,45
431.0,46
432.0,47
432.0,48
432.0,46
433.0,47
434.0,45
435.0,49
436.0,45
436.0,49
437.0,46
438.0,47
440.0,46
440.0,47
440.0,45
441.0,45
443.0,45
444.0,46
444.0,47
444.0,45
446.0,45
448.0,47
448.0,46
450.0,47
450.0,46
451.0,46
452.0,46
452.0,47
453.0,45
454.0,48
454.0,46
455.0,46
456.0,48
456.0,45
456.0,47
457.0,45
458.0,45
459.0,47
460.0,46
460.0,45
460.0,49
460.0,47
462.0,46
462.0,47
463.0,45
464.0,49
465.0,45
465.0,47
466.0,47
467.0,48
468.0,48
468.0,46
469.0,45
470.0,49
470.0,46
471.0,46
472.0,47
472.0,49
473.0,47
474.0,46
475.0,49
476.0,49
476.0,47
477.0,46
478.0,47
480.0,46
480.0,45
480.0,47
481.0,45
482.0,45
483.0,45
484.0,45
485.0,45
486.0,45
488.0,45
488.0,46
490.0,46
491.0,46
492.0,45
492.0,46
493.0,45
494.0,46
495.0,47
496.0,45
496.0,46
496.0,47
497.0,45
499.0,47
500.0,47
500.0,46
502.0,46
502.0,47
503.0,45
504.0,45
504.0,46
505.0,47
506.0,45
507.0,48
508.0,48
508.0,46
509.0,45
510.0,47
510.0,46
511.0,46
512.0,46
512.0,47
513.0,47
514.0,45
515.0,45
515.0,49
516.0,49
517.0,46
518.0,47
520.0,46
520.0,45
520.0,47
521.0,45
523.0,45
524.0,47
524.0,46
524.0,45
525.0,47
526.0,45
528.0,46
530.0,46
530.0,47
530.0,45
531.0,46
532.0,45
532.0,46
533.0,45
534.0,46
534.0,48
535.0,48
536.0,46
536.0,48
536.0,47
537.0,45
538.0,45
539.0,47
540.0,47
540.0,46
540.0,48
542.0,46
542.0,47
543.0,45
544.0,48
544.0,47
545.0,47
545.0,45
546.0,47
547.0,48
548.0,45
548.0,48
549.0,45
550.0,49
551.0,46
552.0,45
552.0,49
553.0,47
554.0,46
555.0,49
555.0,46
556.0,47
556.0,49
557.0,46
558.0,47
560.0,45
560.0,47
560.0,48
560.0,46
561.0,45
562.0,45
563.0,45
564.0,45
565.0,47
566.0,45
568.0,46
568.0,45
568.0,47
570.0,45
570.0,46
571.0,46
572.0,45
572.0,46
573.0,45
574.0,46
575.0,49
576.0,47
576.0,46
577.0,45
579.0,47
580.0,46
580.0,47
580.0,45
580.0,49
582.0,46
582.0,47
583.0,45
584.0,47
584.0,46
585.0,46
585.0,47
586.0,45
587.0,48
588.0,46
588.0,48
589.0,45
590.0,47
591.0,46
592.0,47
592.0,48
593.0,47
594.0,45
595.0,49
596.0,45
596.0,49
597.0,46
598.0,47
600.0,45
600.0,47
600.0,49
601.0,45
603.0,45
604.0,47
604.0,46
604.0,45
605.0,45
606.0,45
608.0,49
608.0,46
610.0,46
610.0,47
611.0,46
612.0,46
612.0,47
613.0,45
614.0,48
614.0,46
615.0,45
616.0,48
616.0,47
616.0,46
617.0,45
618.0,45
619.0,47
620.0,47
620.0,46
620.0,45
620.0,49
622.0,47
622.0,46
623.0,45
624.0,47
624.0,49
625.0,47
626.0,47
627.0,48
628.0,46
628.0,48
629.0,45
630.0,49
630.0,45
631.0,46
632.0,47
632.0,49
633.0,47
634.0,46
635.0,49
636.0,49
636.0,47
637.0,46
638.0,47
640.0,45
640.0,46
640.0,47
641.0,45
642.0,45
643.0,45
644.0,45
646.0,45
648.0,46
648.0,45
650.0,46
650.0,47
651.0,46
652.0,45
652.0,46
653.0,45
654.0,46
655.0,46
656.0,47
656.0,45
656.0,46
657.0,45
659.0,47
660.0,47
660.0,46
662.0,46
662.0,47
663.0,45
664.0,45
664.0,46
665.0,45
665.0,47
666.0,45
667.0,48
668.0,46
668.0,48
669.0,45
670.0,48
670.0,46
671.0,46
672.0,46
672.0,45
672.0,47
673.0,47
674.0,45
675.0,49
676.0,49
677.0,46
678.0,47
680.0,45
680.0,47
680.0,46
680.0,48
681.0,45
683.0,45
684.0,45
684.0,47
684.0,46
685.0,45
686.0,45
688.0,45
688.0,46
690.0,46
690.0,45
690.0,47
691.0,46
692.0,46
692.0,45
693.0,45
694.0,48
694.0,46
695.0,47
696.0,48
696.0,47
696.0,46
697.0,45
698.0,45
699.0,47
700.0,49
700.0,47
702.0,47
702.0,46
703.0,45
704.0,47
704.0,46
705.0,47
706.0,47
707.0,48
708.0,48
708.0,45
709.0,45
710.0,47
710.0,46
710.0,49
711.0,46
712.0,49
713.0,47
714.0,46
715.0,49
715.0,45
716.0,49
716.0,47
717.0,46
718.0,47
720.0,47
720.0,46
720.0,45
720.0,49
721.0,45
722.0,45
723.0,45
724.0,45
725.0,47
726.0,45
728.0,47
728.0,45
728.0,46
730.0,47
730.0,46
731.0,46
732.0,46
732.0,45
733.0,45
734.0,46
735.0,48
736.0,47
736.0,46
737.0,45
739.0,47
740.0,48
740.0,46
740.0,47
742.0,46
742.0,47
743.0,45
744.0,45
744.0,46
745.0,45
745.0,47
746.0,45
747.0,48
748.0,48
748.0,46
749.0,45
750.0,49
751.0,46
752.0,48
752.0,46
752.0,47
753.0,47
754.0,45
755.0,46
755.0,49
756.0,49
756.0,45
757.0,46
758.0,47
760.0,45
760.0,49
760.0,47
761.0,45
763.0,45
764.0,47
764.0,46
764.0,45
765.0,47
766.0,45
768.0,47
768.0,46
770.0,47
770.0,46
771.0,46
772.0,46
772.0,47
773.0,45
774.0,48
774.0,46
775.0,49
776.0,45
776.0,47
776.0,48
777.0,45
778.0,45
779.0,47
780.0,47
780.0,49
782.0,46
782.0,47
783.0,45
784.0,49
785.0,47
785.0,46
786.0,47
787.0,48
788.0,48
788.0,46
789.0,45
790.0,47
790.0,49
791.0,46
792.0,47
792.0,49
793.0,47
794.0,46
795.0,49
796.0,47
796.0,49
797.0,46
798.0,47
800.0,45
800.0,47
801.0,45
802.0,45
803.0,45
804.0,45
805.0,45
806.0,45
808.0,46
808.0,45
810.0,46
810.0,45
811.0,46
812.0,45
812.0,46
813.0,45
814.0,46
815.0,45
816.0,46
816.0,47
816.0,45
817.0,45
819.0,47
820.0,47
820.0,46
820.0,45
822.0,47
822.0,46
823.0,45
824.0,46
824.0,45
825.0,47
826.0,45
827.0,48
828.0,46
828.0,48
829.0,45
830.0,45
831.0,46
832.0,46
832.0,47
833.0,47
834.0,45
835.0,49
836.0,49
837.0,46
838.0,47
840.0,47
840.0,46
840.0,45
841.0,45
843.0,45
844.0,46
844.0,45
844.0,47
846.0,45
848.0,46
850.0,47
850.0,46
851.0,46
852.0,46
852.0,45
853.0,45
854.0,48
854.0,46
855.0,46
856.0,48
856.0,47
856.0,46
857.0,45
858.0,45
859.0,47
860.0,46
860.0,45
860.0,47
862.0,47
862.0,46
863.0,45
864.0,47
864.0,48
865.0,45
865.0,47
866.0,47
867.0,48
868.0,48
868.0,45
869.0,45
870.0,46
870.0,49
871.0,46
872.0,45
872.0,49
873.0,47
874.0,46
875.0,49
876.0,49
876.0,47
877.0,46
878.0,47
880.0,45
880.0,47
880.0,46
881.0,45
882.0,45
883.0,45
884.0,45
885.0,45
886.0,45
888.0,46
888.0,45
888.0,47
890.0,46
891.0,46
892.0,46
892.0,45
893.0,45
894.0,46
895.0,47
896.0,47
896.0,46
897.0,45
899.0,47
900.0,47
900.0,46
902.0,47
902.0,46
903.0,45
904.0,46
904.0,47
905.0,47
906.0,45
907.0,48
908.0,48
908.0,46
909.0,45
910.0,47
910.0,46
911.0,46
912.0,47
912.0,48
913.0,47
914.0,45
915.0,49
915.0,45
916.0,49
916.0,45
917.0,46
918.0,47
920.0,46
920.0,45
920.0,47
920.0,49
921.0,45
923.0,45
924.0,45
924.0,46
924.0,47
925.0,47
926.0,45
928.0,46
928.0,49
930.0,45
930.0,46
930.0,47
931.0,46
932.0,47
932.0,46
933.0,45
934.0,48
934.0,46
935.0,48
936.0,47
936.0,48
936.0,46
937.0,45
938.0,45
939.0,47
940.0,48
940.0,47
940.0,49
940.0,46
942.0,46
942.0,47
943.0,45
944.0,47
944.0,49
945.0,47
945.0,45
946.0,47
947.0,48
948.0,48
948.0,46
949.0,45
950.0,49
951.0,46
952.0,47
952.0,49
953.0,47
954.0,46
955.0,46
955.0,49
956.0,49
956.0,47
957.0,46
958.0,47
960.0,46
960.0,47
960.0,45
961.0,45
962.0,45
963.0,45
964.0,45
965.0,47
966.0,45
968.0,45
968.0,46
970.0,46
970.0,45
971.0,46
972.0,45
972.0,46
973.0,45
974.0,46
975.0,49
976.0,47
976.0,45
976.0,46
977.0,45
979.0,47
980.0,46
980.0,47
980.0,49
982.0,46
982.0,47
983.0,45
984.0,45
984.0,46
985.0,46
985.0,47
986.0,45
987.0,48
988.0,46
988.0,48
989.0,45
990.0,47
991.0,46
992.0,47
992.0,46
992.0,45
993.0,47
994.0,45
995.0,49
996.0,49
997.0,46
998.0,47
1000.0,45
1000.0,47
1000.0,46
1001.0,45
1003.0,45
1004.0,46
1004.0,45
1004.0,47
1005.0,45
1006.0,45
1008.0,46
1008.0,45
1010.0,47
1010.0,46
1011.0,46
1012.0,45
1012.0,46
1013.0,45
1014.0,46
1014.0,48
1015.0,45
1016.0,46
1016.0,48
1016.0,47
1017.0,45
1018.0,45
1019.0,47
1020.0,47
1020.0,46
1020.0,45
1022.0,46
1022.0,47
1023.0,45
1024.0,46
1024.0,47
1025.0,47
1026.0,47
1027.0,48
1028.0,48
1028.0,45
1029.0,45
1030.0,45
1030.0,49
1031.0,46
1032.0,49
1033.0,47
1034.0,46
1035.0,49
1036.0,49
1036.0,47
1037.0,46
1038.0,47
1040.0,47
1040.0,46
1040.0,45
1041.0,45
1042.0,45
1043.0,45
1044.0,45
1046.0,45
1048.0,45
1048.0,46
1048.0,47
1050.0,47
1050.0,46
1051.0,46
1052.0,46
1052.0,45
1053.0,45
1054.0,46
1055.0,46
1056.0,46
1056.0,47
1057.0,45
1059.0,47
1060.0,45
1060.0,47
1060.0,46
1062.0,46
1062.0,47
1063.0,45
1064.0,46
1064.0,45
1065.0,45
1065.0,47
1066.0,45
1067.0,48
1068.0,48
1068.0,46
1069.0,45
1070.0,46
1070.0,48
1071.0,46
1072.0,47
1072.0,46
1072.0,48
1073.0,47
1074.0,45
1075.0,49
1076.0,45
1076.0,49
1077.0,46
1078.0,47
1080.0,45
1080.0,46
1080.0,47
1080.0,48
1081.0,45
1083.0,45
1084.0,47
1084.0,45
1084.0,46
1085.0,45
1086.0,45
1088.0,47
1088.0,46
1090.0,45
1090.0,47
1090.0,46
1091.0,46
1092.0,46
1092.0,47
1093.0,45
1094.0,46
1094.0,48
1095.0,47
1096.0,45
1096.0,47
1096.0,48
1097.0,45
1098.0,45
1099.0,47
1100.0,49
1100.0,47
1102.0,47
1102.0,46
1103.0,45
1104.0,49
1105.0,47
1106.0,47
1107.0,48
1108.0,48
1108.0,46
1109.0,45
1110.0,49
1110.0,47
1110.0,46
1111.0,46
1112.0,49
1112.0,47
1113.0,47
1114.0,46
1115.0,49
1115.0,45
1116.0,47
1116.0,49
1117.0,46
1118.0,47
1120.0,45
1120.0,48
1120.0,47
1121.0,45
1122.0,45
1123.0,45
1124.0,45
1125.0,47
1126.0,45
1128.0,45
1128.0,46
1130.0,46
1130.0,47
1131.0,46
1132.0,45
1132.0,46
1133.0,45
1134.0,46
1135.0,48
1136.0,45
1136.0,46
1136.0,47
1137.0,45
1139.0,47
1140.0,46
1140.0,47
1140.0,45
1140.0,48
1142.0,46
1142.0,47
1143.0,45
1144.0,46
1144.0,45
1145.0,47
1145.0,45
1146.0,45
1147.0,48
1148.0,46
1148.0,48
1149.0,45
1150.0,49
1151.0,46
1152.0,47
1152.0,46
1153.0,47
1154.0,45
1155.0,46
1155.0,49
1156.0,49
1157.0,46
1158.0,47
1160.0,45
1160.0,46
1160.0,47
1160.0,49
1161.0,45
1163.0,45
1164.0,47
1164.0,46
1164.0,45
1165.0,47
1166.0,45
1168.0,46
1170.0,47
1170.0,46
1171.0,46
1172.0,46
1172.0,45
1173.0,45
1174.0,46
1174.0,48
1175.0,49
1176.0,47
1176.0,46
1176.0,48
1177.0,45
1178.0,45
1179.0,47
1180.0,47
1180.0,49
1182.0,46
1182.0,47
1183.0,45
1184.0,48
1184.0,47
1185.0,46
1185.0,47
1186.0,47
1187.0,48
1188.0,45
1188.0,48
1189.0,45
1190.0,47
1190.0,49
1191.0,46
1192.0,49
1192.0,45
1193.0,47
1194.0,46
1195.0,49
1196.0,49
1196.0,47
1197.0,46
1198.0,47
1200.0,47
1200.0,45
1201.0,45
1202.0,45
1203.0,45
1204.0,45
1205.0,45
1206.0,45
1208.0,47
1208.0,46
1208.0,45
1210.0,46
1210.0,45
1211.0,46
1212.0,45
1212.0,46
1213.0,45
1214.0,46
1215.0,45
1216.0,47
1216.0,46
1217.0,45
1219.0,47
1220.0,45
1220.0,47
1220.0,46
1222.0,47
1222.0,46
1223.0,45
1224.0,46
1224.0,47
1225.0,47
1226.0,45
1227.0,48
1228.0,46
1228.0,48
1229.0,45
1230.0,45
1231.0,46
1232.0,48
1232.0,47
1233.0,47
1234.0,45
1235.0,49
1236.0,45
1236.0,49
1237.0,46
1238.0,47
1240.0,47
1240.0,49
1240.0,45
1240.0,46
1241.0,45
1243.0,45
1244.0,47
1244.0,46
1244.0,45
1246.0,45
1248.0,46
1248.0,49
1250.0,46
1250.0,47
1251.0,46
1252.0,46
1252.0,47
1253.0,45
1254.0,46
1254.0,48
1255.0,46
1256.0,48
1256.0,47
1256.0,46
1257.0,45
1258.0,45
1259.0,47
1260.0,45
1260.0,46
1260.0,49
1260.0,47
1262.0,46
1262.0,47
1263.0,45
1264.0,49
1264.0,47
1265.0,45
1265.0,47
1266.0,47
1267.0,48
1268.0,48
1268.0,46
1269.0,45
1270.0,49
1270.0,46
1271.0,46
1272.0,47
1272.0,49
1273.0,47
1274.0,46
1275.0,49
1276.0,49
1276.0,47
1277.0,46
1278.0,47
1280.0,45
1280.0,46
1280.0,47
1281.0,45
1282.0,45
1283.0,45
1284.0,45
1285.0,45
1286.0,45
1288.0,45
1288.0,46
1290.0,46
1291.0,46
1292.0,45
1292.0,46
1293.0,45
1294.0,46
1295.0,47
1296.0,45
1296.0,47
1296.0,46
1297.0,45
1299.0,47
1300.0,46
1300.0,47
1302.0,46
1302.0,47
1303.0,45
1304.0,45
1304.0,46
1305.0,47
1306.0,45
1307.0,48
1308.0,46
1308.0,48
1309.0,45
1310.0,46
1310.0,47
1311.0,46
1312.0,45
1312.0,46
1312.0,47
1313.0,47
1314.0,45
1315.0,49
1315.0,45
1316.0,49
1317.0,46
1318.0,47
1320.0,47
1320.0,45
1320.0,46
1321.0,45
1323.0,45
1324.0,46
1324.0,47
1324.0,45
1325.0,47
1326.0,45
1328.0,45
1328.0,46
1330.0,46
1330.0,45
1330.0,47
1331.0,46
1332.0,46
1332.0,45
1333.0,45
1334.0,48
1334.0,46
1335.0,48
1336.0,46
1336.0,48
1336.0,47
1337.0,45
1338.0,45
1339.0,47
1340.0,48
1340.0,47
1340.0,46
1342.0,47
1342.0,46
1343.0,45
1344.0,47
1344.0,46
1345.0,47
1345.0,45
1346.0,47
1347.0,48
1348.0,45
1348.0,48
1349.0,45
1350.0,49
1351.0,46
1352.0,49
1353.0,47
1354.0,46
1355.0,49
1355.0,46
1356.0,47
1356.0,49
1357.0,46
1358.0,47
1360.0,47
1360.0,45
1360.0,48
1360.0,46
1361.0,45
1362.0,45
1363.0,45
1364.0,45
1365.0,47
1366.0,45
1368.0,46
1368.0,45
1368.0,47
1370.0,45
1370.0,46
1371.0,46
1372.0,46
1372.0,45
1373.0,45
1374.0,46
1375.0,49
1376.0,47
1376.0,46
1377.0,45
1379.0,47
1380.0,47
1380.0,45
1380.0,49
1380.0,46
1382.0,47
1382.0,46
1383.0,45
1384.0,45
1384.0,46
1385.0,47
1385.0,46
1386.0,45
1387.0,48
1388.0,46
1388.0,48
1389.0,45
1390.0,47
1391.0,46
1392.0,47
1392.0,46
1392.0,48
1393.0,47
1394.0,45
1395.0,49
1396.0,45
1396.0,49
1397.0,46
1398.0,47
1400.0,45
1400.0,49
1400.0,47
1401.0,45
1403.0,45
1404.0,46
1404.0,47
1404.0,45
1405.0,45
1406.0,45
1408.0,47
1408.0,46
1410.0,47
1410.0,46
1411.0,46
1412.0,47
1412.0,46
1413.0,45
1414.0,46
1414.0,48
1415.0,45
1416.0,47
1416.0,45
1416.0,48
1417.0,45
1418.0,45
1419.0,47
1420.0,46
1420.0,47
1420.0,49
1420.0,45
1422.0,47
1422.0,46
1423.0,45
1424.0,49
1425.0,47
1426.0,47
1427.0,48
1428.0,48
1428.0,46
1429.0,45
1430.0,49
1430.0,45
1431.0,46
1432.0,49
1432.0,47
1433.0,47
1434.0,46
1435.0,49
1436.0,49
1436.0,47
1437.0,46
1438.0,47
1440.0,47
1440.0,45
1440.0,46
1440.0,49
1441.0,45
1442.0,45
1443.0,45
1444.0,45
1446.0,45
1448.0,45
1448.0,46
1450.0,46
1450.0,47
1451.0,46
1452.0,46
1452.0,45
1453.0,45
1454.0,46
1455.0,46
1456.0,45
1456.0,47
1456.0,46
1457.0,45
1459.0,47
1460.0,47
1460.0,46
1462.0,46
1462.0,47
1463.0,45
1464.0,46
1464.0,45
1465.0,47
1465.0,45
1466.0,45
1467.0,48
1468.0,48
1468.0,46
1469.0,45
1470.0,46
1470.0,48
1471.0,46
1472.0,47
1472.0,46
1473.0,47
1474.0,45
1475.0,49
1476.0,49
1477.0,46
1478.0,47
1480.0,45
1480.0,46
1480.0,47
1480.0,48
1481.0,45
1483.0,45
1484.0,46
1484.0,45
1484.0,47
1485.0,45
1486.0,45
1488.0,46
1490.0,47
1490.0,46
1490.0,45
1491.0,46
1492.0,45
1492.0,46
1493.0,45
1494.0,46
1494.0,48
1495.0,47
1496.0,47
1496.0,48
1496.0,46
1497.0,45
1498.0,45
1499.0,47
1500.0,49
1500.0,47
1502.0,47
1502.0,46
1503.0,45
1504.0,47
1504.0,48
1505.0,47
1506.0,47
1507.0,48
1508.0,45
1508.0,48
1509.0,45
1510.0,47
1510.0,46
1510.0,49
1511.0,46
1512.0,45
1512.0,49
1513.0,47
1514.0,46
1515.0,45
1515.0,49
1516.0,47
1516.0,49
1517.0,46
1518.0,47
1520.0,45
1520.0,49
1520.0,47
1521.0,45
1522.0,45
1523.0,45
1524.0,45
1525.0,47
1526.0,45
1528.0,46
1528.0,45
1528.0,47
1530.0,46
1530.0,47
1531.0,46
1532.0,46
1532.0,45
1533.0,45
1534.0,46
1535.0,48
1536.0,46
1536.0,47
1537.0,45
1539.0,47
1540.0,46
1540.0,47
1540.0,48
1542.0,46
1542.0,47
1543.0,45
1544.0,47
1544.0,46
1545.0,45
1545.0,47
1546.0,45
1547.0,48
1548.0,46
1548.0,48
1549.0,45
1550.0,49
1551.0,46
1552.0,47
1552.0,48
1553.0,47
1554.0,45
1555.0,49
1555.0,46
1556.0,49
1556.0,45
1557.0,46
1558.0,47
1560.0,49
1560.0,47
1560.0,45
1561.0,45
1563.0,45
1564.0,45
1564.0,47
1564.0,46
1565.0,47
1566.0,45
1568.0,46
1568.0,49
1570.0,46
1570.0,47
1571.0,46
1572.0,46
1572.0,47
1573.0,45
1574.0,48
1574.0,46
1575.0,49
1576.0,46
1576.0,47
1576.0,48
1577.0,45
1578.0,45
1579.0,47
1580.0,49
1580.0,47
1582.0,46
1582.0,47
1583.0,45
1584.0,47
1584.0,49
1585.0,46
1585.0,47
1586.0,47
1587.0,48
1588.0,46
1588.0,48
1589.0,45
1590.0,47
1590.0,49
1591.0,46
1592.0,49
1592.0,47
1593.0,47
1594.0,46
1595.0,49
1596.0,49
1596.0,47
1597.0,46
1598.0,47
1600.0,46
1601.0,46
1602.0,46
1603.0,46
1604.0,46
1605.0,46
1606.0,46
1608.0,47
1608.0,46
1610.0,46
1610.0,47
1611.0,47
1612.0,46
1612.0,47
1613.0,46
1614.0,47
1615.0,46
1616.0,46
1616.0,48
1616.0,47
1617.0,46
1619.0,48
1620.0,48
1620.0,47
1620.0,46
1622.0,48
1622.0,47
1623.0,46
1624.0,47
1624.0,46
1625.0,48
1626.0,46
1627.0,49
1628.0,47
1628.0,49
1629.0,46
1630.0,46
1631.0,47
1632.0,47
1632.0,48
1632.0,46
1633.0,48
1634.0,46
1635.0,50
1636.0,50
1637.0,47
1638.0,48
1640.0,46
1640.0,47
1640.0,48
1641.0,46
1643.0,46
1644.0,46
1644.0,48
1644.0,47
1646.0,46
1648.0,47
1648.0,46
1650.0,47
1650.0,48
1651.0,47
1652.0,47
1652.0,46
1653.0,46
1654.0,47
1654.0,49
1655.0,47
1656.0,47
1656.0,49
1656.0,48
1657.0,46
1658.0,46
1659.0,48
1660.0,46
1660.0,47
1660.0,48
1662.0,47
1662.0,48
1663.0,46
1664.0,47
1664.0,48
1665.0,48
1665.0,46
1666.0,48
1667.0,49
1668.0,49
1668.0,46
1669.0,46
1670.0,47
1670.0,50
1671.0,47
1672.0,50
1673.0,48
1674.0,47
1675.0,50
1676.0,48
1676.0,50
1677.0,47
1678.0,48
1680.0,46
1680.0,47
1680.0,48
1681.0,46
1682.0,46
1683.0,46
1684.0,46
1685.0,46
1686.0,46
1688.0,47
1688.0,48
1688.0,46
1690.0,47
1691.0,47
1692.0,47
1692.0,46
1693.0,46
1694.0,47
1695.0,48
1696.0,48
1696.0,47
1697.0,46
1699.0,48
1700.0,48
1700.0,47
1702.0,48
1702.0,47
1703.0,46
1704.0,46
1704.0,47
1705.0,48
1706.0,46
1707.0,49
1708.0,49
1708.0,47
1709.0,46
1710.0,47
1710.0,48
1711.0,47
1712.0,49
1712.0,47
1712.0,48
1713.0,48
1714.0,46
1715.0,50
1715.0,46
1716.0,50
1716.0,46
1717.0,47
1718.0,48
1720.0,46
1720.0,48
1720.0,47
1721.0,46
1723.0,46
1724.0,47
1724.0,46
1724.0,48
1725.0,48
1726.0,46
1728.0,47
1728.0,48
1730.0,46
1730.0,48
1730.0,47
1731.0,47
1732.0,48
1732.0,47
1733.0,46
1734.0,47
1734.0,49
1735.0,49
1736.0,49
1736.0,48
1736.0,46
1737.0,46
1738.0,46
1739.0,48
1740.0,47
1740.0,48
1740.0,49
1740.0,50
1742.0,48
1742.0,47
1743.0,46
1744.0,50
1745.0,46
1745.0,48
1746.0,48
1747.0,49
1748.0,47
1748.0,49
1749.0,46
1750.0,50
1751.0,47
1752.0,50
1752.0,48
1753.0,48
1754.0,47
1755.0,50
1755.0,47
1756.0,48
1756.0,50
1757.0,47
1758.0,48
1760.0,46
1760.0,47
1760.0,48
1761.0,46
1762.0,46
1763.0,46
1764.0,46
1765.0,48
1766.0,46
1768.0,47
1768.0,46
1770.0,46
1770.0,47
1771.0,47
1772.0,46
1772.0,47
1773.0,46
1774.0,47
1775.0,50
1776.0,47
1776.0,48
1776.0,46
1777.0,46
1779.0,48
1780.0,47
1780.0,50
1780.0,48
1782.0,48
1782.0,47
1783.0,46
1784.0,46
1784.0,47
1785.0,47
1785.0,48
1786.0,46
1787.0,49
1788.0,49
1788.0,47
1789.0,46
1790.0,48
1791.0,47
1792.0,48
1792.0,47
1793.0,48
1794.0,46
1795.0,50
1796.0,50
1797.0,47
1798.0,48
1800.0,48
1800.0,47
1800.0,46
1801.0,46
1803.0,46
1804.0,48
1804.0,46
1804.0,47
1805.0,46
1806.0,46
1808.0,47
1810.0,48
1810.0,47
1811.0,47
1812.0,46
1812.0,47
1813.0,46
1814.0,49
1814.0,47
1815.0,46
1816.0,48
1816.0,49
1816.0,47
1817.0,46
1818.0,46
1819.0,48
1820.0,47
1820.0,48
1820.0,46
1822.0,48
1822.0,47
1823.0,46
1824.0,49
1824.0,48
1825.0,48
1826.0,48
1827.0,49
1828.0,46
1828.0,49
1829.0,46
1830.0,46
1830.0,50
1831.0,47
1832.0,50
1832.0,46
1833.0,48
1834.0,47
1835.0,50
1836.0,48
1836.0,50
1837.0,47
1838.0,48
1840.0,48
1840.0,47
1840.0,46
1841.0,46
1842.0,46
1843.0,46
1844.0,46
1846.0,46
1848.0,46
1848.0,47
1848.0,48
1850.0,48
1850.0,47
1851.0,47
1852.0,46
1852.0,47
1853.0,46
1854.0,47
1855.0,47
1856.0,48
1856.0,47
1857.0,46
1859.0,48
1860.0,48
1860.0,47
1860.0,46
1862.0,47
1862.0,48
1863.0,46
1864.0,48
1864.0,47
1865.0,46
1865.0,48
1866.0,46
1867.0,49
1868.0,49
1868.0,47
1869.0,46
1870.0,49
1870.0,47
1871.0,47
1872.0,49
1872.0,48
1873.0,48
1874.0,46
1875.0,50
1876.0,50
1876.0,46
1877.0,47
1878.0,48
1880.0,46
1880.0,47
1880.0,49
1880.0,50
1880.0,48
1881.0,46
1883.0,46
1884.0,47
1884.0,48
1884.0,46
1885.0,46
1886.0,46
1888.0,50
1888.0,47
1890.0,46
1890.0,47
1890.0,48
1891.0,47
1892.0,48
1892.0,47
1893.0,46
1894.0,47
1894.0,49
1895.0,48
1896.0,47
1896.0,49
1896.0,48
1897.0,46
1898.0,46
1899.0,48
1900.0,48
1900.0,50
1902.0,48
1902.0,47
1903.0,46
1904.0,48
1904.0,50
1905.0,48
1906.0,48
1907.0,49
1908.0,47
1908.0,49
1909.0,46
1910.0,47
1910.0,48
1910.0,50
1911.0,47
1912.0,48
1912.0,50
1913.0,48
1914.0,47
1915.0,50
1915.0,46
1916.0,48
1916.0,50
1917.0,47
1918.0,48
1920.0,47
1920.0,46
1920.0,48
1921.0,46
1922.0,46
1923.0,46
1924.0,46
1925.0,48
1926.0,46
1928.0,47
1928.0,46
1930.0,47
1930.0,48
1931.0,47
1932.0,47
1932.0,46
1933.0,46
1934.0,47
1935.0,49
1936.0,46
1936.0,47
1936.0,48
1937.0,46
1939.0,48
1940.0,46
1940.0,49
1940.0,47
1940.0,48
1942.0,47
1942.0,48
1943.0,46
1944.0,46
1944.0,47
1945.0,48
1945.0,46
1946.0,46
1947.0,49
1948.0,47
1948.0,49
1949.0,46
1950.0,50
1951.0,47
1952.0,46
1952.0,47
1952.0,48
1953.0,48
1954.0,46
1955.0,47
1955.0,50
1956.0,50
1957.0,47
1958.0,48
1960.0,46
1960.0,47
1960.0,50
1960.0,48
1961.0,46
1963.0,46
1964.0,47
1964.0,46
1964.0,48
1965.0,48
1966.0,46
1968.0,47
1968.0,46
1970.0,47
1970.0,48
1971.0,47
1972.0,46
1972.0,47
1973.0,46
1974.0,47
1974.0,49
1975.0,50
1976.0,49
1976.0,48
1976.0,47
1977.0,46
1978.0,46
1979.0,48
1980.0,48
1980.0,50
1982.0,47
1982.0,48
1983.0,46
1984.0,48
1984.0,47
1985.0,48
1985.0,47
1986.0,48
1987.0,49
1988.0,49
1988.0,46
1989.0,46
1990.0,50
1990.0,48
1991.0,47
1992.0,50
1993.0,48
1994.0,47
1995.0,50
1996.0,50
1996.0,48
1997.0,47
1998.0,48
2000.0,48
2000.0,46
2000.0,47
2001.0,46
2002.0,46
2003.0,46
2004.0,46
2005.0,46
2006.0,46
2008.0,46
2008.0,48
2008.0,47
2010.0,47
2010.0,46
2011.0,47
2012.0,46
2012.0,47
2013.0,46
2014.0,47
2015.0,46
2016.0,47
2016.0,48
2017.0,46
2019.0,48
2020.0,46
2020.0,48
2020.0,47
2022.0,48
2022.0,47
2023.0,46
2024.0,46
2024.0,47
2025.0,48
2026.0,46
2027.0,49
2028.0,49
2028.0,47
2029.0,46
2030.0,46
2031.0,47
2032.0,48
2032.0,49
2032.0,47
2033.0,48
2034.0,46
2035.0,50
2036.0,46
2036.0,50
2037.0,47
2038.0,48
2040.0,47
2040.0,48
2040.0,46
2041.0,46
2043.0,46
2044.0,47
2044.0,48
2044.0,46
2046.0,46
2048.0,48
2048.0,47
2050.0,48
2050.0,47
2051.0,47
2052.0,47
2052.0,48
2053.0,46
2054.0,49
2054.0,47
2055.0,47
2056.0,49
2056.0,46
2056.0,48
2057.0,46
2058.0,46
2059.0,48
2060.0,47
2060.0,46
2060.0,50
2060.0,48
2062.0,47
2062.0,48
2063.0,46
2064.0,50
2065.0,46
2065.0,48
2066.0,48
2067.0,49
2068.0,49
2068.0,47
2069.0,46
2070.0,50
2070.0,47
2071.0,47
2072.0,48
2072.0,50
2073.0,48
2074.0,47
2075.0,50
2076.0,50
2076.0,48
2077.0,47
2078.0,48
2080.0,47
2080.0,46
2080.0,48
2081.0,46
2082.0,46
2083.0,46
2084.0,46
2085.0,46
2086.0,46
2088.0,46
2088.0,47
2090.0,47
2091.0,47
2092.0,46
2092.0,47
2093.0,46
2094.0,47
2095.0,48
2096.0,46
2096.0,47
2096.0,48
2097.0,46
2099.0,48
2100.0,48
2100.0,47
2102.0,47
2102.0,48
2103.0,46
2104.0,46
2104.0,47
2105.0,48
2106.0,46
2107.0,49
2108.0,49
2108.0,47
2109.0,46
2110.0,48
2110.0,47
2111.0,47
2112.0,47
2112.0,48
2113.0,48
2114.0,46
2115.0,46
2115.0,50
2116.0,50
2117.0,47
2118.0,48
2120.0,47
2120.0,46
2120.0,48
2121.0,46
2123.0,46
2124.0,48
2124.0,47
2124.0,46
2125.0,48
2126.0,46
2128.0,47
2130.0,47
2130.0,48
2130.0,46
2131.0,47
2132.0,46
2132.0,47
2133.0,46
2134.0,47
2134.0,49
2135.0,49
2136.0,47
2136.0,49
2136.0,48
2137.0,46
2138.0,46
2139.0,48
2140.0,48
2140.0,47
2140.0,49
2142.0,47
2142.0,48
2143.0,46
2144.0,49
2144.0,48
2145.0,48
2145.0,46
2146.0,48
2147.0,49
2148.0,46
2148.0,49
2149.0,46
2150.0,50
2151.0,47
2152.0,46
2152.0,50
2153.0,48
2154.0,47
2155.0,50
2155.0,47
2156.0,48
2156.0,50
2157.0,47
2158.0,48
2160.0,46
2160.0,48
2160.0,49
2160.0,47
2161.0,46
2162.0,46
2163.0,46
2164.0,46
2165.0,48
2166.0,46
2168.0,47
2168.0,46
2168.0,48
2170.0,46
2170.0,47
2171.0,47
2172.0,46
2172.0,47
2173.0,46
2174.0,47
2175.0,50
2176.0,48
2176.0,47
2177.0,46
2179.0,48
2180.0,47
2180.0,48
2180.0,46
2180.0,50
2182.0,47
2182.0,48
2183.0,46
2184.0,48
2184.0,47
2185.0,47
2185.0,48
2186.0,46
2187.0,49
2188.0,47
2188.0,49
2189.0,46
2190.0,48
2191.0,47
2192.0,48
2192.0,49
2193.0,48
2194.0,46
2195.0,50
2196.0,46
2196.0,50
2197.0,47
2198.0,48
2200.0,46
2200.0,48
2200.0,50
2201.0,46
2203.0,46
2204.0,48
2204.0,47
2204.0,46
2205.0,46
2206.0,46
2208.0,50
2208.0,47
2210.0,47
2210.0,48
2211.0,47
2212.0,47
2212.0,48
2213.0,46
2214.0,49
2214.0,47
2215.0,46
2216.0,49
2216.0,48
2216.0,47
2217.0,46
2218.0,46
2219.0,48
2220.0,48
2220.0,47
2220.0,46
2220.0,50
2222.0,48
2222.0,47
2223.0,46
2224.0,48
2224.0,50
2225.0,48
2226.0,48
2227.0,49
2228.0,47
2228.0,49
2229.0,46
2230.0,50
2230.0,46
2231.0,47
2232.0,48
2232.0,50
2233.0,48
2234.0,47
2235.0,50
2236.0,50
2236.0,48
2237.0,47
2238.0,48
2240.0,46
2240.0,47
2240.0,48
2241.0,46
2242.0,46
2243.0,46
2244.0,46
2246.0,46
2248.0,47
2248.0,46
2250.0,47
2250.0,48
2251.0,47
2252.0,46
2252.0,47
2253.0,46
2254.0,47
2255.0,47
2256.0,48
2256.0,46
2256.0,47
2257.0,46
2259.0,48
2260.0,48
2260.0,47
2262.0,47
2262.0,48
2263.0,46
2264.0,46
2264.0,47
2265.0,46
2265.0,48
2266.0,46
2267.0,49
2268.0,47
2268.0,49
2269.0,46
2270.0,49
2270.0,47
2271.0,47
2272.0,47
2272.0,46
2272.0,48
2273.0,48
2274.0,46
2275.0,50
2276.0,50
2277.0,47
2278.0,48
2280.0,46
2280.0,48
2280.0,47
2280.0,49
2281.0,46
2283.0,46
2284.0,46
2284.0,48
2284.0,47
2285.0,46
2286.0,46
2288.0,46
2288.0,47
2290.0,47
2290.0,46
2290.0,48
2291.0,47
2292.0,47
2292.0,46
2293.0,46
2294.0,49
2294.0,47
2295.0,48
2296.0,49
2296.0,48
2296.0,47
2297.0,46
2298.0,46
2299.0,48
2300.0,50
2300.0,48
2302.0,48
2302.0,47
2303.0,46
2304.0,48
2304.0,47
2305.0,48
2306.0,48
2307.0,49
2308.0,49
2308.0,46
2309.0,46
2310.0,48
2310.0,47
2310.0,50
2311.0,47
2312.0,50
2313.0,48
2314.0,47
2315.0,50
2315.0,46
2316.0,50
2316.0,48
2317.0,47
2318.0,48
2320.0,48
2320.0,47
2320.0,46
2320.0,50
2321.0,46
2322.0,46
2323.0,46
2324.0,46
2325.0,48
2326.0,46
2328.0,48
2328.0,46
2328.0,47
2330.0,48
2330.0,47
2331.0,47
2332.0,47
2332.0,46
2333.0,46
2334.0,47
2335.0,49
2336.0,48
2336.0,47
2337.0,46
2339.0,48
2340.0,49
2340.0,47
2340.0,48
2342.0,47
2342.0,48
2343.0,46
2344.0,46
2344.0,47
2345.0,46
2345.0,48
2346.0,46
2347.0,49
2348.0,49
2348.0,47
2349.0,46
2350.0,50
2351.0,47
2352.0,49
2352.0,47
2352.0,48
2353.0,48
2354.0,46
2355.0,47
2355.0,50
2356.0,50
2356.0,46
2357.0,47
2358.0,48
2360.0,46
2360.0,50
2360.0,48
2361.0,46
2363.0,46
2364.0,48
2364.0,47
2364.0,46
2365.0,48
2366.0,46
2368.0,48
2368.0,47
2370.0,48
2370.0,47
2371.0,47
2372.0,47
2372.0,48
2373.0,46
2374.0,49
2374.0,47
2375.0,50
2376.0,46
2376.0,48
2376.0,49
2377.0,46
2378.0,46
2379.0,48
2380.0,48
2380.0,50
2382.0,47
2382.0,48
2383.0,46
2384.0,50
2385.0,48
2385.0,47
2386.0,48
2387.0,49
2388.0,49
2388.0,47
2389.0,46
2390.0,48
2390.0,50
2391.0,47
2392.0,48
2392.0,50
2393.0,48
2394.0,47
2395.0,50
2396.0,48
2396.0,50
2397.0,47
2398.0,48
2400.0,46
2400.0,48
2401.0,46
2402.0,46
2403.0,46
2404.0,46
2405.0,46
2406.0,46
2408.0,47
2408.0,46
2410.0,47
2410.0,46
2411.0,47
2412.0,46
2412.0,47
2413.0,46
2414.0,47
2415.0,46
2416.0,47
2416.0,48
2416.0,46
2417.0,46
2419.0,48
2420.0,48
2420.0,47
2420.0,46
2422.0,48
2422.0,47
2423.0,46
2424.0,47
2424.0,46
2425.0,48
2426.0,46
2427.0,49
2428.0,47
2428.0,49
2429.0,46
2430.0,46
2431.0,47
2432.0,47
2432.0,48
2433.0,48
2434.0,46
2435.0,50
2436.0,50
2437.0,47
2438.0,48
2440.0,48
2440.0,47
2440.0,46
2441.0,46
2443.0,46
2444.0,47
2444.0,46
2444.0,48
2446.0,46
2448.0,47
2450.0,48
2450.0,47
2451.0,47
2452.0,47
2452.0,46
2453.0,46
2454.0,49
2454.0,47
2455.0,47
2456.0,49
2456.0,48
2456.0,47
2457.0,46
2458.0,46
2459.0,48
2460.0,47
2460.0,46
2460.0,48
2462.0,48
2462.0,47
2463.0,46
2464.0,48
2464.0,49
2465.0,46
2465.0,48
2466.0,48
2467.0,49
2468.0,49
2468.0,46
2469.0,46
2470.0,47
2470.0,50
2471.0,47
2472.0,46
2472.0,50
2473.0,48
2474.0,47
2475.0,50
2476.0,50
2476.0,48
2477.0,47
2478.0,48
2480.0,46
2480.0,48
2480.0,47
2481.0,46
2482.0,46
2483.0,46
2484.0,46
2485.0,46
2486.0,46
2488.0,47
2488.0,46
2488.0,48
2490.0,47
2491.0,47
2492.0,47
2492.0,46
2493.0,46
2494.0,47
2495.0,48
2496.0,48
2496.0,47
2497.0,46
2499.0,48
2500.0,48
2500.0,47
2502.0,48
2502.0,47
2503.0,46
2504.0,47
2504.0,48
2505.0,48
2506.0,46
2507.0,49
2508.0,49
2508.0,47
2509.0,46
2510.0,48
2510.0,47
2511.0,47
2512.0,48
2512.0,49
2513.0,48
2514.0,46
2515.0,50
2515.0,46
2516.0,50
2516.0,46
2517.0,47
2518.0,48
2520.0,47
2520.0,46
2520.0,48
2520.0,50
2521.0,46
2523.0,46
2524.0,46
2524.0,47
2524.0,48
2525.0,48
2526.0,46
2528.0,47
2528.0,50
2530.0,46
2530.0,47
2530.0,48
2531.0,47
2532.0,48
2532.0,47
2533.0,46
2534.0,49
2534.0,47
2535.0,49
2536.0,48
2536.0,49
2536.0,47
2537.0,46
2538.0,46
2539.0,48
2540.0,49
2540.0,48
2540.0,50
2540.0,47
2542.0,47
2542.0,48
2543.0,46
2544.0,48
2544.0,50
2545.0,48
2545.0,46
2546.0,48
2547.0,49
2548.0,49
2548.0,47
2549.0,46
2550.0,50
2551.0,47
2552.0,48
2552.0,50
2553.0,48
2554.0,47
2555.0,47
2555.0,50
2556.0,50
2556.0,48
2557.0,47
2558.0,48
2560.0,47
2560.0,48
2560.0,46
2561.0,46
2562.0,46
2563.0,46
2564.0,46
2565.0,48
2566.0,46
2568.0,46
2568.0,47
2570.0,47
2570.0,46
2571.0,47
2572.0,46
2572.0,47
2573.0,46
2574.0,47
2575.0,50
2576.0,48
2576.0,46
2576.0,47
2577.0,46
2579.0,48
2580.0,47
2580.0,48
2580.0,50
2582.0,47
2582.0,48
2583.0,46
2584.0,46
2584.0,47
2585.0,47
2585.0,48
2586.0,46
2587.0,49
2588.0,47
2588.0,49
2589.0,46
2590.0,48
2591.0,47
2592.0,48
2592.0,47
2592.0,46
2593.0,48
2594.0,46
2595.0,50
2596.0,50
2597.0,47
2598.0,48
2600.0,46
2600.0,48
2600.0,47
2601.0,46
2603.0,46
2604.0,47
2604.0,46
2604.0,48
2605.0,46
2606.0,46
2608.0,47
2608.0,46
2610.0,48
2610.0,47
2611.0,47
2612.0,46
2612.0,47
2613.0,46
2614.0,47
2614.0,49
2615.0,46
2616.0,47
2616.0,49
2616.0,48
2617.0,46
2618.0,46
2619.0,48
2620.0,48
2620.0,47
2620.0,46
2622.0,47
2622.0,48
2623.0,46
2624.0,47
2624.0,48
2625.0,48
2626.0,48
2627.0,49
2628.0,49
2628.0,46
2629.0,46
2630.0,46
2630.0,50
2631.0,47
2632.0,50
2633.0,48
2634.0,47
2635.0,50
2636.0,50
2636.0,48
2637.0,47
2638.0,48
2640.0,48
2640.0,47
2640.0,46
2641.0,46
2642.0,46
2643.0,46
2644.0,46
2646.0,46
2648.0,46
2648.0,47
2648.0,48
2650.0,48
2650.0,47
2651.0,47
2652.0,47
2652.0,46
2653.0,46
2654.0,47
2655.0,47
2656.0,47
2656.0,48
2657.0,46
2659.0,48
2660.0,46
2660.0,48
2660.0,47
2662.0,47
2662.0,48
2663.0,46
2664.0,47
2664.0,46
2665.0,46
2665.0,48
2666.0,46
2667.0,49
2668.0,49
2668.0,47
2669.0,46
2670.0,47
2670.0,49
2671.0,47
2672.0,48
2672.0,47
2672.0,49
2673.0,48
2674.0,46
2675.0,50
2676.0,46
2676.0,50
2677.0,47
2678.0,48
2680.0,46
2680.0,47
2680.0,48
2680.0,49
2681.0,46
2683.0,46
2684.0,48
2684.0,46
2684.0,47
2685.0,46
2686.0,46
2688.0,48
2688.0,47
2690.0,46
2690.0,48
2690.0,47
2691.0,47
2692.0,47
2692.0,48
2693.0,46
2694.0,47
2694.0,49
2695.0,48
2696.0,46
2696.0,48
2696.0,49
2697.0,46
2698.0,46
2699.0,48
2700.0,50
2700.0,48
2702.0,48
2702.0,47
2703.0,46
2704.0,50
2705.0,48
2706.0,48
2707.0,49
2708.0,49
2708.0,47
2709.0,46
2710.0,50
2710.0,48
2710.0,47
2711.0,47
2712.0,50
2712.0,48
2713.0,48
2714.0,47
2715.0,50
2715.0,46
2716.0,48
2716.0,50
2717.0,47
2718.0,48
2720.0,46
2720.0,49
2720.0,48
2721.0,46
2722.0,46
2723.0,46
2724.0,46
2725.0,48
2726.0,46
2728.0,46
2728.0,47
2730.0,47
2730.0,48
2731.0,47
2732.0,46
2732.0,47
2733.0,46
2734.0,47
2735.0,49
2736.0,46
2736.0,47
2736.0,48
2737.0,46
2739.0,48
2740.0,47
2740.0,48
2740.0,46
2740.0,49
2742.0,47
2742.0,48
2743.0,46
2744.0,47
2744.0,46
2745.0,48
2745.0,46
2746.0,46
2747.0,49
2748.0,47
2748.0,49
2749.0,46
2750.0,50
2751.0,47
2752.0,48
2752.0,47
2753.0,48
2754.0,46
2755.0,47
2755.0,50
2756.0,50
2757.0,47
2758.0,48
2760.0,46
2760.0,47
2760.0,48
2760.0,50
2761.0,46
2763.0,46
2764.0,48
2764.0,47
2764.0,46
2765.0,48
2766.0,46
2768.0,47
2770.0,48
2770.0,47
2771.0,47
2772.0,47
2772.0,46
2773.0,46
2774.0,47
2774.0,49
2775.0,50
2776.0,48
2776.0,47
2776.0,49
2777.0,46
2778.0,46
2779.0,48
2780.0,48
2780.0,50
2782.0,47
2782.0,48
2783.0,46
2784.0,49
2784.0,48
2785.0,47
2785.0,48
2786.0,48
2787.0,49
2788.0,46
2788.0,49
2789.0,46
2790.0,48
2790.0,50
2791.0,47
2792.0,50
2792.0,46
2793.0,48
2794.0,47
2795.0,50
2796.0,50
2796.0,48
2797.0,47
2798.0,48
2800.0,48
2800.0,46
2801.0,46
2802.0,46
2803.0,46
2804.0,46
2805.0,46
2806.0,46
2808.0,48
2808.0,47
2808.0,46
2810.0,47
2810.0,46
2811.0,47
2812.0,46
2812.0,47
2813.0,46
2814.0,47
2815.0,46
2816.0,48
2816.0,47
2817.0,46
2819.0,48
2820.0,46
2820.0,48
2820.0,47
2822.0,48
2822.0,47
2823.0,46
2824.0,47
2824.0,48
2825.0,48
2826.0,46
2827.0,49
2828.0,47
2828.0,49
2829.0,46
2830.0,46
2831.0,47
2832.0,49
2832.0,48
2833.0,48
2834.0,46
2835.0,50
2836.0,46
2836.0,50
2837.0,47
2838.0,48
2840.0,48
2840.0,50
2840.0,46
2840.0,47
2841.0,46
2843.0,46
2844.0,48
2844.0,47
2844.0,46
2846.0,46
2848.0,47
2848.0,50
2850.0,47
2850.0,48
2851.0,47
2852.0,47
2852.0,48
2853.0,46
2854.0,47
2854.0,49
2855.0,47
2856.0,49
2856.0,48
2856.0,47
2857.0,46
2858.0,46
2859.0,48
2860.0,46
2860.0,47
2860.0,50
2860.0,48
2862.0,47
2862.0,48
2863.0,46
2864.0,50
2864.0,48
2865.0,46
2865.0,48
2866.0,48
2867.0,49
2868.0,49
2868.0,47
2869.0,46
2870.0,50
2870.0,47
2871.0,47
2872.0,48
2872.0,50
2873.0,48
2874.0,47
2875.0,50
2876.0,50
2876.0,48
2877.0,47
2878.0,48
2880.0,46
2880.0,47
2880.0,48
2881.0,46
2882.0,46
2883.0,46
2884.0,46
2885.0,46
2886.0,46
2888.0,46
2888.0,47
2890.0,47
2891.0,47
2892.0,46
2892.0,47
2893.0,46
2894.0,47
2895.0,48
2896.0,46
2896.0,48
2896.0,47
2897.0,46
2899.0,48
2900.0,47
2900.0,48
2902.0,47
2902.0,48
2903.0,46
2904.0,46
2904.0,47
2905.0,48
2906.0,46
2907.0,49
2908.0,47
2908.0,49
2909.0,46
2910.0,47
2910.0,48
2911.0,47
2912.0,46
2912.0,47
2912.0,48
2913.0,48
2914.0,46
2915.0,50
2915.0,46
2916.0,50
2917.0,47
2918.0,48
2920.0,48
2920.0,46
2920.0,47
2921.0,46
2923.0,46
2924.0,47
2924.0,48
2924.0,46
2925.0,48
2926.0,46
2928.0,46
2928.0,47
2930.0,47
2930.0,46
2930.0,48
2931.0,47
2932.0,47
2932.0,46
2933.0,46
2934.0,49
2934.0,47
2935.0,49
2936.0,47
2936.0,49
2936.0,48
2937.0,46
2938.0,46
2939.0,48
2940.0,49
2940.0,48
2940.0,47
2942.0,48
2942.0,47
2943.0,46
2944.0,48
2944.0,47
2945.0,48
2945.0,46
2946.0,48
2947.0,49
2948.0,46
2948.0,49
2949.0,46
2950.0,50
2951.0,47
2952.0,50
2953.0,48
2954.0,47
2955.0,50
2955.0,47
2956.0,48
2956.0,50
2957.0,47
2958.0,48
2960.0,48
2960.0,46
2960.0,49
2960.0,47
2961.0,46
2962.0,46
2963.0,46
2964.0,46
2965.0,48
2966.0,46
2968.0,47
2968.0,46
2968.0,48
2970.0,46
2970.0,47
2971.0,47
2972.0,47
2972.0,46
2973.0,46
2974.0,47
2975.0,50
2976.0,48
2976.0,47
2977.0,46
2979.0,48
2980.0,48
2980.0,46
2980.0,50
2980.0,47
2982.0,48
2982.0,47
2983.0,46
2984.0,46
2984.0,47
2985.0,48
2985.0,47
2986.0,46
2987.0,49
2988.0,47
2988.0,49
2989.0,46
2990.0,48
2991.0,47
2992.0,48
2992.0,47
2992.0,49
2993.0,48
2994.0,46
2995.0,50
2996.0,46
2996.0,50
2997.0,47
2998.0,48
3000.0,46
3000.0,50
3000.0,48
3001.0,46
3003.0,46
3004.0,47
3004.0,48
3004.0,46
3005.0,46
3006.0,46
3008.0,48
3008.0,47
3010.0,48
3010.0,47
3011.0,47
3012.0,48
3012.0,47
3013.0,46
3014.0,47
3014.0,49
3015.0,46
3016.0,48
3016.0,46
3016.0,49
3017.0,46
3018.0,46
3019.0,48
3020.0,47
3020.0,48
3020.0,50
3020.0,46
3022.0,48
3022.0,47
3023.0,46
3024.0,50
3025.0,48
3026.0,48
3027.0,49
3028.0,49
3028.0,47
3029.0,46
3030.0,50
3030.0,46
3031.0,47
3032.0,50
3032.0,48
3033.0,48
3034.0,47
3035.0,50
3036.0,50
3036.0,48
3037.0,47
3038.0,48
3040.0,48
3040.0,46
3040.0,47
3040.0,50
3041.0,46
3042.0,46
3043.0,46
3044.0,46
3046.0,46
3048.0,46
3048.0,47
3050.0,47
3050.0,48
3051.0,47
3052.0,47
3052.0,46
3053.0,46
3054.0,47
3055.0,47
3056.0,46
3056.0,48
3056.0,47
3057.0,46
3059.0,48
3060.0,48
3060.0,47
3062.0,47
3062.0,48
3063.0,46
3064.0,47
3064.0,46
3065.0,48
3065.0,46
3066.0,46
3067.0,49
3068.0,49
3068.0,47
3069.0,46
3070.0,47
3070.0,49
3071.0,47
3072.0,48
3072.0,47
3073.0,48
3074.0,46
3075.0,50
3076.0,50
3077.0,47
3078.0,48
3080.0,46
3080.0,47
3080.0,48
3080.0,49
3081.0,46
3083.0,46
3084.0,47
3084.0,46
3084.0,48
3085.0,46
3086.0,46
3088.0,47
3090.0,48
3090.0,47
3090.0,46
3091.0,47
3092.0,46
3092.0,47
3093.0,46
3094.0,47
3094.0,49
3095.0,48
3096.0,48
3096.0,49
3096.0,47
3097.0,46
3098.0,46
3099.0,48
3100.0,50
3100.0,48
3102.0,48
3102.0,47
3103.0,46
3104.0,48
3104.0,49
3105.0,48
3106.0,48
3107.0,49
3108.0,46
3108.0,49
3109.0,46
3110.0,48
3110.0,47
3110.0,50
3111.0,47
3112.0,46
3112.0,50
3113.0,48
3114.0,47
3115.0,46
3115.0,50
3116.0,48
3116.0,50
3117.0,47
3118.0,48
3120.0,46
3120.0,50
3120.0,48
3121.0,46
3122.0,46
3123.0,46
3124.0,46
3125.0,48
3126.0,46
3128.0,47
3128.0,46
3128.0,48
3130.0,47
3130.0,48
3131.0,47
3132.0,47
3132.0,46
3133.0,46
3134.0,47
3135.0,49
3136.0,47
3136.0,48
3137.0,46
3139.0,48
3140.0,47
3140.0,48
3140.0,49
3142.0,47
3142.0,48
3143.0,46
3144.0,48
3144.0,47
3145.0,46
3145.0,48
3146.0,46
3147.0,49
3148.0,47
3148.0,49
3149.0,46
3150.0,50
3151.0,47
3152.0,48
3152.0,49
3153.0,48
3154.0,46
3155.0,50
3155.0,47
3156.0,50
3156.0,46
3157.0,47
3158.0,48
3160.0,50
3160.0,48
3160.0,46
3161.0,46
3163.0,46
3164.0,46
3164.0,48
3164.0,47
3165.0,48
3166.0,46
3168.0,47
3168.0,50
3170.0,47
3170.0,48
3171.0,47
3172.0,47
3172.0,48
3173.0,46
3174.0,49
3174.0,47
3175.0,50
3176.0,47
3176.0,48
3176.0,49
3177.0,46
3178.0,46
3179.0,48
3180.0,50
3180.0,48
3182.0,47
3182.0,48
3183.0,46
3184.0,48
3184.0,50
3185.0,47
3185.0,48
3186.0,48
3187.0,49
3188.0,47
3188.0,49
3189.0,46
3190.0,48
3190.0,50
3191.0,47
3192.0,50
3192.0,48
3193.0,48
3194.0,47
3195.0,50
3196.0,50
3196.0,48
3197.0,47
3198.0,48
3200.0,47
3201.0,47
3202.0,47
3203.0,47
3204.0,47
3205.0,47
3206.0,47
3208.0,48
3208.0,47
3210.0,47
3210.0,48
3211.0,48
3212.0,47
3212.0,48
3213.0,47
3214.0,48
3215.0,47
3216.0,47
3216.0,49
3216.0,48
3217.0,47
3219.0,49
3220.0,49
3220.0,48
3220.0,47
3222.0,49
3222.0,48
3223.0,47
3224.0,48
3224.0,47
3225.0,49
3226.0,47
3227.0,50
3228.0,48
3228.0,50
3229.0,47
3230.0,47
3231.0,48
3232.0,48
3232.0,49
3232.0,47
3233.0,49
3234.0,47
3235.0,51
3236.0,51
3237.0,48
3238.0,49
3240.0,47
3240.0,48
3240.0,49
3241.0,47
3243.0,47
3244.0,47
3244.0,49
3244.0,48
3246.0,47
3248.0,48
3248.0,47
3250.0,48
3250.0,49
3251.0,48
3252.0,48
3252.0,47
3253.0,47
3254.0,48
3254.0,50
3255.0,48
3256.0,48
3256.0,50
3256.0,49
3257.0,47
3258.0,47
3259.0,49
3260.0,47
3260.0,48
3260.0,49
3262.0,48
3262.0,49
3263.0,47
3264.0,48
3264.0,49
3265.0,49
3265.0,47
3266.0,49
3267.0,50
3268.0,50
3268.0,47
3269.0,47
3270.0,48
3270.0,51
3271.0,48
3272.0,51
3273.0,49
3274.0,48
3275.0,51
3276.0,49
3276.0,51
3277.0,48
3278.0,49
3280.0,47
3280.0,48
3280.0,49
3281.0,47
3282.0,47
3283.0,47
3284.0,47
3285.0,47
3286.0,47
3288.0,48
3288.0,49
3288.0,47
3290.0,48
3291.0,48
3292.0,48
3292.0,47
3293.0,47
3294.0,48
3295.0,49
3296.0,49
3296.0,48
3297.0,47
3299.0,49
3300.0,49
3300.0,48
3302.0,49
3302.0,48
3303.0,47
3304.0,47
3304.0,48
3305.0,49
3306.0,47
3307.0,50
3308.0,50
3308.0,48
3309.0,47
3310.0,48
3310.0,49
3311.0,48
3312.0,50
3312.0,48
3312.0,49
3313.0,49
3314.0,47
3315.0,51
3315.0,47
3316.0,51
3316.0,47
3317.0,48
3318.0,49
3320.0,47
3320.0,49
3320.0,48
3321.0,47
3323.0,47
3324.0,48
3324.0,47
3324.0,49
3325.0,49
3326.0,47
3328.0,48
3328.0,49
3330.0,47
3330.0,49
3330.0,48
3331.0,48
3332.0,49
3332.0,48
3333.0,47
3334.0,48
3334.0,50
3335.0,50
3336.0,50
3336.0,49
3336.0,47
3337.0,47
3338.0,47
3339.0,49
3340.0,48
3340.0,49
3340.0,50
3340.0,51
3342.0,49
3342.0,48
3343.0,47
3344.0,51
3345.0,47
3345.0,49
3346.0,49
3347.0,50
3348.0,48
3348.0,50
3349.0,47
3350.0,51
3351.0,48
3352.0,51
3352.0,49
3353.0,49
3354.0,48
3355.0,51
3355.0,48
3356.0,49
3356.0,51
3357.0,48
3358.0,49
3360.0,47
3360.0,48
3360.0,49
3361.0,47
3362.0,47
3363.0,47
3364.0,47
3365.0,49
3366.0,47
3368.0,48
3368.0,47
3370.0,47
3370.0,48
3371.0,48
3372.0,47
3372.0,48
3373.0,47
3374.0,48
3375.0,51
3376.0,48
3376.0,49
3376.0,47
3377.0,47
3379.0,49
3380.0,48
3380.0,51
3380.0,49
3382.0,49
3382.0,48
3383.0,47
3384.0,47
3384.0,48
3385.0,48
3385.0,49
3386.0,47
3387.0,50
3388.0,50
3388.0,48
3389.0,47
3390.0,49
3391.0,48
3392.0,49
3392.0,48
3393.0,49
3394.0,47
3395.0,51
3396.0,51
3397.0,48
3398.0,49
3400.0,49
3400.0,48
3400.0,47
3401.0,47
3403.0,47
3404.0,49
3404.0,47
3404.0,48
3405.0,47
3406.0,47
3408.0,48
3410.0,49
3410.0,48
3411.0,48
3412.0,47
3412.0,48
3413.0,47
3414.0,50
3414.0,48
3415.0,47
3416.0,49
3416.0,50
3416.0,48
3417.0,47
3418.0,47
3419.0,49
3420.0,48
3420.0,49
3420.0,47
3422.0,49
3422.0,48
3423.0,47
3424.0,50
3424.0,49
3425.0,49
3426.0,49
3427.0,50
3428.0,47
3428.0,50
3429.0,47
3430.0,47
3430.0,51
3431.0,48
3432.0,51
3432.0,47
3433.0,49
3434.0,48
3435.0,51
3436.0,49
3436.0,51
3437.0,48
3438.0,49
3440.0,49
3440.0,48
3440.0,47
3441.0,47
3442.0,47
3443.0,47
3444.0,47
3446.0,47
3448.0,47
3448.0,48
3448.0,49
3450.0,49
3450.0,48
3451.0,48
3452.0,47
3452.0,48
3453.0,47
3454.0,48
3455.0,48
3456.0,49
3456.0,48
3457.0,47
3459.0,49
3460.0,49
3460.0,48
3460.0,47
3462.0,48
3462.0,49
3463.0,47
3464.0,49
3464.0,48
3465.0,47
3465.0,49
3466.0,47
3467.0,50
3468.0,50
3468.0,48
3469.0,47
3470.0,50
3470.0,48
3471.0,48
3472.0,50
3472.0,49
3473.0,49
3474.0,47
3475.0,51
3476.0,51
3476.0,47
3477.0,48
3478.0,49
3480.0,47
3480.0,48
3480.0,50
3480.0,51
3480.0,49
3481.0,47
3483.0,47
3484.0,48
3484.0,49
3484.0,47
3485.0,47
3486.0,47
3488.0,51
3488.0,48
3490.0,47
3490.0,48
3490.0,49
3491.0,48
3492.0,49
3492.0,48
3493.0,47
3494.0,48
3494.0,50
3495.0,49
3496.0,48
3496.0,50
3496.0,49
3497.0,47
3498.0,47
3499.0,49
3500.0,49
3500.0,51
3502.0,49
3502.0,48
3503.0,47
3504.0,49
3504.0,51
3505.0,49
3506.0,49
3507.0,50
3508.0,48
3508.0,50
3509.0,47
3510.0,48
3510.0,49
3510.0,51
3511.0,48
3512.0,49
3512.0,51
3513.0,49
3514.0,48
3515.0,51
3515.0,47
3516.0,49
3516.0,51
3517.0,48
3518.0,49
3520.0,48
3520.0,47
3520.0,49
3521.0,47
3522.0,47
3523.0,47
3524.0,47
3525.0,49
3526.0,47
3528.0,48
3528.0,47
3530.0,48
3530.0,49
3531.0,48
3532.0,48
3532.0,47
3533.0,47
3534.0,48
3535.0,50
3536.0,47
3536.0,48
3536.0,49
3537.0,47
3539.0,49
3540.0,47
3540.0,50
3540.0,48
3540.0,49
3542.0,48
3542.0,49
3543.0,47
3544.0,47
3544.0,48
3545.0,49
3545.0,47
3546.0,47
3547.0,50
3548.0,48
3548.0,50
3549.0,47
3550.0,51
3551.0,48
3552.0,47
3552.0,48
3552.0,49
3553.0,49
3554.0,47
3555.0,48
3555.0,51
3556.0,51
3557.0,48
3558.0,49
3560.0,47
3560.0,48
3560.0,51
3560.0,49
3561.0,47
3563.0,47
3564.0,48
3564.0,47
3564.0,49
3565.0,49
3566.0,47
3568.0,48
3568.0,47
3570.0,48
3570.0,49
3571.0,48
3572.0,47
3572.0,48
3573.0,47
3574.0,48
3574.0,50
3575.0,51
3576.0,50
3576.0,49
3576.0,48
3577.0,47
3578.0,47
3579.0,49
3580.0,49
3580.0,51
3582.0,48
3582.0,49
3583.0,47
3584.0,49
3584.0,48
3585.0,49
3585.0,48
3586.0,49
3587.0,50
3588.0,50
3588.0,47
3589.0,47
3590.0,51
3590.0,49
3591.0,48
3592.0,51
3593.0,49
3594.0,48
3595.0,51
3596.0,51
3596.0,49
3597.0,48
3598.0,49
3600.0,49
3600.0,47
3600.0,48
3601.0,47
3602.0,47
3603.0,47
3604.0,47
3605.0,47
3606.0,47
3608.0,47
3608.0,49
3608.0,48
3610.0,48
3610.0,47
3611.0,48
3612.0,47
3612.0,48
3613.0,47
3614.0,48
3615.0,47
3616.0,48
3616.0,49
3617.0,47
3619.0,49
3620.0,47
3620.0,49
3620.0,48
3622.0,49
3622.0,48
3623.0,47
3624.0,47
3624.0,48
3625.0,49
3626.0,47
3627.0,50
3628.0,50
3628.0,48
3629.0,47
3630.0,47
3631.0,48
3632.0,49
3632.0,50
3632.0,48
3633.0,49
3634.0,47
3635.0,51
3636.0,47
3636.0,51
3637.0,48
3638.0,49
3640.0,48
3640.0,49
3640.0,47
3641.0,47
3643.0,47
3644.0,48
3644.0,49
3644.0,47
3646.0,47
3648.0,49
3648.0,48
3650.0,49
3650.0,48
3651.0,48
3652.0,48
3652.0,49
3653.0,47
3654.0,50
3654.0,48
3655.0,48
3656.0,50
3656.0,47
3656.0,49
3657.0,47
3658.0,47
3659.0,49
3660.0,48
3660.0,47
3660.0,51
3660.0,49
3662.0,48
3662.0,49
3663.0,47
3664.0,51
3665.0,47
3665.0,49
3666.0,49
3667.0,50
3668.0,50
3668.0,48
3669.0,47
3670.0,51
3670.0,48
3671.0,48
3672.0,49
3672.0,51
3673.0,49
3674.0,48
3675.0,51
3676.0,51
3676.0,49
3677.0,48
3678.0,49
3680.0,48
3680.0,47
3680.0,49
3681.0,47
3682.0,47
3683.0,47
3684.0,47
3685.0,47
3686.0,47
3688.0,47
3688.0,48
3690.0,48
3691.0,48
3692.0,47
3692.0,48
3693.0,47
3694.0,48
3695.0,49
3696.0,47
3696.0,48
3696.0,49
3697.0,47
3699.0,49
3700.0,49
3700.0,48
3702.0,48
3702.0,49
3703.0,47
3704.0,47
3704.0,48
3705.0,49
3706.0,47
3707.0,50
3708.0,50
3708.0,48
3709.0,47
3710.0,49
3710.0,48
3711.0,48
3712.0,48
3712.0,49
3713.0,49
3714.0,47
3715.0,47
3715.0,51
3716.0,51
3717.0,48
3718.0,49
3720.0,48
3720.0,47
3720.0,49
3721.0,47
3723.0,47
3724.0,49
3724.0,48
3724.0,47
3725.0,49
3726.0,47
3728.0,48
3730.0,48
3730.0,49
3730.0,47
3731.0,48
3732.0,47
3732.0,48
3733.0,47
3734.0,48
3734.0,50
3735.0,50
3736.0,48
3736.0,50
3736.0,49
3737.0,47
3738.0,47
3739.0,49
3740.0,49
3740.0,48
3740.0,50
3742.0,48
3742.0,49
3743.0,47
3744.0,50
3744.0,49
3745.0,49
3745.0,47
3746.0,49
3747.0,50
3748.0,47
3748.0,50
3749.0,47
3750.0,51
3751.0,48
3752.0,47
3752.0,51
3753.0,49
3754.0,48
3755.0,51
3755.0,48
3756.0,49
3756.0,51
3757.0,48
3758.0,49
3760.0,47
3760.0,49
3760.0,50
3760.0,48
3761.0,47
3762.0,47
3763.0,47
3764.0,47
3765.0,49
3766.0,47
3768.0,48
3768.0,47
3768.0,49
3770.0,47
3770.0,48
3771.0,48
3772.0,47
3772.0,48
3773.0,47
3774.0,48
3775.0,51
3776.0,49
3776.0,48
3777.0,47
3779.0,49
3780.0,48
3780.0,49
3780.0,47
3780.0,51
3782.0,48
3782.0,49
3783.0,47
3784.0,49
3784.0,48
3785.0,48
3785.0,49
3786.0,47
3787.0,50
3788.0,48
3788.0,50
3789.0,47
3790.0,49
3791.0,48
3792.0,49
3792.0,50
3793.0,49
3794.0,47
3795.0,51
3796.0,47
3796.0,51
3797.0,48
3798.0,49
3800.0,47
3800.0,49
3800.0,51
3801.0,47
3803.0,47
3804.0,49
3804.0,48
3804.0,47
3805.0,47
3806.0,47
3808.0,51
3808.0,48
3810.0,48
3810.0,49
3811.0,48
3812.0,48
3812.0,49
3813.0,47
3814.0,50
3814.0,48
3815.0,47
3816.0,50
3816.0,49
3816.0,48
3817.0,47
3818.0,47
3819.0,49
3820.0,49
3820.0,48
3820.0,47
3820.0,51
3822.0,49
3822.0,48
3823.0,47
3824.0,49
3824.0,51
3825.0,49
3826.0,49
3827.0,50
3828.0,48
3828.0,50
3829.0,47
3830.0,51
3830.0,47
3831.0,48
3832.0,49
3832.0,51
3833.0,49
3834.0,48
3835.0,51
3836.0,51
3836.0,49
3837.0,48
3838.0,49
3840.0,47
3840.0,48
3840.0,49
3841.0,47
3842.0,47
3843.0,47
3844.0,47
3846.0,47
3848.0,48
3848.0,47
3850.0,48
3850.0,49
3851.0,48
3852.0,47
3852.0,48
3853.0,47
3854.0,48
3855.0,48
3856.0,49
3856.0,47
3856.0,48
3857.0,47
3859.0,49
3860.0,49
3860.0,48
3862.0,48
3862.0,49
3863.0,47
3864.0,47
3864.0,48
3865.0,47
3865.0,49
3866.0,47
3867.0,50
3868.0,48
3868.0,50
3869.0,47
3870.0,50
3870.0,48
3871.0,48
3872.0,48
3872.0,47
3872.0,49
3873.0,49
3874.0,47
3875.0,51
3876.0,51
3877.0,48
3878.0,49
3880.0,47
3880.0,49
3880.0,48
3880.0,50
3881.0,47
3883.0,47
3884.0,47
3884.0,49
3884.0,48
3885.0,47
3886.0,47
3888.0,47
3888.0,48
3890.0,48
3890.0,47
3890.0,49
3891.0,48
3892.0,48
3892.0,47
3893.0,47
3894.0,50
3894.0,48
3895.0,49
3896.0,50
3896.0,49
3896.0,48
3897.0,47
3898.0,47
3899.0,49
3900.0,51
3900.0,49
3902.0,49
3902.0,48
3903.0,47
3904.0,49
3904.0,48
3905.0,49
3906.0,49
3907.0,50
3908.0,50
3908.0,47
3909.0,47
3910.0,49
3910.0,48
3910.0,51
3911.0,48
3912.0,51
3913.0,49
3914.0,48
3915.0,51
3915.0,47
3916.0,51
3916.0,49
3917.0,48
3918.0,49
3920.0,49
3920.0,48
3920.0,47
3920.0,51
3921.0,47
3922.0,47
3923.0,47
3924.0,47
3925.0,49
3926.0,47
3928.0,49
3928.0,47
3928.0,48
3930.0,49
3930.0,48
3931.0,48
3932.0,48
3932.0,47
3933.0,47
3934.0,48
3935.0,50
3936.0,49
3936.0,48
3937.0,47
3939.0,49
3940.0,50
3940.0,48
3940.0,49
3942.0,48
3942.0,49
3943.0,47
3944.0,47
3944.0,48
3945.0,47
3945.0,49
3946.0,47
3947.0,50
3948.0,50
3948.0,48
3949.0,47
3950.0,51
3951.0,48
3952.0,50
3952.0,48
3952.0,49
3953.0,49
3954.0,47
3955.0,48
3955.0,51
3956.0,51
3956.0,47
3957.0,48
3958.0,49
3960.0,47
3960.0,51
3960.0,49
3961.0,47
3963.0,47
3964.0,49
3964.0,48
3964.0,47
3965.0,49
3966.0,47
3968.0,49
3968.0,48
3970.0,49
3970.0,48
3971.0,48
3972.0,48
3972.0,49
3973.0,47
3974.0,50
3974.0,48
3975.0,51
3976.0,47
3976.0,49
3976.0,50
3977.0,47
3978.0,47
3979.0,49
3980.0,49
3980.0,51
3982.0,48
3982.0,49
3983.0,47
3984.0,51
3985.0,49
3985.0,48
3986.0,49
3987.0,50
3988.0,50
3988.0,48
3989.0,47
3990.0,49
3990.0,51
3991.0,48
3992.0,49
3992.0,51
3993.0,49
3994.0,48
3995.0,51
3996.0,49
3996.0,51
3997.0,48
3998.0,49
4000.0,47
4000.0,49
4001.0,47
4002.0,47
4003.0,47
4004.0,47
4005.0,47
4006.0,47
4008.0,48
4008.0,47
4010.0,48
4010.0,47
4011.0,48
4012.0,47
4012.0,48
4013.0,47
4014.0,48
4015.0,47
4016.0,48
4016.0,49
4016.0,47
4017.0,47
4019.0,49
4020.0,49
4020.0,48
4020.0,47
4022.0,49
4022.0,48
4023.0,47
4024.0,48
4024.0,47
4025.0,49
4026.0,47
4027.0,50
4028.0,48
4028.0,50
4029.0,47
4030.0,47
4031.0,48
4032.0,48
4032.0,49
4033.0,49
4034.0,47
4035.0,51
4036.0,51
4037.0,48
4038.0,49
4040.0,49
4040.0,48
4040.0,47
4041.0,47
4043.0,47
4044.0,48
4044.0,47
4044.0,49
4046.0,47
4048.0,48
4050.0,49
4050.0,48
4051.0,48
4052.0,48
4052.0,47
4053.0,47
4054.0,50
4054.0,48
4055.0,48
4056.0,50
4056.0,49
4056.0,48
4057.0,47
4058.0,47
4059.0,49
4060.0,48
4060.0,47
4060.0,49
4062.0,49
4062.0,48
4063.0,47
4064.0,49
4064.0,50
4065.0,47
4065.0,49
4066.0,49
4067.0,50
4068.0,50
4068.0,47
4069.0,47
4070.0,48
4070.0,51
4071.0,48
4072.0,47
4072.0,51
4073.0,49
4074.0,48
4075.0,51
4076.0,51
4076.0,49
4077.0,48
4078.0,49
4080.0,47
4080.0,49
4080.0,48
4081.0,47
4082.0,47
4083.0,47
4084.0,47
4085.0,47
4086.0,47
4088.0,48
4088.0,47
4088.0,49
4090.0,48
4091.0,48
4092.0,48
4092.0,47
4093.0,47
4094.0,48
4095.0,49
4096.0,49
4096.0,48
4097.0,47
4099.0,49
4100.0,49
4100.0,48
4102.0,49
4102.0,48
4103.0,47
4104.0,48
4104.0,49
4105.0,49
4106.0,47
4107.0,50
4108.0,50
4108.0,48
4109.0,47
4110.0,49
4110.0,48
4111.0,48
4112.0,49
4112.0,50
4113.0,49
4114.0,47
4115.0,51
4115.0,47
4116.0,51
4116.0,47
4117.0,48
4118.0,49
4120.0,48
4120.0,47
4120.0,49
4120.0,51
4121.0,47
4123.0,47
4124.0,47
4124.0,48
4124.0,49
4125.0,49
4126.0,47
4128.0,48
4128.0,51
4130.0,47
4130.0,48
4130.0,49
4131.0,48
4132.0,49
4132.0,48
4133.0,47
4134.0,50
4134.0,48
4135.0,50
4136.0,49
4136.0,50
4136.0,48
4137.0,47
4138.0,47
4139.0,49
4140.0,50
4140.0,49
4140.0,51
4140.0,48
4142.0,48
4142.0,49
4143.0,47
4144.0,49
4144.0,51
4145.0,49
4145.0,47
4146.0,49
4147.0,50
4148.0,50
4148.0,48
4149.0,47
4150.0,51
4151.0,48
4152.0,49
4152.0,51
4153.0,49
4154.0,48
4155.0,48
4155.0,51
4156.0,51
4156.0,49
4157.0,48
4158.0,49
4160.0,48
4160.0,49
4160.0,47
4161.0,47
4162.0,47
4163.0,47
4164.0,47
4165.0,49
4166.0,47
4168.0,47
4168.0,48
4170.0,48
4170.0,47
4171.0,48
4172.0,47
4172.0,48
4173.0,47
4174.0,48
4175.0,51
4176.0,49
4176.0,47
4176.0,48
4177.0,47
4179.0,49
4180.0,48
4180.0,49
4180.0,51
4182.0,48
4182.0,49
4183.0,47
4184.0,47
4184.0,48
4185.0,48
4185.0,49
4186.0,47
4187.0,50
4188.0,48
4188.0,50
4189.0,47
4190.0,49
4191.0,48
4192.0,49
4192.0,48
4192.0,47
4193.0,49
4194.0,47
4195.0,51
4196.0,51
4197.0,48
4198.0,49
4200.0,47
4200.0,49
4200.0,48
4201.0,47
4203.0,47
4204.0,48
4204.0,47
4204.0,49
4205.0,47
4206.0,47
4208.0,48
4208.0,47
4210.0,49
4210.0,48
4211.0,48
4212.0,47
4212.0,48
4213.0,47
4214.0,48
4214.0,50
4215.0,47
4216.0,48
4216.0,50
4216.0,49
4217.0,47
4218.0,47
4219.0,49
4220.0,49
4220.0,48
4220.0,47
4222.0,48
4222.0,49
4223.0,47
4224.0,48
4224.0,49
4225.0,49
4226.0,49
4227.0,50
4228.0,50
4228.0,47
4229.0,47
4230.0,47
4230.0,51
4231.0,48
4232.0,51
4233.0,49
4234.0,48
4235.0,51
4236.0,51
4236.0,49
4237.0,48
4238.0,49
4240.0,49
4240.0,48
4240.0,47
4241.0,47
4242.0,47
4243.0,47
4244.0,47
4246.0,47
4248.0,47
4248.0,48
4248.0,49
4250.0,49
4250.0,48
4251.0,48
4252.0,48
4252.0,47
4253.0,47
4254.0,48
4255.0,48
4256.0,48
4256.0,49
4257.0,47
4259.0,49
4260.0,47
4260.0,49
4260.0,48
4262.0,48
4262.0,49
4263.0,47
4264.0,48
4264.0,47
4265.0,47
4265.0,49
4266.0,47
4267.0,50
4268.0,50
4268.0,48
4269.0,47
4270.0,48
4270.0,50
4271.0,48
4272.0,49
4272.0,48
4272.0,50
4273.0,49
4274.0,47
4275.0,51
4276.0,47
4276.0,51
4277.0,48
4278.0,49
4280.0,47
4280.0,48
4280.0,49
4280.0,50
4281.0,47
4283.0,47
4284.0,49
4284.0,47
4284.0,48
4285.0,47
4286.0,47
4288.0,49
4288.0,48
4290.0,47
4290.0,49
4290.0,48
4291.0,48
4292.0,48
4292.0,49
4293.0,47
4294.0,48
4294.0,50
4295.0,49
4296.0,47
4296.0,49
4296.0,50
4297.0,47
4298.0,47
4299.0,49
4300.0,51
4300.0,49
4302.0,49
4302.0,48
4303.0,47
4304.0,51
4305.0,49
4306.0,49
4307.0,50
4308.0,50
4308.0,48
4309.0,47
4310.0,51
4310.0,49
4310.0,48
4311.0,48
4312.0,51
4312.0,49
4313.0,49
4314.0,48
4315.0,51
4315.0,47
4316.0,49
4316.0,51
4317.0,48
4318.0,49
4320.0,47
4320.0,50
4320.0,49
4321.0,47
4322.0,47
4323.0,47
4324.0,47
4325.0,49
4326.0,47
4328.0,47
4328.0,48
4330.0,48
4330.0,49
4331.0,48
4332.0,47
4332.0,48
4333.0,47
4334.0,48
4335.0,50
4336.0,47
4336.0,48
4336.0,49
4337.0,47
4339.0,49
4340.0,48
4340.0,49
4340.0,47
4340.0,50
4342.0,48
4342.0,49
4343.0,47
4344.0,48
4344.0,47
4345.0,49
4345.0,47
4346.0,47
4347.0,50
4348.0,48
4348.0,50
4349.0,47
4350.0,51
4351.0,48
4352.0,49
4352.0,48
4353.0,49
4354.0,47
4355.0,48
4355.0,51
4356.0,51
4357.0,48
4358.0,49
4360.0,47
4360.0,48
4360.0,49
4360.0,51
4361.0,47
4363.0,47
4364.0,49
4364.0,48
4364.0,47
4365.0,49
4366.0,47
4368.0,48
4370.0,49
4370.0,48
4371.0,48
4372.0,48
4372.0,47
4373.0,47
4374.0,48
4374.0,50
4375.0,51
4376.0,49
4376.0,48
4376.0,50
4377.0,47
4378.0,47
4379.0,49
4380.0,49
4380.0,51
4382.0,48
4382.0,49
4383.0,47
4384.0,50
4384.0,49
4385.0,48
4385.0,49
4386.0,49
4387.0,50
4388.0,47
4388.0,50
4389.0,47
4390.0,49
4390.0,51
4391.0,48
4392.0,51
4392.0,47
4393.0,49
4394.0,48
4395.0,51
4396.0,51
4396.0,49
4397.0,48
4398.0,49
4400.0,49
4400.0,47
4401.0,47
4402.0,47
4403.0,47
4404.0,47
4405.0,47
4406.0,47
4408.0,49
4408.0,48
4408.0,47
4410.0,48
4410.0,47
4411.0,48
4412.0,47
4412.0,48
4413.0,47
4414.0,48
4415.0,47
4416.0,49
4416.0,48
4417.0,47
4419.0,49
4420.0,47
4420.0,49
4420.0,48
4422.0,49
4422.0,48
4423.0,47
4424.0,48
4424.0,49
4425.0,49
4426.0,47
4427.0,50
4428.0,48
4428.0,50
4429.0,47
4430.0,47
4431.0,48
4432.0,50
4432.0,49
4433.0,49
4434.0,47
4435.0,51
4436.0,47
4436.0,51
4437.0,48
4438.0,49
4440.0,49
4440.0,51
4440.0,47
4440.0,48
4441.0,47
4443.0,47
4444.0,49
4444.0,48
4444.0,47
4446.0,47
4448.0,48
4448.0,51
4450.0,48
4450.0,49
4451.0,48
4452.0,48
4452.0,49
4453.0,47
4454.0,48
4454.0,50
4455.0,48
4456.0,50
4456.0,49
4456.0,48
4457.0,47
4458.0,47
4459.0,49
4460.0,47
4460.0,48
4460.0,51
4460.0,49
4462.0,48
4462.0,49
4463.0,47
4464.0,51
4464.0,49
4465.0,47
4465.0,49
4466.0,49
4467.0,50
4468.0,50
4468.0,48
4469.0,47
4470.0,51
4470.0,48
4471.0,48
4472.0,49
4472.0,51
4473.0,49
4474.0,48
4475.0,51
4476.0,51
4476.0,49
4477.0,48
4478.0,49
4480.0,47
4480.0,48
4480.0,49
4481.0,47
4482.0,47
4483.0,47
4484.0,47
4485.0,47
4486.0,47
4488.0,47
4488.0,48
4490.0,48
4491.0,48
4492.0,47
4492.0,48
4493.0,47
4494.0,48
4495.0,49
4496.0,47
4496.0,49
4496.0,48
4497.0,47
4499.0,49
4500.0,48
4500.0,49
4502.0,48
4502.0,49
4503.0,47
4504.0,47
4504.0,48
4505.0,49
4506.0,47
4507.0,50
4508.0,48
4508.0,50
4509.0,47
4510.0,48
4510.0,49
4511.0,48
4512.0,47
4512.0,48
4512.0,49
4513.0,49
4514.0,47
4515.0,51
4515.0,47
4516.0,51
4517.0,48
4518.0,49
4520.0,49
4520.0,47
4520.0,48
4521.0,47
4523.0,47
4524.0,48
4524.0,49
4524.0,47
4525.0,49
4526.0,47
4528.0,47
4528.0,48
4530.0,48
4530.0,47
4530.0,49
4531.0,48
4532.0,48
4532.0,47
4533.0,47
4534.0,50
4534.0,48
4535.0,50
4536.0,48
4536.0,50
4536.0,49
4537.0,47
4538.0,47
4539.0,49
4540.0,50
4540.0,49
4540.0,48
4542.0,49
4542.0,48
4543.0,47
4544.0,49
4544.0,48
4545.0,49
4545.0,47
4546.0,49
4547.0,50
4548.0,47
4548.0,50
4549.0,47
4550.0,51
4551.0,48
4552.0,51
4553.0,49
4554.0,48
4555.0,51
4555.0,48
4556.0,49
4556.0,51
4557.0,48
4558.0,49
4560.0,49
4560.0,47
4560.0,50
4560.0,48
4561.0,47
4562.0,47
4563.0,47
4564.0,47
4565.0,49
4566.0,47
4568.0,48
4568.0,47
4568.0,49
4570.0,47
4570.0,48
4571.0,48
4572.0,48
4572.0,47
4573.0,47
4574.0,48
4575.0,51
4576.0,49
4576.0,48
4577.0,47
4579.0,49
4580.0,49
4580.0,47
4580.0,51
4580.0,48
4582.0,49
4582.0,48
4583.0,47
4584.0,47
4584.0,48
4585.0,49
4585.0,48
4586.0,47
4587.0,50
4588.0,48
4588.0,50
4589.0,47
4590.0,49
4591.0,48
4592.0,49
4592.0,48
4592.0,50
4593.0,49
4594.0,47
4595.0,51
4596.0,47
4596.0,51
4597.0,48
4598.0,49
4600.0,47
4600.0,51
4600.0,49
4601.0,47
4603.0,47
4604.0,48
4604.0,49
4604.0,47
4605.0,47
4606.0,47
4608.0,49
4608.0,48
4610.0,49
4610.0,48
4611.0,48
4612.0,49
4612.0,48
4613.0,47
4614.0,48
4614.0,50
4615.0,47
4616.0,49
4616.0,47
4616.0,50
4617.0,47
4618.0,47
4619.0,49
4620.0,48
4620.0,49
4620.0,51
4620.0,47
4622.0,49
4622.0,48
4623.0,47
4624.0,51
4625.0,49
4626.0,49
4627.0,50
4628.0,50
4628.0,48
4629.0,47
4630.0,51
4630.0,47
4631.0,48
4632.0,51
4632.0,49
4633.0,49
4634.0,48
4635.0,51
4636.0,51
4636.0,49
4637.0,48
4638.0,49
4640.0,49
4640.0,47
4640.0,48
4640.0,51
4641.0,47
4642.0,47
4643.0,47
4644.0,47
4646.0,47
4648.0,47
4648.0,48
4650.0,48
4650.0,49
4651.0,48
4652.0,48
4652.0,47
4653.0,47
4654.0,48
4655.0,48
4656.0,47
4656.0,49
4656.0,48
4657.0,47
4659.0,49
4660.0,49
4660.0,48
4662.0,48
4662.0,49
4663.0,47
4664.0,48
4664.0,47
4665.0,49
4665.0,47
4666.0,47
4667.0,50
4668.0,50
4668.0,48
4669.0,47
4670.0,48
4670.0,50
4671.0,48
4672.0,49
4672.0,48
4673.0,49
4674.0,47
4675.0,51
4676.0,51
4677.0,48
4678.0,49
4680.0,47
4680.0,48
4680.0,49
4680.0,50
4681.0,47
4683.0,47
4684.0,48
4684.0,47
4684.0,49
4685.0,47
4686.0,47
4688.0,48
4690.0,49
4690.0,48
4690.0,47
4691.0,48
4692.0,47
4692.0,48
4693.0,47
4694.0,48
4694.0,50
4695.0,49
4696.0,49
4696.0,50
4696.0,48
4697.0,47
4698.0,47
4699.0,49
4700.0,51
4700.0,49
4702.0,49
4702.0,48
4703.0,47
4704.0,49
4704.0,50
4705.0,49
4706.0,49
4707.0,50
4708.0,47
4708.0,50
4709.0,47
4710.0,49
4710.0,48
4710.0,51
4711.0,48
4712.0,47
4712.0,51
4713.0,49
4714.0,48
4715.0,47
4715.0,51
4716.0,49
4716.0,51
4717.0,48
4718.0,49
4720.0,47
4720.0,51
4720.0,49
4721.0,47
4722.0,47
4723.0,47
4724.0,47
4725.0,49
4726.0,47
4728.0,48
4728.0,47
4728.0,49
4730.0,48
4730.0,49
4731.0,48
4732.0,48
4732.0,47
4733.0,47
4734.0,48
4735.0,50
4736.0,48
4736.0,49
4737.0,47
4739.0,49
4740.0,48
4740.0,49
4740.0,50
4742.0,48
4742.0,49
4743.0,47
4744.0,49
4744.0,48
4745.0,47
4745.0,49
4746.0,47
4747.0,50
4748.0,48
4748.0,50
4749.0,47
4750.0,51
4751.0,48
4752.0,49
4752.0,50
4753.0,49
4754.0,47
4755.0,51
4755.0,48
4756.0,51
4756.0,47
4757.0,48
4758.0,49
4760.0,51
4760.0,49
4760.0,47
4761.0,47
4763.0,47
4764.0,47
4764.0,49
4764.0,48
4765.0,49
4766.0,47
4768.0,48
4768.0,51
4770.0,48
4770.0,49
4771.0,48
4772.0,48
4772.0,49
4773.0,47
4774.0,50
4774.0,48
4775.0,51
4776.0,48
4776.0,49
4776.0,50
4777.0,47
4778.0,47
4779.0,49
4780.0,51
4780.0,49
4782.0,48
4782.0,49
4783.0,47
4784.0,49
4784.0,51
4785.0,48
4785.0,49
4786.0,49
4787.0,50
4788.0,48
4788.0,50
4789.0,47
4790.0,49
4790.0,51
4791.0,48
4792.0,51
4792.0,49
4793.0,49
4794.0,48
4795.0,51
4796.0,51
4796.0,49
4797.0,48
4798.0,49
4800.0,48
4801.0,48
4802.0,48
4803.0,48
4804.0,48
4805.0,48
4806.0,48
4808.0,49
4808.0,48
4810.0,48
4810.0,49
4811.0,49
4812.0,48
4812.0,49
4813.0,48
4814.0,49
4815.0,48
4816.0,48
4816.0,50
4816.0,49
4817.0,48
4819.0,50
4820.0,50
4820.0,49
4820.0,48
4822.0,50
4822.0,49
4823.0,48
4824.0,49
4824.0,48
4825.0,50
4826.0,48
4827.0,51
4828.0,49
4828.0,51
4829.0,48
4830.0,48
4831.0,49
4832.0,49
4832.0,50
4832.0,48
4833.0,50
4834.0,48
4835.0,52
4836.0,52
4837.0,49
4838.0,50
4840.0,48
4840.0,49
4840.0,50
4841.0,48
4843.0,48
4844.0,48
4844.0,50
4844.0,49
4846.0,48
4848.0,49
4848.0,48
4850.0,49
4850.0,50
4851.0,49
4852.0,49
4852.0,48
4853.0,48
4854.0,49
4854.0,51
4855.0,49
4856.0,49
4856.0,51
4856.0,50
4857.0,48
4858.0,48
4859.0,50
4860.0,48
4860.0,49
4860.0,50
4862.0,49
4862.0,50
4863.0,48
4864.0,49
4864.0,50
4865.0,50
4865.0,48
4866.0,50
4867.0,51
4868.0,51
4868.0,48
4869.0,48
4870.0,49
4870.0,52
4871.0,49
4872.0,52
4873.0,50
4874.0,49
4875.0,52
4876.0,50
4876.0,52
4877.0,49
4878.0,50
4880.0,48
4880.0,49
4880.0,50
4881.0,48
4882.0,48
4883.0,48
4884.0,48
4885.0,48
4886.0,48
4888.0,49
4888.0,50
4888.0,48
4890.0,49
4891.0,49
4892.0,49
4892.0,48
4893.0,48
4894.0,49
4895.0,50
4896.0,50
4896.0,49
4897.0,48
4899.0,50
4900.0,50
4900.0,49
4902.0,50
4902.0,49
4903.0,48
4904.0,48
4904.0,49
4905.0,50
4906.0,48
4907.0,51
4908.0,51
4908.0,49
4909.0,48
4910.0,49
4910.0,50
4911.0,49
4912.0,51
4912.0,49
4912.0,50
4913.0,50
4914.0,48
4915.0,52
4915.0,48
4916.0,52
4916.0,48
4917.0,49
4918.0,50
4920.0,48
4920.0,50
4920.0,49
4921.0,48
4923.0,48
4924.0,49
4924.0,48
4924.0,50
4925.0,50
4926.0,48
4928.0,49
4928.0,50
4930.0,48
4930.0,50
4930.0,49
4931.0,49
4932.0,50
4932.0,49
4933.0,48
4934.0,49
4934.0,51
4935.0,51
4936.0,51
4936.0,50
4936.0,48
4937.0,48
4938.0,48
4939.0,50
4940.0,49
4940.0,50
4940.0,51
4940.0,52
4942.0,50
4942.0,49
4943.0,48
4944.0,52
4945.0,48
4945.0,50
4946.0,50
4947.0,51
4948.0,49
4948.0,51
4949.0,48
4950.0,52
4951.0,49
4952.0,52
4952.0,50
4953.0,50
4954.0,49
4955.0,52
4955.0,49
4956.0,50
4956.0,52
4957.0,49
4958.0,50
4960.0,48
4960.0,49
4960.0,50
4961.0,48
4962.0,48
4963.0,48
4964.0,48
4965.0,50
4966.0,48
4968.0,49
4968.0,48
4970.0,48
4970.0,49
4971.0,49
4972.0,48
4972.0,49
4973.0,48
4974.0,49
4975.0,52
4976.0,49
4976.0,50
4976.0,48
4977.0,48
4979.0,50
4980.0,49
4980.0,52
4980.0,50
4982.0,50
4982.0,49
4983.0,48
4984.0,48
4984.0,49
4985.0,49
4985.0,50
4986.0,48
4987.0,51
4988.0,51
4988.0,49
4989.0,48
4990.0,50
4991.0,49
4992.0,50
4992.0,49
4993.0,50
4994.0,48
4995.0,52
4996.0,52
4997.0,49
4998.0,50
5000.0,50
5000.0,49
5000.0,48
5001.0,48
5003.0,48
5004.0,50
5004.0,48
5004.0,49
5005.0,48
5006.0,48
5008.0,49
5010.0,50
5010.0,49
5011.0,49
5012.0,48
5012.0,49
5013.0,48
5014.0,51
5014.0,49
5015.0,48
5016.0,50
5016.0,51
5016.0,49
5017.0,48
5018.0,48
5019.0,50
5020.0,49
5020.0,50
5020.0,48
5022.0,50
5022.0,49
5023.0,48
5024.0,51
5024.0,50
5025.0,50
5026.0,50
5027.0,51
5028.0,48
5028.0,51
5029.0,48
5030.0,48
5030.0,52
5031.0,49
5032.0,52
5032.0,48
5033.0,50
5034.0,49
5035.0,52
5036.0,50
5036.0,52
5037.0,49
5038.0,50
5040.0,50
5040.0,49
5040.0,48
5041.0,48
5042.0,48
5043.0,48
5044.0,48
5046.0,48
5048.0,48
5048.0,49
5048.0,50
5050.0,50
5050.0,49
5051.0,49
5052.0,48
5052.0,49
5053.0,48
5054.0,49
5055.0,49
5056.0,50
5056.0,49
5057.0,48
5059.0,50
5060.0,50
5060.0,49
5060.0,48
5062.0,49
5062.0,50
5063.0,48
5064.0,50
5064.0,49
5065.0,48
5065.0,50
5066.0,48
5067.0,51
5068.0,51
5068.0,49
5069.0,48
5070.0,51
5070.0,49
5071.0,49
5072.0,51
5072.0,50
5073.0,50
5074.0,48
5075.0,52
5076.0,52
5076.0,48
5077.0,49
5078.0,50
5080.0,48
5080.0,49
5080.0,51
5080.0,52
5080.0,50
5081.0,48
5083.0,48
5084.0,49
5084.0,50
5084.0,48
5085.0,48
5086.0,48
5088.0,52
5088.0,49
5090.0,48
5090.0,49
5090.0,50
5091.0,49
5092.0,50
5092.0,49
5093.0,48
5094.0,49
5094.0,51
5095.0,50
5096.0,49
5096.0,51
5096.0,50
5097.0,48
5098.0,48
5099.0,50
5100.0,50
5100.0,52
5102.0,50
5102.0,49
5103.0,48
5104.0,50
5104.0,52
5105.0,50
5106.0,50
5107.0,51
5108.0,49
5108.0,51
5109.0,48
5110.0,49
5110.0,50
5110.0,52
5111.0,49
5112.0,50
5112.0,52
5113.0,50
5114.0,49
5115.0,52
5115.0,48
5116.0,50
5116.0,52
5117.0,49
5118.0,50
5120.0,49
5120.0,48
5120.0,50
5121.0,48
5122.0,48
5123.0,48
5124.0,48
5125.0,50
5126.0,48
5128.0,49
5128.0,48
5130.0,49
5130.0,50
5131.0,49
5132.0,49
5132.0,48
5133.0,48
5134.0,49
5135.0,51
5136.0,48
5136.0,49
5136.0,50
5137.0,48
5139.0,50
5140.0,48
5140.0,51
5140.0,49
5140.0,50
5142.0,49
5142.0,50
5143.0,48
5144.0,48
5144.0,49
5145.0,50
5145.0,48
5146.0,48
5147.0,51
5148.0,49
5148.0,51
5149.0,48
5150.0,52
5151.0,49
5152.0,48
5152.0,49
5152.0,50
5153.0,50
5154.0,48
5155.0,49
5155.0,52
5156.0,52
5157.0,49
5158.0,50
5160.0,48
5160.0,49
5160.0,52
5160.0,50
5161.0,48
5163.0,48
5164.0,49
5164.0,48
5164.0,50
5165.0,50
5166.0,48
5168.0,49
5168.0,48
5170.0,49
5170.0,50
5171.0,49
5172.0,48
5172.0,49
5173.0,48
5174.0,49
5174.0,51
5175.0,52
5176.0,51
5176.0,50
5176.0,49
5177.0,48
5178.0,48
5179.0,50
5180.0,50
5180.0,52
5182.0,49
5182.0,50
5183.0,48
5184.0,50
5184.0,49
5185.0,50
5185.0,49
5186.0,50
5187.0,51
5188.0,51
5188.0,48
5189.0,48
5190.0,52
5190.0,50
5191.0,49
5192.0,52
5193.0,50
5194.0,49
5195.0,52
5196.0,52
5196.0,50
5197.0,49
5198.0,50
5200.0,50
5200.0,48
5200.0,49
5201.0,48
5202.0,48
5203.0,48
5204.0,48
5205.0,48
5206.0,48
5208.0,48
5208.0,50
5208.0,49
5210.0,49
5210.0,48
5211.0,49
5212.0,48
5212.0,49
5213.0,48
5214.0,49
5215.0,48
5216.0,49
5216.0,50
5217.0,48
5219.0,50
5220.0,48
5220.0,50
5220.0,49
5222.0,50
5222.0,49
5223.0,48
5224.0,48
5224.0,49
5225.0,50
5226.0,48
5227.0,51
5228.0,51
5228.0,49
5229.0,48
5230.0,48
5231.0,49
5232.0,50
5232.0,51
5232.0,49
5233.0,50
5234.0,48
5235.0,52
5236.0,48
5236.0,52
5237.0,49
5238.0,50
5240.0,49
5240.0,50
5240.0,48
5241.0,48
5243.0,48
5244.0,49
5244.0,50
5244.0,48
5246.0,48
5248.0,50
5248.0,49
5250.0,50
5250.0,49
5251.0,49
5252.0,49
5252.0,50
5253.0,48
5254.0,51
5254.0,49
5255.0,49
5256.0,51
5256.0,48
5256.0,50
5257.0,48
5258.0,48
5259.0,50
5260.0,49
5260.0,48
5260.0,52
5260.0,50
5262.0,49
5262.0,50
5263.0,48
5264.0,52
5265.0,48
5265.0,50
5266.0,50
5267.0,51
5268.0,51
5268.0,49
5269.0,48
5270.0,52
5270.0,49
5271.0,49
5272.0,50
5272.0,52
5273.0,50
5274.0,49
5275.0,52
5276.0,52
5276.0,50
5277.0,49
5278.0,50
5280.0,49
5280.0,48
5280.0,50
5281.0,48
5282.0,48
5283.0,48
5284.0,48
5285.0,48
5286.0,48
5288.0,48
5288.0,49
5290.0,49
5291.0,49
5292.0,48
5292.0,49
5293.0,48
5294.0,49
5295.0,50
5296.0,48
5296.0,49
5296.0,50
5297.0,48
5299.0,50
5300.0,50
5300.0,49
5302.0,49
5302.0,50
5303.0,48
5304.0,48
5304.0,49
5305.0,50
5306.0,48
5307.0,51
5308.0,51
5308.0,49
5309.0,48
5310.0,50
5310.0,49
5311.0,49
5312.0,49
5312.0,50
5313.0,50
5314.0,48
5315.0,48
5315.0,52
5316.0,52
5317.0,49
5318.0,50
5320.0,49
5320.0,48
5320.0,50
5321.0,48
5323.0,48
5324.0,50
5324.0,49
5324.0,48
5325.0,50
5326.0,48
5328.0,49
5330.0,49
5330.0,50
5330.0,48
5331.0,49
5332.0,48
5332.0,49
5333.0,48
5334.0,49
5334.0,51
5335.0,51
5336.0,49
5336.0,51
5336.0,50
5337.0,48
5338.0,48
5339.0,50
5340.0,50
5340.0,49
5340.0,51
5342.0,49
5342.0,50
5343.0,48
5344.0,51
5344.0,50
5345.0,50
5345.0,48
5346.0,50
5347.0,51
5348.0,48
5348.0,51
5349.0,48
5350.0,52
5351.0,49
5352.0,48
5352.0,52
5353.0,50
5354.0,49
5355.0,52
5355.0,49
5356.0,50
5356.0,52
5357.0,49
5358.0,50
5360.0,48
5360.0,50
5360.0,51
5360.0,49
5361.0,48
5362.0,48
5363.0,48
5364.0,48
5365.0,50
5366.0,48
5368.0,49
5368.0,48
5368.0,50
5370.0,48
5370.0,49
5371.0,49
5372.0,48
5372.0,49
5373.0,48
5374.0,49
5375.0,52
5376.0,50
5376.0,49
5377.0,48
5379.0,50
5380.0,49
5380.0,50
5380.0,48
5380.0,52
5382.0,49
5382.0,50
5383.0,48
5384.0,50
5384.0,49
5385.0,49
5385.0,50
5386.0,48
5387.0,51
5388.0,49
5388.0,51
5389.0,48
5390.0,50
5391.0,49
5392.0,50
5392.0,51
5393.0,50
5394.0,48
5395.0,52
5396.0,48
5396.0,52
5397.0,49
5398.0,50
5400.0,48
5400.0,50
5400.0,52
5401.0,48
5403.0,48
5404.0,50
5404.0,49
5404.0,48
5405.0,48
5406.0,48
5408.0,52
5408.0,49
5410.0,49
5410.0,50
5411.0,49
5412.0,49
5412.0,50
5413.0,48
5414.0,51
5414.0,49
5415.0,48
5416.0,51
5416.0,50
5416.0,49
5417.0,48
5418.0,48
5419.0,50
5420.0,50
5420.0,49
5420.0,48
5420.0,52
5422.0,50
5422.0,49
5423.0,48
5424.0,50
5424.0,52
5425.0,50
5426.0,50
5427.0,51
5428.0,49
5428.0,51
5429.0,48
5430.0,52
5430.0,48
5431.0,49
5432.0,50
5432.0,52
5433.0,50
5434.0,49
5435.0,52
5436.0,52
5436.0,50
5437.0,49
5438.0,50
5440.0,48
5440.0,49
5440.0,50
5441.0,48
5442.0,48
5443.0,48
5444.0,48
5446.0,48
5448.0,49
5448.0,48
5450.0,49
5450.0,50
5451.0,49
5452.0,48
5452.0,49
5453.0,48
5454.0,49
5455.0,49
5456.0,50
5456.0,48
5456.0,49
5457.0,48
5459.0,50
5460.0,50
5460.0,49
5462.0,49
5462.0,50
5463.0,48
5464.0,48
5464.0,49
5465.0,48
5465.0,50
5466.0,48
5467.0,51
5468.0,49
5468.0,51
5469.0,48
5470.0,51
5470.0,49
5471.0,49
5472.0,49
5472.0,48
5472.0,50
5473.0,50
5474.0,48
5475.0,52
5476.0,52
5477.0,49
5478.0,50
5480.0,48
5480.0,50
5480.0,49
5480.0,51
5481.0,48
5483.0,48
5484.0,48
5484.0,50
5484.0,49
5485.0,48
5486.0,48
5488.0,48
5488.0,49
5490.0,49
5490.0,48
5490.0,50
5491.0,49
5492.0,49
5492.0,48
5493.0,48
5494.0,51
5494.0,49
5495.0,50
5496.0,51
5496.0,50
5496.0,49
5497.0,48
5498.0,48
5499.0,50
5500.0,52
5500.0,50
5502.0,50
5502.0,49
5503.0,48
5504.0,50
5504.0,49
5505.0,50
5506.0,50
5507.0,51
5508.0,51
5508.0,48
5509.0,48
5510.0,50
5510.0,49
5510.0,52
5511.0,49
5512.0,52
5513.0,50
5514.0,49
5515.0,52
5515.0,48
5516.0,52
5516.0,50
5517.0,49
5518.0,50
5520.0,50
5520.0,49
5520.0,48
5520.0,52
5521.0,48
5522.0,48
5523.0,48
5524.0,48
5525.0,50
5526.0,48
5528.0,50
5528.0,48
5528.0,49
5530.0,50
5530.0,49
5531.0,49
5532.0,49
5532.0,48
5533.0,48
5534.0,49
5535.0,51
5536.0,50
5536.0,49
5537.0,48
5539.0,50
5540.0,51
5540.0,49
5540.0,50
5542.0,49
5542.0,50
5543.0,48
5544.0,48
5544.0,49
5545.0,48
5545.0,50
5546.0,48
5547.0,51
5548.0,51
5548.0,49
5549.0,48
5550.0,52
5551.0,49
5552.0,51
5552.0,49
5552.0,50
5553.0,50
5554.0,48
5555.0,49
5555.0,52
5556.0,52
5556.0,48
5557.0,49
5558.0,50
5560.0,48
5560.0,52
5560.0,50
5561.0,48
5563.0,48
5564.0,50
5564.0,49
5564.0,48
5565.0,50
5566.0,48
5568.0,50
5568.0,49
5570.0,50
5570.0,49
5571.0,49
5572.0,49
5572.0,50
5573.0,48
5574.0,51
5574.0,49
5575.0,52
5576.0,48
5576.0,50
5576.0,51
5577.0,48
5578.0,48
5579.0,50
5580.0,50
5580.0,52
5582.0,49
5582.0,50
5583.0,48
5584.0,52
5585.0,50
5585.0,49
5586.0,50
5587.0,51
5588.0,51
5588.0,49
5589.0,48
5590.0,50
5590.0,52
5591.0,49
5592.0,50
5592.0,52
5593.0,50
5594.0,49
5595.0,52
5596.0,50
5596.0,52
5597.0,49
5598.0,50
5600.0,48
5600.0,50
5601.0,48
5602.0,48
5603.0,48
5604.0,48
5605.0,48
5606.0,48
5608.0,49
5608.0,48
5610.0,49
5610.0,48
5611.0,49
5612.0,48
5612.0,49
5613.0,48
5614.0,49
5615.0,48
5616.0,49
5616.0,50
5616.0,48
5617.0,48
5619.0,50
5620.0,50
5620.0,49
5620.0,48
5622.0,50
5622.0,49
5623.0,48
5624.0,49
5624.0,48
5625.0,50
5626.0,48
5627.0,51
5628.0,49
5628.0,51
5629.0,48
5630.0,48
5631.0,49
5632.0,49
5632.0,50
5633.0,50
5634.0,48
5635.0,52
5636.0,52
5637.0,49
5638.0,50
5640.0,50
5640.0,49
5640.0,48
5641.0,48
5643.0,48
5644.0,49
5644.0,48
5644.0,50
5646.0,48
5648.0,49
5650.0,50
5650.0,49
5651.0,49
5652.0,49
5652.0,48
5653.0,48
5654.0,51
5654.0,49
5655.0,49
5656.0,51
5656.0,50
5656.0,49
5657.0,48
5658.0,48
5659.0,50
5660.0,49
5660.0,48
5660.0,50
5662.0,50
5662.0,49
5663.0,48
5664.0,50
5664.0,51
5665.0,48
5665.0,50
5666.0,50
5667.0,51
5668.0,51
5668.0,48
5669.0,48
5670.0,49
5670.0,52
5671.0,49
5672.0,48
5672.0,52
5673.0,50
5674.0,49
5675.0,52
5676.0,52
5676.0,50
5677.0,49
5678.0,50
5680.0,48
5680.0,50
5680.0,49
5681.0,48
5682.0,48
5683.0,48
5684.0,48
5685.0,48
5686.0,48
5688.0,49
5688.0,48
5688.0,50
5690.0,49
5691.0,49
5692.0,49
5692.0,48
5693.0,48
5694.0,49
5695.0,50
5696.0,50
5696.0,49
5697.0,48
5699.0,50
5700.0,50
5700.0,49
5702.0,50
5702.0,49
5703.0,48
5704.0,49
5704.0,50
5705.0,50
5706.0,48
5707.0,51
5708.0,51
5708.0,49
5709.0,48
5710.0,50
5710.0,49
5711.0,49
5712.0,50
5712.0,51
5713.0,50
5714.0,48
5715.0,52
5715.0,48
5716.0,52
5716.0,48
5717.0,49
5718.0,50
5720.0,49
5720.0,48
5720.0,50
5720.0,52
5721.0,48
5723.0,48
5724.0,48
5724.0,49
5724.0,50
5725.0,50
5726.0,48
5728.0,49
5728.0,52
5730.0,48
5730.0,49
5730.0,50
5731.0,49
5732.0,50
5732.0,49
5733.0,48
5734.0,51
5734.0,49
5735.0,51
5736.0,50
5736.0,51
5736.0,49
5737.0,48
5738.0,48
5739.0,50
5740.0,51
5740.0,50
5740.0,52
5740.0,49
5742.0,49
5742.0,50
5743.0,48
5744.0,50
5744.0,52
5745.0,50
5745.0,48
5746.0,50
5747.0,51
5748.0,51
5748.0,49
5749.0,48
5750.0,52
5751.0,49
5752.0,50
5752.0,52
5753.0,50
5754.0,49
5755.0,49
5755.0,52
5756.0,52
5756.0,50
5757.0,49
5758.0,50
5760.0,49
5760.0,50
5760.0,48
5761.0,48
5762.0,48
5763.0,48
5764.0,48
5765.0,50
5766.0,48
5768.0,48
5768.0,49
5770.0,49
5770.0,48
5771.0,49
5772.0,48
5772.0,49
5773.0,48
5774.0,49
5775.0,52
5776.0,50
5776.0,48
5776.0,49
5777.0,48
5779.0,50
5780.0,49
5780.0,50
5780.0,52
5782.0,49
5782.0,50
5783.0,48
5784.0,48
5784.0,49
5785.0,49
5785.0,50
5786.0,48
5787.0,51
5788.0,49
5788.0,51
5789.0,48
5790.0,50
5791.0,49
5792.0,50
5792.0,49
5792.0,48
5793.0,50
5794.0,48
5795.0,52
5796.0,52
5797.0,49
5798.0,50
5800.0,48
5800.0,50
5800.0,49
5801.0,48
5803.0,48
5804.0,49
5804.0,48
5804.0,50
5805.0,48
5806.0,48
5808.0,49
5808.0,48
5810.0,50
5810.0,49
5811.0,49
5812.0,48
5812.0,49
5813.0,48
5814.0,49
5814.0,51
5815.0,48
5816.0,49
5816.0,51
5816.0,50
5817.0,48
5818.0,48
5819.0,50
5820.0,50
5820.0,49
5820.0,48
5822.0,49
5822.0,50
5823.0,48
5824.0,50
5824.0,49
5825.0,50
5826.0,50
5827.0,51
5828.0,51
5828.0,48
5829.0,48
5830.0,48
5830.0,52
5831.0,49
5832.0,52
5833.0,50
5834.0,49
5835.0,52
5836.0,50
5836.0,52
5837.0,49
5838.0,50
5840.0,50
5840.0,49
5840.0,48
5841.0,48
5842.0,48
5843.0,48
5844.0,48
5846.0,48
5848.0,48
5848.0,49
5848.0,50
5850.0,49
5850.0,50
5851.0,49
5852.0,48
5852.0,49
5853.0,48
5854.0,49
5855.0,49
5856.0,49
5856.0,50
5857.0,48
5859.0,50
5860.0,50
5860.0,49
5860.0,48
5862.0,49
5862.0,50
5863.0,48
5864.0,48
5864.0,49
5865.0,48
5865.0,50
5866.0,48
5867.0,51
5868.0,51
5868.0,49
5869.0,48
5870.0,49
5870.0,51
5871.0,49
5872.0,50
5872.0,49
5872.0,51
5873.0,50
5874.0,48
5875.0,52
5876.0,48
5876.0,52
5877.0,49
5878.0,50
5880.0,48
5880.0,49
5880.0,50
5880.0,51
5881.0,48
5883.0,48
5884.0,50
5884.0,48
5884.0,49
5885.0,48
5886.0,48
5888.0,49
5888.0,50
5890.0,49
5890.0,48
5890.0,50
5891.0,49
5892.0,49
5892.0,50
5893.0,48
5894.0,49
5894.0,51
5895.0,50
5896.0,50
5896.0,51
5896.0,48
5897.0,48
5898.0,48
5899.0,50
5900.0,52
5900.0,50
5902.0,50
5902.0,49
5903.0,48
5904.0,52
5905.0,50
5906.0,50
5907.0,51
5908.0,51
5908.0,49
5909.0,48
5910.0,52
5910.0,50
5910.0,49
5911.0,49
5912.0,52
5912.0,50
5913.0,50
5914.0,49
5915.0,52
5915.0,48
5916.0,50
5916.0,52
5917.0,49
5918.0,50
5920.0,48
5920.0,51
5920.0,50
5921.0,48
5922.0,48
5923.0,48
5924.0,48
5925.0,50
5926.0,48
5928.0,48
5928.0,49
5930.0,49
5930.0,50
5931.0,49
5932.0,48
5932.0,49
5933.0,48
5934.0,49
5935.0,51
5936.0,48
5936.0,49
5936.0,50
5937.0,48
5939.0,50
5940.0,49
5940.0,50
5940.0,48
5940.0,51
5942.0,49
5942.0,50
5943.0,48
5944.0,49
5944.0,48
5945.0,50
5945.0,48
5946.0,48
5947.0,51
5948.0,49
5948.0,51
5949.0,48
5950.0,52
5951.0,49
5952.0,50
5952.0,49
5953.0,50
5954.0,48
5955.0,49
5955.0,52
5956.0,52
5957.0,49
5958.0,50
5960.0,48
5960.0,49
5960.0,50
5960.0,52
5961.0,48
5963.0,48
5964.0,50
5964.0,49
5964.0,48
5965.0,50
5966.0,48
5968.0,49
5970.0,50
5970.0,49
5971.0,49
5972.0,49
5972.0,48
5973.0,48
5974.0,49
5974.0,51
5975.0,52
5976.0,50
5976.0,49
5976.0,51
5977.0,48
5978.0,48
5979.0,50
5980.0,50
5980.0,52
5982.0,49
5982.0,50
5983.0,48
5984.0,51
5984.0,50
5985.0,49
5985.0,50
5986.0,50
5987.0,51
5988.0,48
5988.0,51
5989.0,48
5990.0,50
5990.0,52
5991.0,49
5992.0,52
5992.0,48
5993.0,50
5994.0,49
5995.0,52
5996.0,52
5996.0,50
5997.0,49
5998.0,50
6000.0,50
6000.0,48
6001.0,48
6002.0,48
6003.0,48
6004.0,48
6005.0,48
6006.0,48
6008.0,50
6008.0,49
6008.0,48
6010.0,49
6010.0,48
6011.0,49
6012.0,48
6012.0,49
6013.0,48
6014.0,49
6015.0,48
6016.0,50
6016.0,49
6017.0,48
6019.0,50
6020.0,48
6020.0,50
6020.0,49
6022.0,50
6022.0,49
6023.0,48
6024.0,49
6024.0,50
6025.0,50
6026.0,48
6027.0,51
6028.0,49
6028.0,51
6029.0,48
6030.0,48
6031.0,49
6032.0,51
6032.0,50
6033.0,50
6034.0,48
6035.0,52
6036.0,48
6036.0,52
6037.0,49
6038.0,50
6040.0,50
6040.0,52
6040.0,49
6040.0,48
6041.0,48
6043.0,48
6044.0,50
6044.0,49
6044.0,48
6046.0,48
6048.0,49
6048.0,52
6050.0,49
6050.0,50
6051.0,49
6052.0,49
6052.0,50
6053.0,48
6054.0,49
6054.0,51
6055.0,49
6056.0,51
6056.0,50
6056.0,49
6057.0,48
6058.0,48
6059.0,50
6060.0,48
6060.0,49
6060.0,52
6060.0,50
6062.0,49
6062.0,50
6063.0,48
6064.0,52
6064.0,50
6065.0,48
6065.0,50
6066.0,50
6067.0,51
6068.0,51
6068.0,49
6069.0,48
6070.0,52
6070.0,49
6071.0,49
6072.0,50
6072.0,52
6073.0,50
6074.0,49
6075.0,52
6076.0,52
6076.0,50
6077.0,49
6078.0,50
6080.0,48
6080.0,49
6080.0,50
6081.0,48
6082.0,48
6083.0,48
6084.0,48
6085.0,48
6086.0,48
6088.0,48
6088.0,49
6090.0,49
6091.0,49
6092.0,48
6092.0,49
6093.0,48
6094.0,49
6095.0,50
6096.0,48
6096.0,50
6096.0,49
6097.0,48
6099.0,50
6100.0,49
6100.0,50
6102.0,49
6102.0,50
6103.0,48
6104.0,48
6104.0,49
6105.0,50
6106.0,48
6107.0,51
6108.0,49
6108.0,51
6109.0,48
6110.0,49
6110.0,50
6111.0,49
6112.0,48
6112.0,49
6112.0,50
6113.0,50
6114.0,48
6115.0,52
6115.0,48
6116.0,52
6117.0,49
6118.0,50
6120.0,50
6120.0,48
6120.0,49
6121.0,48
6123.0,48
6124.0,49
6124.0,50
6124.0,48
6125.0,50
6126.0,48
6128.0,48
6128.0,49
6130.0,49
6130.0,48
6130.0,50
6131.0,49
6132.0,49
6132.0,48
6133.0,48
6134.0,51
6134.0,49
6135.0,51
6136.0,49
6136.0,51
6136.0,50
6137.0,48
6138.0,48
6139.0,50
6140.0,51
6140.0,50
6140.0,49
6142.0,50
6142.0,49
6143.0,48
6144.0,50
6144.0,49
6145.0,50
6145.0,48
6146.0,50
6147.0,51
6148.0,48
6148.0,51
6149.0,48
6150.0,52
6151.0,49
6152.0,52
6153.0,50
6154.0,49
6155.0,52
6155.0,49
6156.0,50
6156.0,52
6157.0,49
6158.0,50
6160.0,50
6160.0,48
6160.0,51
6160.0,49
6161.0,48
6162.0,48
6163.0,48
6164.0,48
6165.0,50
6166.0,48
6168.0,49
6168.0,48
6168.0,50
6170.0,48
6170.0,49
6171.0,49
6172.0,49
6172.0,48
6173.0,48
6174.0,49
6175.0,52
6176.0,50
6176.0,49
6177.0,48
6179.0,50
6180.0,50
6180.0,48
6180.0,52
6180.0,49
6182.0,49
6182.0,50
6183.0,48
6184.0,48
6184.0,49
6185.0,50
6185.0,49
6186.0,48
6187.0,51
6188.0,49
6188.0,51
6189.0,48
6190.0,50
6191.0,49
6192.0,50
6192.0,49
6192.0,51
6193.0,50
6194.0,48
6195.0,52
6196.0,48
6196.0,52
6197.0,49
6198.0,50
6200.0,48
6200.0,52
6200.0,50
6201.0,48
6203.0,48
6204.0,49
6204.0,50
6204.0,48
6205.0,48
6206.0,48
6208.0,50
6208.0,49
6210.0,50
6210.0,49
6211.0,49
6212.0,50
6212.0,49
6213.0,48
6214.0,51
6214.0,49
6215.0,48
6216.0,50
6216.0,48
6216.0,51
6217.0,48
6218.0,48
6219.0,50
6220.0,49
6220.0,50
6220.0,52
6220.0,48
6222.0,50
6222.0,49
6223.0,48
6224.0,52
6225.0,50
6226.0,50
6227.0,51
6228.0,51
6228.0,49
6229.0,48
6230.0,52
6230.0,48
6231.0,49
6232.0,52
6232.0,50
6233.0,50
6234.0,49
6235.0,52
6236.0,52
6236.0,50
6237.0,49
6238.0,50
6240.0,50
6240.0,48
6240.0,49
6240.0,52
6241.0,48
6242.0,48
6243.0,48
6244.0,48
6246.0,48
6248.0,48
6248.0,49
6250.0,49
6250.0,50
6251.0,49
6252.0,49
6252.0,48
6253.0,48
6254.0,49
6255.0,49
6256.0,48
6256.0,50
6256.0,49
6257.0,48
6259.0,50
6260.0,50
6260.0,49
6262.0,49
6262.0,50
6263.0,48
6264.0,49
6264.0,48
6265.0,50
6265.0,48
6266.0,48
6267.0,51
6268.0,51
6268.0,49
6269.0,48
6270.0,49
6270.0,51
6271.0,49
6272.0,50
6272.0,49
6273.0,50
6274.0,48
6275.0,52
6276.0,52
6277.0,49
6278.0,50
6280.0,48
6280.0,49
6280.0,50
6280.0,51
6281.0,48
6283.0,48
6284.0,49
6284.0,48
6284.0,50
6285.0,48
6286.0,48
6288.0,49
6290.0,50
6290.0,49
6290.0,48
6291.0,49
6292.0,48
6292.0,49
6293.0,48
6294.0,49
6294.0,51
6295.0,50
6296.0,50
6296.0,51
6296.0,49
6297.0,48
6298.0,48
6299.0,50
6300.0,52
6300.0,50
6302.0,50
6302.0,49
6303.0,48
6304.0,50
6304.0,51
6305.0,50
6306.0,50
6307.0,51
6308.0,48
6308.0,51
6309.0,48
6310.0,50
6310.0,49
6310.0,52
6311.0,49
6312.0,48
6312.0,52
6313.0,50
6314.0,49
6315.0,48
6315.0,52
6316.0,50
6316.0,52
6317.0,49
6318.0,50
6320.0,48
6320.0,52
6320.0,50
6321.0,48
6322.0,48
6323.0,48
6324.0,48
6325.0,50
6326.0,48
6328.0,49
6328.0,48
6328.0,50
6330.0,49
6330.0,50
6331.0,49
6332.0,49
6332.0,48
6333.0,48
6334.0,49
6335.0,51
6336.0,49
6336.0,50
6337.0,48
6339.0,50
6340.0,49
6340.0,50
6340.0,51
6342.0,49
6342.0,50
6343.0,48
6344.0,50
6344.0,49
6345.0,48
6345.0,50
6346.0,48
6347.0,51
6348.0,49
6348.0,51
6349.0,48
6350.0,52
6351.0,49
6352.0,50
6352.0,51
6353.0,50
6354.0,48
6355.0,52
6355.0,49
6356.0,52
6356.0,48
6357.0,49
6358.0,50
6360.0,52
6360.0,50
6360.0,48
6361.0,48
6363.0,48
6364.0,48
6364.0,50
6364.0,49
6365.0,50
6366.0,48
6368.0,49
6368.0,52
6370.0,49
6370.0,50
6371.0,49
6372.0,49
6372.0,50
6373.0,48
6374.0,51
6374.0,49
6375.0,52
6376.0,49
6376.0,50
6376.0,51
6377.0,48
6378.0,48
6379.0,50
6380.0,52
6380.0,50
6382.0,49
6382.0,50
6383.0,48
6384.0,50
6384.0,52
6385.0,49
6385.0,50
6386.0,50
6387.0,51
6388.0,49
6388.0,51
6389.0,48
6390.0,50
6390.0,52
6391.0,49
6392.0,52
6392.0,50
6393.0,50
6394.0,49
6395.0,52
6396.0,50
6396.0,52
6397.0,49
6398.0,50
